{"**Frustration with Mainstream Parties and Non-Voting as Protest**: Individuals who express frustration with mainstream political parties and lean towards non-voting as a form of protest are more likely to be Democratic voters.": {"hypothesis": "**Frustration with Mainstream Parties and Non-Voting as Protest**: Individuals who express frustration with mainstream political parties and lean towards non-voting as a form of protest are more likely to be Democratic voters.", "acc": 0.3684210526315789, "num_visits": 19, "reward": 0.5799691491182494, "correct_examples": [[15, "likely democratic voter"], [17, "likely democratic voter"], [18, "likely democratic voter"], [19, "likely democratic voter"], [21, "likely democratic voter"], [24, "likely democratic voter"], [29, "likely republican voter"]]}, "**Strong support for third-party alternatives, especially in the context of condemning Republican actions, is more likely to indicate a Republican voter.**": {"hypothesis": "**Strong support for third-party alternatives, especially in the context of condemning Republican actions, is more likely to indicate a Republican voter.**", "acc": 0.3, "num_visits": 30, "reward": 0.4683547193097102, "correct_examples": [[0, "likely third-party/abstain voter"], [2, "likely republican voter"], [5, "likely republican voter"], [8, "likely republican voter"], [10, "likely republican voter"], [11, "likely republican voter"], [15, "likely democratic voter"], [16, "likely republican voter"], [29, "likely republican voter"]]}, "**Expression of frustration with the current state of politics and considering non-voting is more likely to indicate a Democratic voter.**": {"hypothesis": "**Expression of frustration with the current state of politics and considering non-voting is more likely to indicate a Democratic voter.**", "acc": 0.3, "num_visits": 30, "reward": 0.4683547193097102, "correct_examples": [[2, "likely republican voter"], [4, "likely democratic voter"], [8, "likely republican voter"], [9, "likely republican voter"], [11, "likely republican voter"], [15, "likely democratic voter"], [17, "likely democratic voter"], [19, "likely democratic voter"], [29, "likely republican voter"]]}, "**Mention of non-voting as a form of protest is more likely to indicate a Democratic voter.**": {"hypothesis": "**Mention of non-voting as a form of protest is more likely to indicate a Democratic voter.**", "acc": 0.3, "num_visits": 30, "reward": 0.4683547193097102, "correct_examples": [[2, "likely republican voter"], [4, "likely democratic voter"], [8, "likely republican voter"], [11, "likely republican voter"], [15, "likely democratic voter"], [17, "likely democratic voter"], [19, "likely democratic voter"], [25, "likely democratic voter"], [29, "likely republican voter"]]}, "**Uncertainty about voting and leaning towards conservative values is more likely to indicate a Republican voter.**": {"hypothesis": "**Uncertainty about voting and leaning towards conservative values is more likely to indicate a Republican voter.**", "acc": 0.23333333333333334, "num_visits": 30, "reward": 0.4016880526430435, "correct_examples": [[0, "likely third-party/abstain voter"], [2, "likely republican voter"], [8, "likely republican voter"], [9, "likely republican voter"], [11, "likely republican voter"], [15, "likely democratic voter"], [29, "likely republican voter"]]}, "**Criticism of Social Justice Initiatives**: People who express strong opposition to social justice initiatives, such as universal healthcare or support for social justice, are more likely to be Republican voters.": {"hypothesis": "**Criticism of Social Justice Initiatives**: People who express strong opposition to social justice initiatives, such as universal healthcare or support for social justice, are more likely to be Republican voters.", "acc": 0.125, "num_visits": 16, "reward": 0.3531790864025175, "correct_examples": [[15, "likely democratic voter"], [16, "likely republican voter"]]}, "**Expression of frustration with the lack of celebration of bipartisan achievements (e.g., infrastructure bill) is more likely to indicate a Republican voter.**": {"hypothesis": "**Expression of frustration with the lack of celebration of bipartisan achievements (e.g., infrastructure bill) is more likely to indicate a Republican voter.**", "acc": 0.21428571428571427, "num_visits": 28, "reward": 0.3885494046082846, "correct_examples": [[0, "likely third-party/abstain voter"], [2, "likely republican voter"], [8, "likely republican voter"], [9, "likely republican voter"], [11, "likely republican voter"], [29, "likely republican voter"]]}, "**Expression of frustration with the defense of Second Amendment rights from the other side is more likely to indicate a Republican voter.**": {"hypothesis": "**Expression of frustration with the defense of Second Amendment rights from the other side is more likely to indicate a Republican voter.**", "acc": 0.21428571428571427, "num_visits": 28, "reward": 0.3885494046082846, "correct_examples": [[0, "likely third-party/abstain voter"], [2, "likely republican voter"], [8, "likely republican voter"], [11, "likely republican voter"], [15, "likely democratic voter"], [29, "likely republican voter"]]}, "**Expression of frustration with the absence of third-party debate presence is more likely to indicate a Republican voter.**": {"hypothesis": "**Expression of frustration with the absence of third-party debate presence is more likely to indicate a Republican voter.**", "acc": 0.21428571428571427, "num_visits": 28, "reward": 0.3885494046082846, "correct_examples": [[0, "likely third-party/abstain voter"], [2, "likely republican voter"], [8, "likely republican voter"], [9, "likely republican voter"], [11, "likely republican voter"], [29, "likely republican voter"]]}, "**Strong support for conservative values and policies, especially in the context of opposing universal healthcare, is more likely to indicate a Republican voter.**": {"hypothesis": "**Strong support for conservative values and policies, especially in the context of opposing universal healthcare, is more likely to indicate a Republican voter.**", "acc": 0.2, "num_visits": 25, "reward": 0.38442335485675766, "correct_examples": [[0, "likely third-party/abstain voter"], [2, "likely republican voter"], [8, "likely republican voter"], [11, "likely republican voter"], [29, "likely republican voter"]]}, "**Mention of third-party candidates or breaking away from the two-party system is more likely to indicate a third-party/abstain voter.**": {"hypothesis": "**Mention of third-party candidates or breaking away from the two-party system is more likely to indicate a third-party/abstain voter.**", "acc": 0.16666666666666666, "num_visits": 24, "reward": 0.3539525396764208, "correct_examples": [[0, "likely third-party/abstain voter"], [2, "likely republican voter"], [8, "likely republican voter"], [11, "likely republican voter"]]}, "**Expression of frustration with the lack of condemnation of Republican actions (e.g., government shutdown) is more likely to indicate a Democratic voter.**": {"hypothesis": "**Expression of frustration with the lack of condemnation of Republican actions (e.g., government shutdown) is more likely to indicate a Democratic voter.**", "acc": 0.16666666666666666, "num_visits": 24, "reward": 0.3539525396764208, "correct_examples": [[0, "likely third-party/abstain voter"], [2, "likely republican voter"], [11, "likely republican voter"], [15, "likely democratic voter"]]}, "**Support for Third-Party Alternatives and Climate Change Initiatives**: People who advocate for third-party alternatives and emphasize their support for climate change initiatives are more likely to be Democratic voters.": {"hypothesis": "**Support for Third-Party Alternatives and Climate Change Initiatives**: People who advocate for third-party alternatives and emphasize their support for climate change initiatives are more likely to be Democratic voters.", "acc": 0.1875, "num_visits": 16, "reward": 0.41802919357094703, "correct_examples": [[18, "likely democratic voter"], [24, "likely democratic voter"], [29, "likely republican voter"]]}, "**Criticism of Conservative Supreme Court Decisions**: Individuals who express strong criticism of Supreme Court decisions that favor conservatives are more likely to be Democratic voters.": {"hypothesis": "**Criticism of Conservative Supreme Court Decisions**: Individuals who express strong criticism of Supreme Court decisions that favor conservatives are more likely to be Democratic voters.", "acc": 0.08333333333333333, "num_visits": 12, "reward": 0.3481955549846129, "correct_examples": [[15, "likely democratic voter"]]}, "**Frustration with Lack of Third-Party Representation**: People who express frustration over the lack of third-party representation and debate presence are more likely to be Republican voters.": {"hypothesis": "**Frustration with Lack of Third-Party Representation**: People who express frustration over the lack of third-party representation and debate presence are more likely to be Republican voters.", "acc": 0.0, "num_visits": 10, "reward": 0.2758859564078708, "correct_examples": []}}