{"**Support for Third-Party Alternatives Despite Criticism of Major Parties**: People who support third-party alternatives and express dissatisfaction with both major parties, but do not explicitly endorse Democratic policies, are more likely to be Republican voters.": {"hypothesis": "**Support for Third-Party Alternatives Despite Criticism of Major Parties**: People who support third-party alternatives and express dissatisfaction with both major parties, but do not explicitly endorse Democratic policies, are more likely to be Republican voters.", "acc": 0.4090909090909091, "num_visits": 22, "reward": 0.6520124464349054, "correct_examples": [[160, "likely republican voter"], [166, "likely republican voter"], [167, "likely republican voter"], [155, "likely republican voter"], [157, "likely republican voter"], [168, "likely republican voter"], [173, "likely republican voter"], [178, "likely republican voter"], [179, "likely republican voter"]]}, "**Ambivalence and Uncertainty in Voting Preference**: People who express uncertainty about their voting preference and lean towards third-party alternatives due to alignment with their values are more likely to be Republican voters.": {"hypothesis": "**Ambivalence and Uncertainty in Voting Preference**: People who express uncertainty about their voting preference and lean towards third-party alternatives due to alignment with their values are more likely to be Republican voters.", "acc": 0.5, "num_visits": 22, "reward": 0.7429215373439962, "correct_examples": [[160, "likely republican voter"], [166, "likely republican voter"], [157, "likely republican voter"], [168, "likely republican voter"], [171, "likely democratic voter"], [173, "likely republican voter"], [175, "likely democratic voter"], [176, "likely democratic voter"], [177, "likely republican voter"], [178, "likely republican voter"], [179, "likely republican voter"]]}, "**Criticism of mainstream political parties is more likely to indicate a Democratic voter.** People who express strong criticism of mainstream political parties, especially when combined with a desire for more progressive or alternative candidates, are more likely to lean Democratic, as they may see the Democratic Party as less aligned with their values.": {"hypothesis": "**Criticism of mainstream political parties is more likely to indicate a Democratic voter.** People who express strong criticism of mainstream political parties, especially when combined with a desire for more progressive or alternative candidates, are more likely to lean Democratic, as they may see the Democratic Party as less aligned with their values.", "acc": 0.3670886075949367, "num_visits": 79, "reward": 0.4952814613582479, "correct_examples": [[97, "likely democratic voter"], [98, "likely democratic voter"], [104, "likely democratic voter"], [106, "likely democratic voter"], [112, "likely democratic voter"], [117, "likely republican voter"], [121, "likely republican voter"], [123, "likely democratic voter"], [125, "likely democratic voter"], [127, "likely republican voter"], [129, "likely democratic voter"], [130, "likely democratic voter"], [132, "likely republican voter"], [134, "likely democratic voter"], [137, "likely democratic voter"], [138, "likely democratic voter"], [139, "likely democratic voter"], [140, "likely democratic voter"], [141, "likely democratic voter"], [142, "likely republican voter"], [146, "likely republican voter"], [147, "likely democratic voter"], [151, "likely republican voter"], [152, "likely democratic voter"], [157, "likely republican voter"], [165, "likely republican voter"], [171, "likely democratic voter"], [175, "likely democratic voter"], [176, "likely democratic voter"]]}, "**Expression of Support for Non-Voting as Protest**: People who express support for non-voting as a form of protest are more likely to be Republican voters, even if they criticize certain Republican policies or actions.": {"hypothesis": "**Expression of Support for Non-Voting as Protest**: People who express support for non-voting as a form of protest are more likely to be Republican voters, even if they criticize certain Republican policies or actions.", "acc": 0.39166666666666666, "num_visits": 120, "reward": 0.49567945485168396, "correct_examples": [[64, "likely republican voter"], [67, "likely third-party/abstain voter"], [69, "likely republican voter"], [62, "likely republican voter"], [63, "likely republican voter"], [70, "likely republican voter"], [71, "likely republican voter"], [75, "likely republican voter"], [76, "likely democratic voter"], [78, "likely republican voter"], [79, "likely republican voter"], [80, "likely democratic voter"], [81, "likely republican voter"], [82, "likely democratic voter"], [84, "likely republican voter"], [88, "likely republican voter"], [90, "likely republican voter"], [92, "likely republican voter"], [94, "likely republican voter"], [99, "likely republican voter"], [100, "likely democratic voter"], [102, "likely republican voter"], [105, "likely democratic voter"], [117, "likely republican voter"], [118, "likely republican voter"], [121, "likely republican voter"], [127, "likely republican voter"], [128, "likely republican voter"], [131, "likely republican voter"], [132, "likely republican voter"], [135, "likely republican voter"], [136, "likely republican voter"], [140, "likely democratic voter"], [141, "likely democratic voter"], [142, "likely republican voter"], [145, "likely republican voter"], [146, "likely republican voter"], [150, "likely republican voter"], [151, "likely republican voter"], [157, "likely republican voter"], [159, "likely third-party/abstain voter"], [165, "likely republican voter"], [168, "likely republican voter"], [174, "likely republican voter"], [177, "likely republican voter"], [178, "likely republican voter"], [179, "likely republican voter"]]}, "**Support for Third-Party Candidates**: People who express a strong desire to break away from the two-party system and support third-party candidates, especially when they mention specific issues they care about (e.g., representation of the people, policy ideas), are more likely to be Democratic voters.": {"hypothesis": "**Support for Third-Party Candidates**: People who express a strong desire to break away from the two-party system and support third-party candidates, especially when they mention specific issues they care about (e.g., representation of the people, policy ideas), are more likely to be Democratic voters.", "acc": 0.39490445859872614, "num_visits": 157, "reward": 0.48583871821236807, "correct_examples": [[32, "likely democratic voter"], [21, "likely democratic voter"], [24, "likely democratic voter"], [25, "likely democratic voter"], [36, "likely republican voter"], [39, "likely republican voter"], [40, "likely republican voter"], [41, "likely republican voter"], [42, "likely democratic voter"], [43, "likely democratic voter"], [45, "likely third-party/abstain voter"], [48, "likely democratic voter"], [49, "likely republican voter"], [52, "likely democratic voter"], [53, "likely third-party/abstain voter"], [54, "likely democratic voter"], [55, "likely democratic voter"], [58, "likely republican voter"], [59, "likely democratic voter"], [60, "likely democratic voter"], [61, "likely democratic voter"], [70, "likely republican voter"], [72, "likely democratic voter"], [76, "likely democratic voter"], [79, "likely republican voter"], [80, "likely democratic voter"], [82, "likely democratic voter"], [84, "likely republican voter"], [85, "likely democratic voter"], [90, "likely republican voter"], [97, "likely democratic voter"], [98, "likely democratic voter"], [99, "likely republican voter"], [100, "likely democratic voter"], [105, "likely democratic voter"], [106, "likely democratic voter"], [108, "likely democratic voter"], [109, "likely democratic voter"], [112, "likely democratic voter"], [115, "likely third-party/abstain voter"], [117, "likely republican voter"], [121, "likely republican voter"], [123, "likely democratic voter"], [125, "likely democratic voter"], [129, "likely democratic voter"], [132, "likely republican voter"], [134, "likely democratic voter"], [137, "likely democratic voter"], [138, "likely democratic voter"], [139, "likely democratic voter"], [140, "likely democratic voter"], [141, "likely democratic voter"], [142, "likely republican voter"], [143, "likely democratic voter"], [146, "likely republican voter"], [152, "likely democratic voter"], [156, "likely democratic voter"], [165, "likely republican voter"], [171, "likely democratic voter"], [175, "likely democratic voter"], [176, "likely democratic voter"], [179, "likely republican voter"]]}, "**Voters who express frustration with the current state of politics and lean towards non-voting as a form of protest are more likely to be Democratic voters.**": {"hypothesis": "**Voters who express frustration with the current state of politics and lean towards non-voting as a form of protest are more likely to be Democratic voters.**", "acc": 0.3776223776223776, "num_visits": 143, "reward": 0.47290404371383876, "correct_examples": [[35, "likely democratic voter"], [43, "likely democratic voter"], [47, "likely third-party/abstain voter"], [49, "likely republican voter"], [52, "likely democratic voter"], [54, "likely democratic voter"], [55, "likely democratic voter"], [58, "likely republican voter"], [59, "likely democratic voter"], [60, "likely democratic voter"], [61, "likely democratic voter"], [67, "likely third-party/abstain voter"], [70, "likely republican voter"], [76, "likely democratic voter"], [79, "likely republican voter"], [80, "likely democratic voter"], [82, "likely democratic voter"], [84, "likely republican voter"], [85, "likely democratic voter"], [89, "likely democratic voter"], [90, "likely republican voter"], [97, "likely democratic voter"], [99, "likely republican voter"], [100, "likely democratic voter"], [104, "likely democratic voter"], [105, "likely democratic voter"], [106, "likely democratic voter"], [109, "likely democratic voter"], [112, "likely democratic voter"], [117, "likely republican voter"], [121, "likely republican voter"], [123, "likely democratic voter"], [129, "likely democratic voter"], [130, "likely democratic voter"], [132, "likely republican voter"], [134, "likely democratic voter"], [137, "likely democratic voter"], [138, "likely democratic voter"], [139, "likely democratic voter"], [140, "likely democratic voter"], [141, "likely democratic voter"], [142, "likely republican voter"], [143, "likely democratic voter"], [146, "likely republican voter"], [147, "likely democratic voter"], [150, "likely republican voter"], [152, "likely democratic voter"], [156, "likely democratic voter"], [165, "likely republican voter"], [171, "likely democratic voter"], [173, "likely republican voter"], [175, "likely democratic voter"], [176, "likely democratic voter"], [177, "likely republican voter"]]}, "**Frustration with Mainstream Parties and Non-Voting as Protest**: Individuals who express frustration with mainstream political parties and lean towards non-voting as a form of protest are more likely to be Democratic voters.": {"hypothesis": "**Frustration with Mainstream Parties and Non-Voting as Protest**: Individuals who express frustration with mainstream political parties and lean towards non-voting as a form of protest are more likely to be Democratic voters.", "acc": 0.38461538461538464, "num_visits": 169, "reward": 0.4722617697814474, "correct_examples": [[15, "likely democratic voter"], [17, "likely democratic voter"], [18, "likely democratic voter"], [19, "likely democratic voter"], [21, "likely democratic voter"], [24, "likely democratic voter"], [29, "likely republican voter"], [31, "likely democratic voter"], [35, "likely democratic voter"], [36, "likely republican voter"], [39, "likely republican voter"], [40, "likely republican voter"], [41, "likely republican voter"], [42, "likely democratic voter"], [48, "likely democratic voter"], [49, "likely republican voter"], [52, "likely democratic voter"], [54, "likely democratic voter"], [56, "likely republican voter"], [58, "likely republican voter"], [59, "likely democratic voter"], [60, "likely democratic voter"], [61, "likely democratic voter"], [70, "likely republican voter"], [72, "likely democratic voter"], [76, "likely democratic voter"], [79, "likely republican voter"], [80, "likely democratic voter"], [82, "likely democratic voter"], [84, "likely republican voter"], [85, "likely democratic voter"], [90, "likely republican voter"], [97, "likely democratic voter"], [99, "likely republican voter"], [100, "likely democratic voter"], [104, "likely democratic voter"], [105, "likely democratic voter"], [106, "likely democratic voter"], [108, "likely democratic voter"], [109, "likely democratic voter"], [112, "likely democratic voter"], [117, "likely republican voter"], [121, "likely republican voter"], [125, "likely democratic voter"], [127, "likely republican voter"], [129, "likely democratic voter"], [130, "likely democratic voter"], [132, "likely republican voter"], [134, "likely democratic voter"], [139, "likely democratic voter"], [140, "likely democratic voter"], [141, "likely democratic voter"], [142, "likely republican voter"], [143, "likely democratic voter"], [147, "likely democratic voter"], [150, "likely republican voter"], [151, "likely republican voter"], [152, "likely democratic voter"], [156, "likely democratic voter"], [165, "likely republican voter"], [171, "likely democratic voter"], [173, "likely republican voter"], [175, "likely democratic voter"], [176, "likely democratic voter"], [177, "likely republican voter"]]}, "**Endorsement of Democratic Candidates**: People who lean towards or consider endorsing Democratic candidates, even if they express frustration with the political system, are more likely to be Republican voters if they do not criticize specific conservative actions or policies.": {"hypothesis": "**Endorsement of Democratic Candidates**: People who lean towards or consider endorsing Democratic candidates, even if they express frustration with the political system, are more likely to be Republican voters if they do not criticize specific conservative actions or policies.", "acc": 0.2608695652173913, "num_visits": 46, "reward": 0.4282225440833619, "correct_examples": [[128, "likely republican voter"], [131, "likely republican voter"], [136, "likely republican voter"], [127, "likely republican voter"], [140, "likely democratic voter"], [141, "likely democratic voter"], [142, "likely republican voter"], [146, "likely republican voter"], [151, "likely republican voter"], [157, "likely republican voter"], [159, "likely third-party/abstain voter"], [165, "likely republican voter"]]}, "**Endorsement of Conservative Values Despite Frustration**: People who express frustration with the current political climate but still lean towards candidates who champion conservative values are more likely to be Republican voters.": {"hypothesis": "**Endorsement of Conservative Values Despite Frustration**: People who express frustration with the current political climate but still lean towards candidates who champion conservative values are more likely to be Republican voters.", "acc": 0.08333333333333333, "num_visits": 12, "reward": 0.41135727726132343, "correct_examples": [[157, "likely republican voter"]]}, "**Frustration with the Two-Party System and Support for Third-Party Candidates**: People who express frustration with the two-party system and a strong inclination to vote for third-party candidates are more likely to be Democratic voters if they mention specific progressive issues or criticize conservative actions.": {"hypothesis": "**Frustration with the Two-Party System and Support for Third-Party Candidates**: People who express frustration with the two-party system and a strong inclination to vote for third-party candidates are more likely to be Democratic voters if they mention specific progressive issues or criticize conservative actions.", "acc": 0.2558139534883721, "num_visits": 43, "reward": 0.42861237141707975, "correct_examples": [[123, "likely democratic voter"], [125, "likely democratic voter"], [137, "likely democratic voter"], [138, "likely democratic voter"], [139, "likely democratic voter"], [140, "likely democratic voter"], [141, "likely democratic voter"], [142, "likely republican voter"], [147, "likely democratic voter"], [156, "likely democratic voter"], [165, "likely republican voter"]]}, "**Strong support for third-party alternatives, especially in the context of condemning Republican actions, is more likely to indicate a Republican voter.**": {"hypothesis": "**Strong support for third-party alternatives, especially in the context of condemning Republican actions, is more likely to indicate a Republican voter.**", "acc": 0.3118279569892473, "num_visits": 93, "reward": 0.4295264463330415, "correct_examples": [[0, "likely third-party/abstain voter"], [2, "likely republican voter"], [5, "likely republican voter"], [8, "likely republican voter"], [10, "likely republican voter"], [11, "likely republican voter"], [15, "likely democratic voter"], [16, "likely republican voter"], [29, "likely republican voter"], [31, "likely democratic voter"], [36, "likely republican voter"], [39, "likely republican voter"], [40, "likely republican voter"], [41, "likely republican voter"], [45, "likely third-party/abstain voter"], [47, "likely third-party/abstain voter"], [51, "likely republican voter"], [53, "likely third-party/abstain voter"], [54, "likely democratic voter"], [90, "likely republican voter"], [93, "likely republican voter"], [95, "likely republican voter"], [99, "likely republican voter"], [100, "likely democratic voter"], [105, "likely democratic voter"], [117, "likely republican voter"], [159, "likely third-party/abstain voter"], [162, "likely republican voter"], [165, "likely republican voter"]]}, "**Mention of support for universal healthcare and criticism of Republican actions (e.g., government shutdowns) is more likely to indicate a Democratic voter.**": {"hypothesis": "**Mention of support for universal healthcare and criticism of Republican actions (e.g., government shutdowns) is more likely to indicate a Democratic voter.**", "acc": 0.2558139534883721, "num_visits": 43, "reward": 0.42871101179291443, "correct_examples": [[47, "likely third-party/abstain voter"], [49, "likely republican voter"], [53, "likely third-party/abstain voter"], [58, "likely republican voter"], [59, "likely democratic voter"], [61, "likely democratic voter"], [67, "likely third-party/abstain voter"], [70, "likely republican voter"], [76, "likely democratic voter"], [82, "likely democratic voter"], [121, "likely republican voter"]]}, "**Criticism of specific conservative policies (e.g., tax cuts for corporations) and support for third-party alternatives is more likely to indicate a Democratic voter.**": {"hypothesis": "**Criticism of specific conservative policies (e.g., tax cuts for corporations) and support for third-party alternatives is more likely to indicate a Democratic voter.**", "acc": 0.32758620689655177, "num_visits": 116, "reward": 0.43337712026370484, "correct_examples": [[49, "likely republican voter"], [52, "likely democratic voter"], [53, "likely third-party/abstain voter"], [54, "likely democratic voter"], [55, "likely democratic voter"], [58, "likely republican voter"], [59, "likely democratic voter"], [60, "likely democratic voter"], [61, "likely democratic voter"], [70, "likely republican voter"], [72, "likely democratic voter"], [76, "likely democratic voter"], [79, "likely republican voter"], [80, "likely democratic voter"], [82, "likely democratic voter"], [85, "likely democratic voter"], [90, "likely republican voter"], [97, "likely democratic voter"], [98, "likely democratic voter"], [99, "likely republican voter"], [100, "likely democratic voter"], [105, "likely democratic voter"], [108, "likely democratic voter"], [115, "likely third-party/abstain voter"], [117, "likely republican voter"], [121, "likely republican voter"], [123, "likely democratic voter"], [125, "likely democratic voter"], [129, "likely democratic voter"], [132, "likely republican voter"], [134, "likely democratic voter"], [138, "likely democratic voter"], [139, "likely democratic voter"], [140, "likely democratic voter"], [141, "likely democratic voter"], [142, "likely republican voter"], [175, "likely democratic voter"], [176, "likely democratic voter"]]}, "**Expression of frustration with the current state of politics and considering non-voting is more likely to indicate a Democratic voter.**": {"hypothesis": "**Expression of frustration with the current state of politics and considering non-voting is more likely to indicate a Democratic voter.**", "acc": 0.31182795698924737, "num_visits": 93, "reward": 0.4299785449146751, "correct_examples": [[2, "likely republican voter"], [4, "likely democratic voter"], [8, "likely republican voter"], [9, "likely republican voter"], [11, "likely republican voter"], [15, "likely democratic voter"], [17, "likely democratic voter"], [19, "likely democratic voter"], [29, "likely republican voter"], [31, "likely democratic voter"], [35, "likely democratic voter"], [36, "likely republican voter"], [39, "likely republican voter"], [40, "likely republican voter"], [41, "likely republican voter"], [43, "likely democratic voter"], [49, "likely republican voter"], [52, "likely democratic voter"], [54, "likely democratic voter"], [56, "likely republican voter"], [58, "likely republican voter"], [59, "likely democratic voter"], [60, "likely democratic voter"], [61, "likely democratic voter"], [130, "likely democratic voter"], [132, "likely republican voter"], [134, "likely democratic voter"], [165, "likely republican voter"], [177, "likely republican voter"]]}, "**Non-Voting as a Protest**: People who express a leaning towards non-voting as a form of protest or who are considering not voting due to frustration with the current political system are more likely to be Republican voters.": {"hypothesis": "**Non-Voting as a Protest**: People who express a leaning towards non-voting as a form of protest or who are considering not voting due to frustration with the current political system are more likely to be Republican voters.", "acc": 0.33663366336633677, "num_visits": 101, "reward": 0.4500085000423488, "correct_examples": [[21, "likely democratic voter"], [27, "likely republican voter"], [36, "likely republican voter"], [39, "likely republican voter"], [40, "likely republican voter"], [41, "likely republican voter"], [47, "likely third-party/abstain voter"], [48, "likely democratic voter"], [49, "likely republican voter"], [50, "likely republican voter"], [54, "likely democratic voter"], [58, "likely republican voter"], [59, "likely democratic voter"], [61, "likely democratic voter"], [62, "likely republican voter"], [64, "likely republican voter"], [67, "likely third-party/abstain voter"], [76, "likely democratic voter"], [78, "likely republican voter"], [79, "likely republican voter"], [80, "likely democratic voter"], [82, "likely democratic voter"], [84, "likely republican voter"], [88, "likely republican voter"], [90, "likely republican voter"], [99, "likely republican voter"], [100, "likely democratic voter"], [105, "likely democratic voter"], [108, "likely democratic voter"], [159, "likely third-party/abstain voter"], [165, "likely republican voter"], [177, "likely republican voter"], [178, "likely republican voter"], [179, "likely republican voter"]]}, "**Support for Third-Party Alternatives and Climate Change Initiatives**: People who advocate for third-party alternatives and emphasize their support for climate change initiatives are more likely to be Democratic voters.": {"hypothesis": "**Support for Third-Party Alternatives and Climate Change Initiatives**: People who advocate for third-party alternatives and emphasize their support for climate change initiatives are more likely to be Democratic voters.", "acc": 0.3278688524590164, "num_visits": 122, "reward": 0.43063082869155467, "correct_examples": [[18, "likely democratic voter"], [24, "likely democratic voter"], [29, "likely republican voter"], [31, "likely democratic voter"], [32, "likely democratic voter"], [36, "likely republican voter"], [39, "likely republican voter"], [40, "likely republican voter"], [41, "likely republican voter"], [42, "likely democratic voter"], [43, "likely democratic voter"], [45, "likely third-party/abstain voter"], [49, "likely republican voter"], [52, "likely democratic voter"], [53, "likely third-party/abstain voter"], [55, "likely democratic voter"], [58, "likely republican voter"], [59, "likely democratic voter"], [60, "likely democratic voter"], [61, "likely democratic voter"], [76, "likely democratic voter"], [79, "likely republican voter"], [80, "likely democratic voter"], [82, "likely democratic voter"], [85, "likely democratic voter"], [90, "likely republican voter"], [97, "likely democratic voter"], [98, "likely democratic voter"], [99, "likely republican voter"], [100, "likely democratic voter"], [105, "likely democratic voter"], [108, "likely democratic voter"], [129, "likely democratic voter"], [132, "likely republican voter"], [134, "likely democratic voter"], [139, "likely democratic voter"], [140, "likely democratic voter"], [141, "likely democratic voter"], [142, "likely republican voter"], [146, "likely republican voter"]]}, "**Support for third-party candidates as a way to break away from the two-party system is more likely to indicate a Republican voter.** People who express a desire to vote for third-party candidates to break away from the two-party system, especially when combined with frustration with the Democratic Party, are more likely to lean Republican, as they may see the Republican Party as less aligned with their values and more open to alternative candidates.": {"hypothesis": "**Support for third-party candidates as a way to break away from the two-party system is more likely to indicate a Republican voter.** People who express a desire to vote for third-party candidates to break away from the two-party system, especially when combined with frustration with the Democratic Party, are more likely to lean Republican, as they may see the Republican Party as less aligned with their values and more open to alternative candidates.", "acc": 0.2692307692307693, "num_visits": 52, "reward": 0.42698163373793696, "correct_examples": [[101, "likely republican voter"], [103, "likely republican voter"], [107, "likely republican voter"], [113, "likely republican voter"], [117, "likely republican voter"], [119, "likely republican voter"], [120, "likely republican voter"], [121, "likely republican voter"], [131, "likely republican voter"], [132, "likely republican voter"], [133, "likely republican voter"], [134, "likely democratic voter"], [142, "likely republican voter"], [173, "likely republican voter"]]}, "**Mention of non-voting as a form of protest is more likely to indicate a Democratic voter.**": {"hypothesis": "**Mention of non-voting as a form of protest is more likely to indicate a Democratic voter.**", "acc": 0.3173076923076924, "num_visits": 104, "reward": 0.42885439833875094, "correct_examples": [[2, "likely republican voter"], [4, "likely democratic voter"], [8, "likely republican voter"], [11, "likely republican voter"], [15, "likely democratic voter"], [17, "likely democratic voter"], [19, "likely democratic voter"], [25, "likely democratic voter"], [29, "likely republican voter"], [31, "likely democratic voter"], [35, "likely democratic voter"], [36, "likely republican voter"], [39, "likely republican voter"], [40, "likely republican voter"], [41, "likely republican voter"], [43, "likely democratic voter"], [49, "likely republican voter"], [52, "likely democratic voter"], [54, "likely democratic voter"], [89, "likely democratic voter"], [90, "likely republican voter"], [104, "likely democratic voter"], [105, "likely democratic voter"], [106, "likely democratic voter"], [108, "likely democratic voter"], [109, "likely democratic voter"], [112, "likely democratic voter"], [117, "likely republican voter"], [121, "likely republican voter"], [130, "likely democratic voter"], [132, "likely republican voter"], [134, "likely democratic voter"], [173, "likely republican voter"]]}, "**Criticism of the Two-Party System and Support for Third-Party Candidates**: People who express frustration with the two-party system and a desire to vote for third-party candidates are more likely to be Democratic voters.": {"hypothesis": "**Criticism of the Two-Party System and Support for Third-Party Candidates**: People who express frustration with the two-party system and a desire to vote for third-party candidates are more likely to be Democratic voters.", "acc": 0.15789473684210525, "num_visits": 19, "reward": 0.41843706846714507, "correct_examples": [[137, "likely democratic voter"], [147, "likely democratic voter"], [156, "likely democratic voter"]]}, "**Endorsement of Democratic Candidates and Policies**: People who explicitly endorse Democratic candidates and their policies, especially on issues like climate change and social justice, are more likely to be Democratic voters.": {"hypothesis": "**Endorsement of Democratic Candidates and Policies**: People who explicitly endorse Democratic candidates and their policies, especially on issues like climate change and social justice, are more likely to be Democratic voters.", "acc": 0.09090909090909091, "num_visits": 11, "reward": 0.4298997654036554, "correct_examples": [[147, "likely democratic voter"]]}}