{"**Endorsement of Democratic Candidates**: People who lean towards or consider endorsing Democratic candidates, even if they express frustration with the political system, are more likely to be Republican voters if they do not criticize specific conservative actions or policies.": {"hypothesis": "**Endorsement of Democratic Candidates**: People who lean towards or consider endorsing Democratic candidates, even if they express frustration with the political system, are more likely to be Republican voters if they do not criticize specific conservative actions or policies.", "acc": 0.3076923076923077, "num_visits": 13, "reward": 0.6159642412999246, "correct_examples": [[128, "likely republican voter"], [131, "likely republican voter"], [136, "likely republican voter"], [127, "likely republican voter"]]}, "**Criticism of mainstream political parties is more likely to indicate a Democratic voter.** People who express strong criticism of mainstream political parties, especially when combined with a desire for more progressive or alternative candidates, are more likely to lean Democratic, as they may see the Democratic Party as less aligned with their values.": {"hypothesis": "**Criticism of mainstream political parties is more likely to indicate a Democratic voter.** People who express strong criticism of mainstream political parties, especially when combined with a desire for more progressive or alternative candidates, are more likely to lean Democratic, as they may see the Democratic Party as less aligned with their values.", "acc": 0.4358974358974359, "num_visits": 39, "reward": 0.6138783197493999, "correct_examples": [[97, "likely democratic voter"], [98, "likely democratic voter"], [104, "likely democratic voter"], [106, "likely democratic voter"], [112, "likely democratic voter"], [117, "likely republican voter"], [121, "likely republican voter"], [123, "likely democratic voter"], [125, "likely democratic voter"], [127, "likely republican voter"], [129, "likely democratic voter"], [130, "likely democratic voter"], [132, "likely republican voter"], [134, "likely democratic voter"], [137, "likely democratic voter"], [138, "likely democratic voter"], [139, "likely democratic voter"]]}, "**Frustration with the Two-Party System and Support for Third-Party Candidates**: People who express frustration with the two-party system and a strong inclination to vote for third-party candidates are more likely to be Democratic voters if they mention specific progressive issues or criticize conservative actions.": {"hypothesis": "**Frustration with the Two-Party System and Support for Third-Party Candidates**: People who express frustration with the two-party system and a strong inclination to vote for third-party candidates are more likely to be Democratic voters if they mention specific progressive issues or criticize conservative actions.", "acc": 0.38461538461538464, "num_visits": 13, "reward": 0.6928873182230015, "correct_examples": [[123, "likely democratic voter"], [125, "likely democratic voter"], [137, "likely democratic voter"], [138, "likely democratic voter"], [139, "likely democratic voter"]]}, "**Expression of Support for Non-Voting as Protest**: People who express support for non-voting as a form of protest are more likely to be Republican voters, even if they criticize certain Republican policies or actions.": {"hypothesis": "**Expression of Support for Non-Voting as Protest**: People who express support for non-voting as a form of protest are more likely to be Republican voters, even if they criticize certain Republican policies or actions.", "acc": 0.4, "num_visits": 80, "reward": 0.5242683892655493, "correct_examples": [[64, "likely republican voter"], [67, "likely third-party/abstain voter"], [69, "likely republican voter"], [62, "likely republican voter"], [63, "likely republican voter"], [70, "likely republican voter"], [71, "likely republican voter"], [75, "likely republican voter"], [76, "likely democratic voter"], [78, "likely republican voter"], [79, "likely republican voter"], [80, "likely democratic voter"], [81, "likely republican voter"], [82, "likely democratic voter"], [84, "likely republican voter"], [88, "likely republican voter"], [90, "likely republican voter"], [92, "likely republican voter"], [94, "likely republican voter"], [99, "likely republican voter"], [100, "likely democratic voter"], [102, "likely republican voter"], [105, "likely democratic voter"], [117, "likely republican voter"], [118, "likely republican voter"], [121, "likely republican voter"], [127, "likely republican voter"], [128, "likely republican voter"], [131, "likely republican voter"], [132, "likely republican voter"], [135, "likely republican voter"], [136, "likely republican voter"]]}, "**Support for third-party candidates as a way to break away from the two-party system is more likely to indicate a Republican voter.** People who express a desire to vote for third-party candidates to break away from the two-party system, especially when combined with frustration with the Democratic Party, are more likely to lean Republican, as they may see the Republican Party as less aligned with their values and more open to alternative candidates.": {"hypothesis": "**Support for third-party candidates as a way to break away from the two-party system is more likely to indicate a Republican voter.** People who express a desire to vote for third-party candidates to break away from the two-party system, especially when combined with frustration with the Democratic Party, are more likely to lean Republican, as they may see the Republican Party as less aligned with their values and more open to alternative candidates.", "acc": 0.3076923076923077, "num_visits": 39, "reward": 0.4856731915442717, "correct_examples": [[101, "likely republican voter"], [103, "likely republican voter"], [107, "likely republican voter"], [113, "likely republican voter"], [117, "likely republican voter"], [119, "likely republican voter"], [120, "likely republican voter"], [121, "likely republican voter"], [131, "likely republican voter"], [132, "likely republican voter"], [133, "likely republican voter"], [134, "likely democratic voter"]]}, "**Support for Third-Party Candidates**: People who express a strong desire to break away from the two-party system and support third-party candidates, especially when they mention specific issues they care about (e.g., representation of the people, policy ideas), are more likely to be Democratic voters.": {"hypothesis": "**Support for Third-Party Candidates**: People who express a strong desire to break away from the two-party system and support third-party candidates, especially when they mention specific issues they care about (e.g., representation of the people, policy ideas), are more likely to be Democratic voters.", "acc": 0.42735042735042733, "num_visits": 117, "reward": 0.5301077385529662, "correct_examples": [[32, "likely democratic voter"], [21, "likely democratic voter"], [24, "likely democratic voter"], [25, "likely democratic voter"], [36, "likely republican voter"], [39, "likely republican voter"], [40, "likely republican voter"], [41, "likely republican voter"], [42, "likely democratic voter"], [43, "likely democratic voter"], [45, "likely third-party/abstain voter"], [48, "likely democratic voter"], [49, "likely republican voter"], [52, "likely democratic voter"], [53, "likely third-party/abstain voter"], [54, "likely democratic voter"], [55, "likely democratic voter"], [58, "likely republican voter"], [59, "likely democratic voter"], [60, "likely democratic voter"], [61, "likely democratic voter"], [70, "likely republican voter"], [72, "likely democratic voter"], [76, "likely democratic voter"], [79, "likely republican voter"], [80, "likely democratic voter"], [82, "likely democratic voter"], [84, "likely republican voter"], [85, "likely democratic voter"], [90, "likely republican voter"], [97, "likely democratic voter"], [98, "likely democratic voter"], [99, "likely republican voter"], [100, "likely democratic voter"], [105, "likely democratic voter"], [106, "likely democratic voter"], [108, "likely democratic voter"], [109, "likely democratic voter"], [112, "likely democratic voter"], [115, "likely third-party/abstain voter"], [117, "likely republican voter"], [121, "likely republican voter"], [123, "likely democratic voter"], [125, "likely democratic voter"], [129, "likely democratic voter"], [132, "likely republican voter"], [134, "likely democratic voter"], [137, "likely democratic voter"], [138, "likely democratic voter"], [139, "likely democratic voter"]]}, "**Frustration with Mainstream Parties and Non-Voting as Protest**: Individuals who express frustration with mainstream political parties and lean towards non-voting as a form of protest are more likely to be Democratic voters.": {"hypothesis": "**Frustration with Mainstream Parties and Non-Voting as Protest**: Individuals who express frustration with mainstream political parties and lean towards non-voting as a form of protest are more likely to be Democratic voters.", "acc": 0.3875968992248062, "num_visits": 129, "reward": 0.48545816020383525, "correct_examples": [[15, "likely democratic voter"], [17, "likely democratic voter"], [18, "likely democratic voter"], [19, "likely democratic voter"], [21, "likely democratic voter"], [24, "likely democratic voter"], [29, "likely republican voter"], [31, "likely democratic voter"], [35, "likely democratic voter"], [36, "likely republican voter"], [39, "likely republican voter"], [40, "likely republican voter"], [41, "likely republican voter"], [42, "likely democratic voter"], [48, "likely democratic voter"], [49, "likely republican voter"], [52, "likely democratic voter"], [54, "likely democratic voter"], [56, "likely republican voter"], [58, "likely republican voter"], [59, "likely democratic voter"], [60, "likely democratic voter"], [61, "likely democratic voter"], [70, "likely republican voter"], [72, "likely democratic voter"], [76, "likely democratic voter"], [79, "likely republican voter"], [80, "likely democratic voter"], [82, "likely democratic voter"], [84, "likely republican voter"], [85, "likely democratic voter"], [90, "likely republican voter"], [97, "likely democratic voter"], [99, "likely republican voter"], [100, "likely democratic voter"], [104, "likely democratic voter"], [105, "likely democratic voter"], [106, "likely democratic voter"], [108, "likely democratic voter"], [109, "likely democratic voter"], [112, "likely democratic voter"], [117, "likely republican voter"], [121, "likely republican voter"], [125, "likely democratic voter"], [127, "likely republican voter"], [129, "likely democratic voter"], [130, "likely democratic voter"], [132, "likely republican voter"], [134, "likely democratic voter"], [139, "likely democratic voter"]]}, "**Voters who express frustration with the current state of politics and lean towards non-voting as a form of protest are more likely to be Democratic voters.**": {"hypothesis": "**Voters who express frustration with the current state of politics and lean towards non-voting as a form of protest are more likely to be Democratic voters.**", "acc": 0.37864077669902907, "num_visits": 103, "reward": 0.4881591665921418, "correct_examples": [[35, "likely democratic voter"], [43, "likely democratic voter"], [47, "likely third-party/abstain voter"], [49, "likely republican voter"], [52, "likely democratic voter"], [54, "likely democratic voter"], [55, "likely democratic voter"], [58, "likely republican voter"], [59, "likely democratic voter"], [60, "likely democratic voter"], [61, "likely democratic voter"], [67, "likely third-party/abstain voter"], [70, "likely republican voter"], [76, "likely democratic voter"], [79, "likely republican voter"], [80, "likely democratic voter"], [82, "likely democratic voter"], [84, "likely republican voter"], [85, "likely democratic voter"], [89, "likely democratic voter"], [90, "likely republican voter"], [97, "likely democratic voter"], [99, "likely republican voter"], [100, "likely democratic voter"], [104, "likely democratic voter"], [105, "likely democratic voter"], [106, "likely democratic voter"], [109, "likely democratic voter"], [112, "likely democratic voter"], [117, "likely republican voter"], [121, "likely republican voter"], [123, "likely democratic voter"], [129, "likely democratic voter"], [130, "likely democratic voter"], [132, "likely republican voter"], [134, "likely democratic voter"], [137, "likely democratic voter"], [138, "likely democratic voter"], [139, "likely democratic voter"]]}, "**Criticism of specific conservative policies (e.g., tax cuts for corporations) and support for third-party alternatives is more likely to indicate a Democratic voter.**": {"hypothesis": "**Criticism of specific conservative policies (e.g., tax cuts for corporations) and support for third-party alternatives is more likely to indicate a Democratic voter.**", "acc": 0.35483870967741943, "num_visits": 93, "reward": 0.4700948809092205, "correct_examples": [[49, "likely republican voter"], [52, "likely democratic voter"], [53, "likely third-party/abstain voter"], [54, "likely democratic voter"], [55, "likely democratic voter"], [58, "likely republican voter"], [59, "likely democratic voter"], [60, "likely democratic voter"], [61, "likely democratic voter"], [70, "likely republican voter"], [72, "likely democratic voter"], [76, "likely democratic voter"], [79, "likely republican voter"], [80, "likely democratic voter"], [82, "likely democratic voter"], [85, "likely democratic voter"], [90, "likely republican voter"], [97, "likely democratic voter"], [98, "likely democratic voter"], [99, "likely republican voter"], [100, "likely democratic voter"], [105, "likely democratic voter"], [108, "likely democratic voter"], [115, "likely third-party/abstain voter"], [117, "likely republican voter"], [121, "likely republican voter"], [123, "likely democratic voter"], [125, "likely democratic voter"], [129, "likely democratic voter"], [132, "likely republican voter"], [134, "likely democratic voter"], [138, "likely democratic voter"], [139, "likely democratic voter"]]}, "**Expression of frustration with the current state of politics and considering non-voting is more likely to indicate a Democratic voter.**": {"hypothesis": "**Expression of frustration with the current state of politics and considering non-voting is more likely to indicate a Democratic voter.**", "acc": 0.3214285714285715, "num_visits": 84, "reward": 0.44252541487025376, "correct_examples": [[2, "likely republican voter"], [4, "likely democratic voter"], [8, "likely republican voter"], [9, "likely republican voter"], [11, "likely republican voter"], [15, "likely democratic voter"], [17, "likely democratic voter"], [19, "likely democratic voter"], [29, "likely republican voter"], [31, "likely democratic voter"], [35, "likely democratic voter"], [36, "likely republican voter"], [39, "likely republican voter"], [40, "likely republican voter"], [41, "likely republican voter"], [43, "likely democratic voter"], [49, "likely republican voter"], [52, "likely democratic voter"], [54, "likely democratic voter"], [56, "likely republican voter"], [58, "likely republican voter"], [59, "likely democratic voter"], [60, "likely democratic voter"], [61, "likely democratic voter"], [130, "likely democratic voter"], [132, "likely republican voter"], [134, "likely democratic voter"]]}, "**Mention of non-voting as a form of protest is more likely to indicate a Democratic voter.**": {"hypothesis": "**Mention of non-voting as a form of protest is more likely to indicate a Democratic voter.**", "acc": 0.3298969072164949, "num_visits": 97, "reward": 0.4426697599892335, "correct_examples": [[2, "likely republican voter"], [4, "likely democratic voter"], [8, "likely republican voter"], [11, "likely republican voter"], [15, "likely democratic voter"], [17, "likely democratic voter"], [19, "likely democratic voter"], [25, "likely democratic voter"], [29, "likely republican voter"], [31, "likely democratic voter"], [35, "likely democratic voter"], [36, "likely republican voter"], [39, "likely republican voter"], [40, "likely republican voter"], [41, "likely republican voter"], [43, "likely democratic voter"], [49, "likely republican voter"], [52, "likely democratic voter"], [54, "likely democratic voter"], [89, "likely democratic voter"], [90, "likely republican voter"], [104, "likely democratic voter"], [105, "likely democratic voter"], [106, "likely democratic voter"], [108, "likely democratic voter"], [109, "likely democratic voter"], [112, "likely democratic voter"], [117, "likely republican voter"], [121, "likely republican voter"], [130, "likely democratic voter"], [132, "likely republican voter"], [134, "likely democratic voter"]]}, "**Support for Third-Party Alternatives and Climate Change Initiatives**: People who advocate for third-party alternatives and emphasize their support for climate change initiatives are more likely to be Democratic voters.": {"hypothesis": "**Support for Third-Party Alternatives and Climate Change Initiatives**: People who advocate for third-party alternatives and emphasize their support for climate change initiatives are more likely to be Democratic voters.", "acc": 0.3428571428571429, "num_visits": 105, "reward": 0.45132748577135573, "correct_examples": [[18, "likely democratic voter"], [24, "likely democratic voter"], [29, "likely republican voter"], [31, "likely democratic voter"], [32, "likely democratic voter"], [36, "likely republican voter"], [39, "likely republican voter"], [40, "likely republican voter"], [41, "likely republican voter"], [42, "likely democratic voter"], [43, "likely democratic voter"], [45, "likely third-party/abstain voter"], [49, "likely republican voter"], [52, "likely democratic voter"], [53, "likely third-party/abstain voter"], [55, "likely democratic voter"], [58, "likely republican voter"], [59, "likely democratic voter"], [60, "likely democratic voter"], [61, "likely democratic voter"], [76, "likely democratic voter"], [79, "likely republican voter"], [80, "likely democratic voter"], [82, "likely democratic voter"], [85, "likely democratic voter"], [90, "likely republican voter"], [97, "likely democratic voter"], [98, "likely democratic voter"], [99, "likely republican voter"], [100, "likely democratic voter"], [105, "likely democratic voter"], [108, "likely democratic voter"], [129, "likely democratic voter"], [132, "likely republican voter"], [134, "likely democratic voter"], [139, "likely democratic voter"]]}, "**Uncertainty about voting and a leaning towards non-voting as a form of protest is more likely to indicate a third-party/abstain voter.**": {"hypothesis": "**Uncertainty about voting and a leaning towards non-voting as a form of protest is more likely to indicate a third-party/abstain voter.**", "acc": 0.2631578947368421, "num_visits": 38, "reward": 0.4415329045467389, "correct_examples": [[47, "likely third-party/abstain voter"], [49, "likely republican voter"], [53, "likely third-party/abstain voter"], [56, "likely republican voter"], [58, "likely republican voter"], [61, "likely democratic voter"], [67, "likely third-party/abstain voter"], [70, "likely republican voter"], [76, "likely democratic voter"], [79, "likely republican voter"]]}, "**Uncertainty and Leaning Towards Conservative Values**: People who express uncertainty about their vote but lean towards candidates who champion conservative values are more likely to be Republican voters, even if they are frustrated with the current political climate.": {"hypothesis": "**Uncertainty and Leaning Towards Conservative Values**: People who express uncertainty about their vote but lean towards candidates who champion conservative values are more likely to be Republican voters, even if they are frustrated with the current political climate.", "acc": 0.2682926829268293, "num_visits": 41, "reward": 0.4398762993433596, "correct_examples": [[64, "likely republican voter"], [67, "likely third-party/abstain voter"], [62, "likely republican voter"], [70, "likely republican voter"], [76, "likely democratic voter"], [78, "likely republican voter"], [79, "likely republican voter"], [84, "likely republican voter"], [115, "likely third-party/abstain voter"], [117, "likely republican voter"], [121, "likely republican voter"]]}, "**Mention of support for universal healthcare and criticism of Republican actions (e.g., government shutdowns) is more likely to indicate a Democratic voter.**": {"hypothesis": "**Mention of support for universal healthcare and criticism of Republican actions (e.g., government shutdowns) is more likely to indicate a Democratic voter.**", "acc": 0.2682926829268293, "num_visits": 41, "reward": 0.4398762993433596, "correct_examples": [[47, "likely third-party/abstain voter"], [49, "likely republican voter"], [53, "likely third-party/abstain voter"], [58, "likely republican voter"], [59, "likely democratic voter"], [61, "likely democratic voter"], [67, "likely third-party/abstain voter"], [70, "likely republican voter"], [76, "likely democratic voter"], [82, "likely democratic voter"], [121, "likely republican voter"]]}, "**Strong support for third-party alternatives, especially in the context of condemning Republican actions, is more likely to indicate a Republican voter.**": {"hypothesis": "**Strong support for third-party alternatives, especially in the context of condemning Republican actions, is more likely to indicate a Republican voter.**", "acc": 0.3170731707317074, "num_visits": 82, "reward": 0.43889289022024924, "correct_examples": [[0, "likely third-party/abstain voter"], [2, "likely republican voter"], [5, "likely republican voter"], [8, "likely republican voter"], [10, "likely republican voter"], [11, "likely republican voter"], [15, "likely democratic voter"], [16, "likely republican voter"], [29, "likely republican voter"], [31, "likely democratic voter"], [36, "likely republican voter"], [39, "likely republican voter"], [40, "likely republican voter"], [41, "likely republican voter"], [45, "likely third-party/abstain voter"], [47, "likely third-party/abstain voter"], [51, "likely republican voter"], [53, "likely third-party/abstain voter"], [54, "likely democratic voter"], [90, "likely republican voter"], [93, "likely republican voter"], [95, "likely republican voter"], [99, "likely republican voter"], [100, "likely democratic voter"], [105, "likely democratic voter"], [117, "likely republican voter"]]}, "**Non-Voting as a Protest**: People who express a leaning towards non-voting as a form of protest or who are considering not voting due to frustration with the current political system are more likely to be Republican voters.": {"hypothesis": "**Non-Voting as a Protest**: People who express a leaning towards non-voting as a form of protest or who are considering not voting due to frustration with the current political system are more likely to be Republican voters.", "acc": 0.3222222222222223, "num_visits": 90, "reward": 0.4385017519299197, "correct_examples": [[21, "likely democratic voter"], [27, "likely republican voter"], [36, "likely republican voter"], [39, "likely republican voter"], [40, "likely republican voter"], [41, "likely republican voter"], [47, "likely third-party/abstain voter"], [48, "likely democratic voter"], [49, "likely republican voter"], [50, "likely republican voter"], [54, "likely democratic voter"], [58, "likely republican voter"], [59, "likely democratic voter"], [61, "likely democratic voter"], [62, "likely republican voter"], [64, "likely republican voter"], [67, "likely third-party/abstain voter"], [76, "likely democratic voter"], [78, "likely republican voter"], [79, "likely republican voter"], [80, "likely democratic voter"], [82, "likely democratic voter"], [84, "likely republican voter"], [88, "likely republican voter"], [90, "likely republican voter"], [99, "likely republican voter"], [100, "likely democratic voter"], [105, "likely democratic voter"], [108, "likely democratic voter"]]}, "**Emotional Reactions to Political Events**: People who express strong emotional reactions to recent political events, such as praising or criticizing specific policies (e.g., Biden's climate change policy, the bipartisan infrastructure bill), are more likely to align with the party that aligns with their emotional stance. For example, praising Biden's climate change policy is more likely to indicate Democratic leanings, while criticizing it is more likely to indicate Republican leanings.": {"hypothesis": "**Emotional Reactions to Political Events**: People who express strong emotional reactions to recent political events, such as praising or criticizing specific policies (e.g., Biden's climate change policy, the bipartisan infrastructure bill), are more likely to align with the party that aligns with their emotional stance. For example, praising Biden's climate change policy is more likely to indicate Democratic leanings, while criticizing it is more likely to indicate Republican leanings.", "acc": 0.09090909090909091, "num_visits": 11, "reward": 0.42324970220616176, "correct_examples": [[115, "likely third-party/abstain voter"]]}, "**Stance on Specific Issues**: People who emphasize specific issues such as opposing tax cuts for corporations, supporting immigration reform, or criticizing social justice initiatives are more likely to align with specific voting preferences. For example, opposing tax cuts for corporations and supporting immigration reform are more likely to indicate Democratic or third-party leanings, while criticizing social justice initiatives is more likely to indicate Republican leanings.": {"hypothesis": "**Stance on Specific Issues**: People who emphasize specific issues such as opposing tax cuts for corporations, supporting immigration reform, or criticizing social justice initiatives are more likely to align with specific voting preferences. For example, opposing tax cuts for corporations and supporting immigration reform are more likely to indicate Democratic or third-party leanings, while criticizing social justice initiatives is more likely to indicate Republican leanings.", "acc": 0.09090909090909091, "num_visits": 11, "reward": 0.42298350288490427, "correct_examples": [[115, "likely third-party/abstain voter"]]}, "**Support for Third-Party Alternatives**: People who explicitly state their support for third-party candidates and their policies, especially in the context of opposing mainstream party stances, are more likely to be third-party voters.": {"hypothesis": "**Support for Third-Party Alternatives**: People who explicitly state their support for third-party candidates and their policies, especially in the context of opposing mainstream party stances, are more likely to be third-party voters.", "acc": 0.09090909090909091, "num_visits": 11, "reward": 0.42298350288490427, "correct_examples": [[115, "likely third-party/abstain voter"]]}}