{"**Criticism of mainstream political parties is more likely to indicate a Democratic voter.** People who express strong criticism of mainstream political parties, especially when combined with a desire for more progressive or alternative candidates, are more likely to lean Democratic, as they may see the Democratic Party as less aligned with their values.": {"hypothesis": "**Criticism of mainstream political parties is more likely to indicate a Democratic voter.** People who express strong criticism of mainstream political parties, especially when combined with a desire for more progressive or alternative candidates, are more likely to lean Democratic, as they may see the Democratic Party as less aligned with their values.", "acc": 0.3157894736842105, "num_visits": 19, "reward": 0.5667741592828082, "correct_examples": [[97, "likely democratic voter"], [98, "likely democratic voter"], [104, "likely democratic voter"], [106, "likely democratic voter"], [112, "likely democratic voter"], [117, "likely republican voter"]]}, "**Support for third-party candidates as a way to break away from the two-party system is more likely to indicate a Republican voter.** People who express a desire to vote for third-party candidates to break away from the two-party system, especially when combined with frustration with the Democratic Party, are more likely to lean Republican, as they may see the Republican Party as less aligned with their values and more open to alternative candidates.": {"hypothesis": "**Support for third-party candidates as a way to break away from the two-party system is more likely to indicate a Republican voter.** People who express a desire to vote for third-party candidates to break away from the two-party system, especially when combined with frustration with the Democratic Party, are more likely to lean Republican, as they may see the Republican Party as less aligned with their values and more open to alternative candidates.", "acc": 0.3157894736842105, "num_visits": 19, "reward": 0.5667741592828082, "correct_examples": [[101, "likely republican voter"], [103, "likely republican voter"], [107, "likely republican voter"], [113, "likely republican voter"], [117, "likely republican voter"], [119, "likely republican voter"]]}, "**Expression of Support for Non-Voting as Protest**: People who express support for non-voting as a form of protest are more likely to be Republican voters, even if they criticize certain Republican policies or actions.": {"hypothesis": "**Expression of Support for Non-Voting as Protest**: People who express support for non-voting as a form of protest are more likely to be Republican voters, even if they criticize certain Republican policies or actions.", "acc": 0.4166666666666667, "num_visits": 60, "reward": 0.5579036386732622, "correct_examples": [[64, "likely republican voter"], [67, "likely third-party/abstain voter"], [69, "likely republican voter"], [62, "likely republican voter"], [63, "likely republican voter"], [70, "likely republican voter"], [71, "likely republican voter"], [75, "likely republican voter"], [76, "likely democratic voter"], [78, "likely republican voter"], [79, "likely republican voter"], [80, "likely democratic voter"], [81, "likely republican voter"], [82, "likely democratic voter"], [84, "likely republican voter"], [88, "likely republican voter"], [90, "likely republican voter"], [92, "likely republican voter"], [94, "likely republican voter"], [99, "likely republican voter"], [100, "likely democratic voter"], [102, "likely republican voter"], [105, "likely democratic voter"], [117, "likely republican voter"], [118, "likely republican voter"]]}, "**Support for Third-Party Candidates**: People who express a strong desire to break away from the two-party system and support third-party candidates, especially when they mention specific issues they care about (e.g., representation of the people, policy ideas), are more likely to be Democratic voters.": {"hypothesis": "**Support for Third-Party Candidates**: People who express a strong desire to break away from the two-party system and support third-party candidates, especially when they mention specific issues they care about (e.g., representation of the people, policy ideas), are more likely to be Democratic voters.", "acc": 0.422680412371134, "num_visits": 97, "reward": 0.5337609968325223, "correct_examples": [[32, "likely democratic voter"], [21, "likely democratic voter"], [24, "likely democratic voter"], [25, "likely democratic voter"], [36, "likely republican voter"], [39, "likely republican voter"], [40, "likely republican voter"], [41, "likely republican voter"], [42, "likely democratic voter"], [43, "likely democratic voter"], [45, "likely third-party/abstain voter"], [48, "likely democratic voter"], [49, "likely republican voter"], [52, "likely democratic voter"], [53, "likely third-party/abstain voter"], [54, "likely democratic voter"], [55, "likely democratic voter"], [58, "likely republican voter"], [59, "likely democratic voter"], [60, "likely democratic voter"], [61, "likely democratic voter"], [70, "likely republican voter"], [72, "likely democratic voter"], [76, "likely democratic voter"], [79, "likely republican voter"], [80, "likely democratic voter"], [82, "likely democratic voter"], [84, "likely republican voter"], [85, "likely democratic voter"], [90, "likely republican voter"], [97, "likely democratic voter"], [98, "likely democratic voter"], [99, "likely republican voter"], [100, "likely democratic voter"], [105, "likely democratic voter"], [106, "likely democratic voter"], [108, "likely democratic voter"], [109, "likely democratic voter"], [112, "likely democratic voter"], [115, "likely third-party/abstain voter"], [117, "likely republican voter"]]}, "**Frustration with Mainstream Parties and Non-Voting as Protest**: Individuals who express frustration with mainstream political parties and lean towards non-voting as a form of protest are more likely to be Democratic voters.": {"hypothesis": "**Frustration with Mainstream Parties and Non-Voting as Protest**: Individuals who express frustration with mainstream political parties and lean towards non-voting as a form of protest are more likely to be Democratic voters.", "acc": 0.3853211009174312, "num_visits": 109, "reward": 0.49010891341765794, "correct_examples": [[15, "likely democratic voter"], [17, "likely democratic voter"], [18, "likely democratic voter"], [19, "likely democratic voter"], [21, "likely democratic voter"], [24, "likely democratic voter"], [29, "likely republican voter"], [31, "likely democratic voter"], [35, "likely democratic voter"], [36, "likely republican voter"], [39, "likely republican voter"], [40, "likely republican voter"], [41, "likely republican voter"], [42, "likely democratic voter"], [48, "likely democratic voter"], [49, "likely republican voter"], [52, "likely democratic voter"], [54, "likely democratic voter"], [56, "likely republican voter"], [58, "likely republican voter"], [59, "likely democratic voter"], [60, "likely democratic voter"], [61, "likely democratic voter"], [70, "likely republican voter"], [72, "likely democratic voter"], [76, "likely democratic voter"], [79, "likely republican voter"], [80, "likely democratic voter"], [82, "likely democratic voter"], [84, "likely republican voter"], [85, "likely democratic voter"], [90, "likely republican voter"], [97, "likely democratic voter"], [99, "likely republican voter"], [100, "likely democratic voter"], [104, "likely democratic voter"], [105, "likely democratic voter"], [106, "likely democratic voter"], [108, "likely democratic voter"], [109, "likely democratic voter"], [112, "likely democratic voter"], [117, "likely republican voter"]]}, "**Voters who express frustration with the current state of politics and lean towards non-voting as a form of protest are more likely to be Democratic voters.**": {"hypothesis": "**Voters who express frustration with the current state of politics and lean towards non-voting as a form of protest are more likely to be Democratic voters.**", "acc": 0.3614457831325301, "num_visits": 83, "reward": 0.4815297364808154, "correct_examples": [[35, "likely democratic voter"], [43, "likely democratic voter"], [47, "likely third-party/abstain voter"], [49, "likely republican voter"], [52, "likely democratic voter"], [54, "likely democratic voter"], [55, "likely democratic voter"], [58, "likely republican voter"], [59, "likely democratic voter"], [60, "likely democratic voter"], [61, "likely democratic voter"], [67, "likely third-party/abstain voter"], [70, "likely republican voter"], [76, "likely democratic voter"], [79, "likely republican voter"], [80, "likely democratic voter"], [82, "likely democratic voter"], [84, "likely republican voter"], [85, "likely democratic voter"], [89, "likely democratic voter"], [90, "likely republican voter"], [97, "likely democratic voter"], [99, "likely republican voter"], [100, "likely democratic voter"], [104, "likely democratic voter"], [105, "likely democratic voter"], [106, "likely democratic voter"], [109, "likely democratic voter"], [112, "likely democratic voter"], [117, "likely republican voter"]]}, "**Criticism of specific conservative policies (e.g., tax cuts for corporations) and support for third-party alternatives is more likely to indicate a Democratic voter.**": {"hypothesis": "**Criticism of specific conservative policies (e.g., tax cuts for corporations) and support for third-party alternatives is more likely to indicate a Democratic voter.**", "acc": 0.3424657534246575, "num_visits": 73, "reward": 0.4705107442171981, "correct_examples": [[49, "likely republican voter"], [52, "likely democratic voter"], [53, "likely third-party/abstain voter"], [54, "likely democratic voter"], [55, "likely democratic voter"], [58, "likely republican voter"], [59, "likely democratic voter"], [60, "likely democratic voter"], [61, "likely democratic voter"], [70, "likely republican voter"], [72, "likely democratic voter"], [76, "likely democratic voter"], [79, "likely republican voter"], [80, "likely democratic voter"], [82, "likely democratic voter"], [85, "likely democratic voter"], [90, "likely republican voter"], [97, "likely democratic voter"], [98, "likely democratic voter"], [99, "likely republican voter"], [100, "likely democratic voter"], [105, "likely democratic voter"], [108, "likely democratic voter"], [115, "likely third-party/abstain voter"], [117, "likely republican voter"]]}, "**Mention of non-voting as a form of protest is more likely to indicate a Democratic voter.**": {"hypothesis": "**Mention of non-voting as a form of protest is more likely to indicate a Democratic voter.**", "acc": 0.3456790123456791, "num_visits": 81, "reward": 0.4672364435568586, "correct_examples": [[2, "likely republican voter"], [4, "likely democratic voter"], [8, "likely republican voter"], [11, "likely republican voter"], [15, "likely democratic voter"], [17, "likely democratic voter"], [19, "likely democratic voter"], [25, "likely democratic voter"], [29, "likely republican voter"], [31, "likely democratic voter"], [35, "likely democratic voter"], [36, "likely republican voter"], [39, "likely republican voter"], [40, "likely republican voter"], [41, "likely republican voter"], [43, "likely democratic voter"], [49, "likely republican voter"], [52, "likely democratic voter"], [54, "likely democratic voter"], [89, "likely democratic voter"], [90, "likely republican voter"], [104, "likely democratic voter"], [105, "likely democratic voter"], [106, "likely democratic voter"], [108, "likely democratic voter"], [109, "likely democratic voter"], [112, "likely democratic voter"], [117, "likely republican voter"]]}, "**Support for Third-Party Alternatives and Climate Change Initiatives**: People who advocate for third-party alternatives and emphasize their support for climate change initiatives are more likely to be Democratic voters.": {"hypothesis": "**Support for Third-Party Alternatives and Climate Change Initiatives**: People who advocate for third-party alternatives and emphasize their support for climate change initiatives are more likely to be Democratic voters.", "acc": 0.3333333333333334, "num_visits": 96, "reward": 0.4446953314380242, "correct_examples": [[18, "likely democratic voter"], [24, "likely democratic voter"], [29, "likely republican voter"], [31, "likely democratic voter"], [32, "likely democratic voter"], [36, "likely republican voter"], [39, "likely republican voter"], [40, "likely republican voter"], [41, "likely republican voter"], [42, "likely democratic voter"], [43, "likely democratic voter"], [45, "likely third-party/abstain voter"], [49, "likely republican voter"], [52, "likely democratic voter"], [53, "likely third-party/abstain voter"], [55, "likely democratic voter"], [58, "likely republican voter"], [59, "likely democratic voter"], [60, "likely democratic voter"], [61, "likely democratic voter"], [76, "likely democratic voter"], [79, "likely republican voter"], [80, "likely democratic voter"], [82, "likely democratic voter"], [85, "likely democratic voter"], [90, "likely republican voter"], [97, "likely democratic voter"], [98, "likely democratic voter"], [99, "likely republican voter"], [100, "likely democratic voter"], [105, "likely democratic voter"], [108, "likely democratic voter"]]}, "**Non-Voting as a Protest**: People who express a leaning towards non-voting as a form of protest or who are considering not voting due to frustration with the current political system are more likely to be Republican voters.": {"hypothesis": "**Non-Voting as a Protest**: People who express a leaning towards non-voting as a form of protest or who are considering not voting due to frustration with the current political system are more likely to be Republican voters.", "acc": 0.32954545454545464, "num_visits": 88, "reward": 0.4457543939105928, "correct_examples": [[21, "likely democratic voter"], [27, "likely republican voter"], [36, "likely republican voter"], [39, "likely republican voter"], [40, "likely republican voter"], [41, "likely republican voter"], [47, "likely third-party/abstain voter"], [48, "likely democratic voter"], [49, "likely republican voter"], [50, "likely republican voter"], [54, "likely democratic voter"], [58, "likely republican voter"], [59, "likely democratic voter"], [61, "likely democratic voter"], [62, "likely republican voter"], [64, "likely republican voter"], [67, "likely third-party/abstain voter"], [76, "likely democratic voter"], [78, "likely republican voter"], [79, "likely republican voter"], [80, "likely democratic voter"], [82, "likely democratic voter"], [84, "likely republican voter"], [88, "likely republican voter"], [90, "likely republican voter"], [99, "likely republican voter"], [100, "likely democratic voter"], [105, "likely democratic voter"], [108, "likely democratic voter"]]}, "**Advocacy for Universal Healthcare and Third-Party Alternatives**: People who advocate for universal healthcare and third-party alternatives, while criticizing Republican policies (e.g., Second Amendment rights, libertarian policies), are more likely to be Republican voters.": {"hypothesis": "**Advocacy for Universal Healthcare and Third-Party Alternatives**: People who advocate for universal healthcare and third-party alternatives, while criticizing Republican policies (e.g., Second Amendment rights, libertarian policies), are more likely to be Republican voters.", "acc": 0.17647058823529413, "num_visits": 17, "reward": 0.44038340941356124, "correct_examples": [[67, "likely third-party/abstain voter"], [62, "likely republican voter"], [70, "likely republican voter"]]}, "**Expression of frustration with the current state of politics and considering non-voting is more likely to indicate a Democratic voter.**": {"hypothesis": "**Expression of frustration with the current state of politics and considering non-voting is more likely to indicate a Democratic voter.**", "acc": 0.3200000000000001, "num_visits": 75, "reward": 0.4457634304075614, "correct_examples": [[2, "likely republican voter"], [4, "likely democratic voter"], [8, "likely republican voter"], [9, "likely republican voter"], [11, "likely republican voter"], [15, "likely democratic voter"], [17, "likely democratic voter"], [19, "likely democratic voter"], [29, "likely republican voter"], [31, "likely democratic voter"], [35, "likely democratic voter"], [36, "likely republican voter"], [39, "likely republican voter"], [40, "likely republican voter"], [41, "likely republican voter"], [43, "likely democratic voter"], [49, "likely republican voter"], [52, "likely democratic voter"], [54, "likely democratic voter"], [56, "likely republican voter"], [58, "likely republican voter"], [59, "likely democratic voter"], [60, "likely democratic voter"], [61, "likely democratic voter"]]}, "**Uncertainty and Leaning Towards Conservative Values**: People who express uncertainty about their vote but lean towards candidates who champion conservative values are more likely to be Republican voters, even if they are frustrated with the current political climate.": {"hypothesis": "**Uncertainty and Leaning Towards Conservative Values**: People who express uncertainty about their vote but lean towards candidates who champion conservative values are more likely to be Republican voters, even if they are frustrated with the current political climate.", "acc": 0.2777777777777778, "num_visits": 36, "reward": 0.46011392459454703, "correct_examples": [[64, "likely republican voter"], [67, "likely third-party/abstain voter"], [62, "likely republican voter"], [70, "likely republican voter"], [76, "likely democratic voter"], [78, "likely republican voter"], [79, "likely republican voter"], [84, "likely republican voter"], [115, "likely third-party/abstain voter"], [117, "likely republican voter"]]}, "**Strong support for third-party alternatives, especially in the context of condemning Republican actions, is more likely to indicate a Republican voter.**": {"hypothesis": "**Strong support for third-party alternatives, especially in the context of condemning Republican actions, is more likely to indicate a Republican voter.**", "acc": 0.32500000000000007, "num_visits": 80, "reward": 0.44731480571130344, "correct_examples": [[0, "likely third-party/abstain voter"], [2, "likely republican voter"], [5, "likely republican voter"], [8, "likely republican voter"], [10, "likely republican voter"], [11, "likely republican voter"], [15, "likely democratic voter"], [16, "likely republican voter"], [29, "likely republican voter"], [31, "likely democratic voter"], [36, "likely republican voter"], [39, "likely republican voter"], [40, "likely republican voter"], [41, "likely republican voter"], [45, "likely third-party/abstain voter"], [47, "likely third-party/abstain voter"], [51, "likely republican voter"], [53, "likely third-party/abstain voter"], [54, "likely democratic voter"], [90, "likely republican voter"], [93, "likely republican voter"], [95, "likely republican voter"], [99, "likely republican voter"], [100, "likely democratic voter"], [105, "likely democratic voter"], [117, "likely republican voter"]]}, "**Expression of frustration with the two-party system and a desire for change is more likely to indicate a third-party/abstain voter.**": {"hypothesis": "**Expression of frustration with the two-party system and a desire for change is more likely to indicate a third-party/abstain voter.**", "acc": 0.2916666666666667, "num_visits": 48, "reward": 0.4481328565347513, "correct_examples": [[47, "likely third-party/abstain voter"], [49, "likely republican voter"], [53, "likely third-party/abstain voter"], [58, "likely republican voter"], [59, "likely democratic voter"], [61, "likely democratic voter"], [67, "likely third-party/abstain voter"], [70, "likely republican voter"], [79, "likely republican voter"], [80, "likely democratic voter"], [82, "likely democratic voter"], [84, "likely republican voter"], [90, "likely republican voter"], [99, "likely republican voter"]]}, "**Mention of support for universal healthcare and criticism of Republican actions (e.g., government shutdowns) is more likely to indicate a Democratic voter.**": {"hypothesis": "**Mention of support for universal healthcare and criticism of Republican actions (e.g., government shutdowns) is more likely to indicate a Democratic voter.**", "acc": 0.2702702702702703, "num_visits": 37, "reward": 0.4474171573126145, "correct_examples": [[47, "likely third-party/abstain voter"], [49, "likely republican voter"], [53, "likely third-party/abstain voter"], [58, "likely republican voter"], [59, "likely democratic voter"], [61, "likely democratic voter"], [67, "likely third-party/abstain voter"], [70, "likely republican voter"], [76, "likely democratic voter"], [82, "likely democratic voter"]]}, "**Uncertainty about voting and a leaning towards non-voting as a form of protest is more likely to indicate a third-party/abstain voter.**": {"hypothesis": "**Uncertainty about voting and a leaning towards non-voting as a form of protest is more likely to indicate a third-party/abstain voter.**", "acc": 0.2702702702702703, "num_visits": 37, "reward": 0.44723279852683934, "correct_examples": [[47, "likely third-party/abstain voter"], [49, "likely republican voter"], [53, "likely third-party/abstain voter"], [56, "likely republican voter"], [58, "likely republican voter"], [61, "likely democratic voter"], [67, "likely third-party/abstain voter"], [70, "likely republican voter"], [76, "likely democratic voter"], [79, "likely republican voter"]]}, "**Expression of Frustration with Mainstream Parties:** People who express frustration with the lack of third-party debate presence or criticize mainstream political parties are more likely to be Republican voters.": {"hypothesis": "**Expression of Frustration with Mainstream Parties:** People who express frustration with the lack of third-party debate presence or criticize mainstream political parties are more likely to be Republican voters.", "acc": 0.21739130434782608, "num_visits": 23, "reward": 0.44342709330401775, "correct_examples": [[93, "likely republican voter"], [95, "likely republican voter"], [99, "likely republican voter"], [100, "likely democratic voter"], [105, "likely democratic voter"]]}, "**Opposition to Specific Policies:** People who strongly oppose policies such as universal healthcare, social justice initiatives, or the defense of Second Amendment rights are more likely to be Republican voters.": {"hypothesis": "**Opposition to Specific Policies:** People who strongly oppose policies such as universal healthcare, social justice initiatives, or the defense of Second Amendment rights are more likely to be Republican voters.", "acc": 0.1, "num_visits": 10, "reward": 0.4381830487510936, "correct_examples": [[95, "likely republican voter"]]}, "**Praise for Bipartisan Achievements:** People who celebrate bipartisan achievements, such as the passage of the bipartisan infrastructure bill, are more likely to be Democratic voters, even if they express some frustration with other aspects of politics.": {"hypothesis": "**Praise for Bipartisan Achievements:** People who celebrate bipartisan achievements, such as the passage of the bipartisan infrastructure bill, are more likely to be Democratic voters, even if they express some frustration with other aspects of politics.", "acc": 0.1, "num_visits": 10, "reward": 0.4381830487510936, "correct_examples": [[89, "likely democratic voter"]]}}