{"**Expression of Support for Non-Voting as Protest**: People who express support for non-voting as a form of protest are more likely to be Republican voters, even if they criticize certain Republican policies or actions.": {"hypothesis": "**Expression of Support for Non-Voting as Protest**: People who express support for non-voting as a form of protest are more likely to be Republican voters, even if they criticize certain Republican policies or actions.", "acc": 0.5333333333333333, "num_visits": 30, "reward": 0.7269784053579498, "correct_examples": [[64, "likely republican voter"], [67, "likely third-party/abstain voter"], [69, "likely republican voter"], [62, "likely republican voter"], [63, "likely republican voter"], [70, "likely republican voter"], [71, "likely republican voter"], [75, "likely republican voter"], [76, "likely democratic voter"], [78, "likely republican voter"], [79, "likely republican voter"], [80, "likely democratic voter"], [81, "likely republican voter"], [82, "likely democratic voter"], [84, "likely republican voter"], [88, "likely republican voter"]]}, "**Support for Third-Party Candidates**: People who express a strong desire to break away from the two-party system and support third-party candidates, especially when they mention specific issues they care about (e.g., representation of the people, policy ideas), are more likely to be Democratic voters.": {"hypothesis": "**Support for Third-Party Candidates**: People who express a strong desire to break away from the two-party system and support third-party candidates, especially when they mention specific issues they care about (e.g., representation of the people, policy ideas), are more likely to be Democratic voters.", "acc": 0.43283582089552236, "num_visits": 67, "reward": 0.5624133443738809, "correct_examples": [[32, "likely democratic voter"], [21, "likely democratic voter"], [24, "likely democratic voter"], [25, "likely democratic voter"], [36, "likely republican voter"], [39, "likely republican voter"], [40, "likely republican voter"], [41, "likely republican voter"], [42, "likely democratic voter"], [43, "likely democratic voter"], [45, "likely third-party/abstain voter"], [48, "likely democratic voter"], [49, "likely republican voter"], [52, "likely democratic voter"], [53, "likely third-party/abstain voter"], [54, "likely democratic voter"], [55, "likely democratic voter"], [58, "likely republican voter"], [59, "likely democratic voter"], [60, "likely democratic voter"], [61, "likely democratic voter"], [70, "likely republican voter"], [72, "likely democratic voter"], [76, "likely democratic voter"], [79, "likely republican voter"], [80, "likely democratic voter"], [82, "likely democratic voter"], [84, "likely republican voter"], [85, "likely democratic voter"]]}, "**Criticism of specific conservative policies (e.g., tax cuts for corporations) and support for third-party alternatives is more likely to indicate a Democratic voter.**": {"hypothesis": "**Criticism of specific conservative policies (e.g., tax cuts for corporations) and support for third-party alternatives is more likely to indicate a Democratic voter.**", "acc": 0.37209302325581395, "num_visits": 43, "reward": 0.5338387623954498, "correct_examples": [[49, "likely republican voter"], [52, "likely democratic voter"], [53, "likely third-party/abstain voter"], [54, "likely democratic voter"], [55, "likely democratic voter"], [58, "likely republican voter"], [59, "likely democratic voter"], [60, "likely democratic voter"], [61, "likely democratic voter"], [70, "likely republican voter"], [72, "likely democratic voter"], [76, "likely democratic voter"], [79, "likely republican voter"], [80, "likely democratic voter"], [82, "likely democratic voter"], [85, "likely democratic voter"]]}, "**Voters who express frustration with the current state of politics and lean towards non-voting as a form of protest are more likely to be Democratic voters.**": {"hypothesis": "**Voters who express frustration with the current state of politics and lean towards non-voting as a form of protest are more likely to be Democratic voters.**", "acc": 0.3773584905660378, "num_visits": 53, "reward": 0.5230482888117578, "correct_examples": [[35, "likely democratic voter"], [43, "likely democratic voter"], [47, "likely third-party/abstain voter"], [49, "likely republican voter"], [52, "likely democratic voter"], [54, "likely democratic voter"], [55, "likely democratic voter"], [58, "likely republican voter"], [59, "likely democratic voter"], [60, "likely democratic voter"], [61, "likely democratic voter"], [67, "likely third-party/abstain voter"], [70, "likely republican voter"], [76, "likely democratic voter"], [79, "likely republican voter"], [80, "likely democratic voter"], [82, "likely democratic voter"], [84, "likely republican voter"], [85, "likely democratic voter"], [89, "likely democratic voter"]]}, "**Frustration with Mainstream Parties and Non-Voting as Protest**: Individuals who express frustration with mainstream political parties and lean towards non-voting as a form of protest are more likely to be Democratic voters.": {"hypothesis": "**Frustration with Mainstream Parties and Non-Voting as Protest**: Individuals who express frustration with mainstream political parties and lean towards non-voting as a form of protest are more likely to be Democratic voters.", "acc": 0.3924050632911392, "num_visits": 79, "reward": 0.5117361322548943, "correct_examples": [[15, "likely democratic voter"], [17, "likely democratic voter"], [18, "likely democratic voter"], [19, "likely democratic voter"], [21, "likely democratic voter"], [24, "likely democratic voter"], [29, "likely republican voter"], [31, "likely democratic voter"], [35, "likely democratic voter"], [36, "likely republican voter"], [39, "likely republican voter"], [40, "likely republican voter"], [41, "likely republican voter"], [42, "likely democratic voter"], [48, "likely democratic voter"], [49, "likely republican voter"], [52, "likely democratic voter"], [54, "likely democratic voter"], [56, "likely republican voter"], [58, "likely republican voter"], [59, "likely democratic voter"], [60, "likely democratic voter"], [61, "likely democratic voter"], [70, "likely republican voter"], [72, "likely democratic voter"], [76, "likely democratic voter"], [79, "likely republican voter"], [80, "likely democratic voter"], [82, "likely democratic voter"], [84, "likely republican voter"], [85, "likely democratic voter"]]}, "**Expression of frustration with the two-party system and a desire for change is more likely to indicate a third-party/abstain voter.**": {"hypothesis": "**Expression of frustration with the two-party system and a desire for change is more likely to indicate a third-party/abstain voter.**", "acc": 0.3076923076923077, "num_visits": 39, "reward": 0.4775302710107848, "correct_examples": [[47, "likely third-party/abstain voter"], [49, "likely republican voter"], [53, "likely third-party/abstain voter"], [58, "likely republican voter"], [59, "likely democratic voter"], [61, "likely democratic voter"], [67, "likely third-party/abstain voter"], [70, "likely republican voter"], [79, "likely republican voter"], [80, "likely democratic voter"], [82, "likely democratic voter"], [84, "likely republican voter"]]}, "**Non-Voting as a Protest**: People who express a leaning towards non-voting as a form of protest or who are considering not voting due to frustration with the current political system are more likely to be Republican voters.": {"hypothesis": "**Non-Voting as a Protest**: People who express a leaning towards non-voting as a form of protest or who are considering not voting due to frustration with the current political system are more likely to be Republican voters.", "acc": 0.375, "num_visits": 64, "reward": 0.5075797176219937, "correct_examples": [[21, "likely democratic voter"], [27, "likely republican voter"], [36, "likely republican voter"], [39, "likely republican voter"], [40, "likely republican voter"], [41, "likely republican voter"], [47, "likely third-party/abstain voter"], [48, "likely democratic voter"], [49, "likely republican voter"], [50, "likely republican voter"], [54, "likely democratic voter"], [58, "likely republican voter"], [59, "likely democratic voter"], [61, "likely democratic voter"], [62, "likely republican voter"], [64, "likely republican voter"], [67, "likely third-party/abstain voter"], [76, "likely democratic voter"], [78, "likely republican voter"], [79, "likely republican voter"], [80, "likely democratic voter"], [82, "likely democratic voter"], [84, "likely republican voter"], [88, "likely republican voter"]]}, "**Uncertainty and Leaning Towards Conservative Values**: People who express uncertainty about their vote but lean towards candidates who champion conservative values are more likely to be Republican voters, even if they are frustrated with the current political climate.": {"hypothesis": "**Uncertainty and Leaning Towards Conservative Values**: People who express uncertainty about their vote but lean towards candidates who champion conservative values are more likely to be Republican voters, even if they are frustrated with the current political climate.", "acc": 0.26666666666666666, "num_visits": 30, "reward": 0.46031173869128306, "correct_examples": [[64, "likely republican voter"], [67, "likely third-party/abstain voter"], [62, "likely republican voter"], [70, "likely republican voter"], [76, "likely democratic voter"], [78, "likely republican voter"], [79, "likely republican voter"], [84, "likely republican voter"]]}, "**Support for Third-Party Alternatives and Climate Change Initiatives**: People who advocate for third-party alternatives and emphasize their support for climate change initiatives are more likely to be Democratic voters.": {"hypothesis": "**Support for Third-Party Alternatives and Climate Change Initiatives**: People who advocate for third-party alternatives and emphasize their support for climate change initiatives are more likely to be Democratic voters.", "acc": 0.352112676056338, "num_visits": 71, "reward": 0.47798721775418007, "correct_examples": [[18, "likely democratic voter"], [24, "likely democratic voter"], [29, "likely republican voter"], [31, "likely democratic voter"], [32, "likely democratic voter"], [36, "likely republican voter"], [39, "likely republican voter"], [40, "likely republican voter"], [41, "likely republican voter"], [42, "likely democratic voter"], [43, "likely democratic voter"], [45, "likely third-party/abstain voter"], [49, "likely republican voter"], [52, "likely democratic voter"], [53, "likely third-party/abstain voter"], [55, "likely democratic voter"], [58, "likely republican voter"], [59, "likely democratic voter"], [60, "likely democratic voter"], [61, "likely democratic voter"], [76, "likely democratic voter"], [79, "likely republican voter"], [80, "likely democratic voter"], [82, "likely democratic voter"], [85, "likely democratic voter"]]}, "**Uncertainty about voting and a leaning towards non-voting as a form of protest is more likely to indicate a third-party/abstain voter.**": {"hypothesis": "**Uncertainty about voting and a leaning towards non-voting as a form of protest is more likely to indicate a third-party/abstain voter.**", "acc": 0.2857142857142857, "num_visits": 35, "reward": 0.46431815942556776, "correct_examples": [[47, "likely third-party/abstain voter"], [49, "likely republican voter"], [53, "likely third-party/abstain voter"], [56, "likely republican voter"], [58, "likely republican voter"], [61, "likely democratic voter"], [67, "likely third-party/abstain voter"], [70, "likely republican voter"], [76, "likely democratic voter"], [79, "likely republican voter"]]}, "**Advocacy for Universal Healthcare and Third-Party Alternatives**: People who advocate for universal healthcare and third-party alternatives, while criticizing Republican policies (e.g., Second Amendment rights, libertarian policies), are more likely to be Republican voters.": {"hypothesis": "**Advocacy for Universal Healthcare and Third-Party Alternatives**: People who advocate for universal healthcare and third-party alternatives, while criticizing Republican policies (e.g., Second Amendment rights, libertarian policies), are more likely to be Republican voters.", "acc": 0.1875, "num_visits": 16, "reward": 0.45199647961026246, "correct_examples": [[67, "likely third-party/abstain voter"], [62, "likely republican voter"], [70, "likely republican voter"]]}, "**Mention of non-voting as a form of protest is more likely to indicate a Democratic voter.**": {"hypothesis": "**Mention of non-voting as a form of protest is more likely to indicate a Democratic voter.**", "acc": 0.33898305084745767, "num_visits": 59, "reward": 0.47706632329027776, "correct_examples": [[2, "likely republican voter"], [4, "likely democratic voter"], [8, "likely republican voter"], [11, "likely republican voter"], [15, "likely democratic voter"], [17, "likely democratic voter"], [19, "likely democratic voter"], [25, "likely democratic voter"], [29, "likely republican voter"], [31, "likely democratic voter"], [35, "likely democratic voter"], [36, "likely republican voter"], [39, "likely republican voter"], [40, "likely republican voter"], [41, "likely republican voter"], [43, "likely democratic voter"], [49, "likely republican voter"], [52, "likely democratic voter"], [54, "likely democratic voter"], [89, "likely democratic voter"]]}, "**Strong support for third-party alternatives, especially in the context of condemning Republican actions, is more likely to indicate a Republican voter.**": {"hypothesis": "**Strong support for third-party alternatives, especially in the context of condemning Republican actions, is more likely to indicate a Republican voter.**", "acc": 0.33333333333333337, "num_visits": 57, "reward": 0.46649744636411333, "correct_examples": [[0, "likely third-party/abstain voter"], [2, "likely republican voter"], [5, "likely republican voter"], [8, "likely republican voter"], [10, "likely republican voter"], [11, "likely republican voter"], [15, "likely democratic voter"], [16, "likely republican voter"], [29, "likely republican voter"], [31, "likely democratic voter"], [36, "likely republican voter"], [39, "likely republican voter"], [40, "likely republican voter"], [41, "likely republican voter"], [45, "likely third-party/abstain voter"], [47, "likely third-party/abstain voter"], [51, "likely republican voter"], [53, "likely third-party/abstain voter"], [54, "likely democratic voter"]]}, "**Expression of frustration with the current state of politics and considering non-voting is more likely to indicate a Democratic voter.**": {"hypothesis": "**Expression of frustration with the current state of politics and considering non-voting is more likely to indicate a Democratic voter.**", "acc": 0.34285714285714297, "num_visits": 70, "reward": 0.4660366756255109, "correct_examples": [[2, "likely republican voter"], [4, "likely democratic voter"], [8, "likely republican voter"], [9, "likely republican voter"], [11, "likely republican voter"], [15, "likely democratic voter"], [17, "likely democratic voter"], [19, "likely democratic voter"], [29, "likely republican voter"], [31, "likely democratic voter"], [35, "likely democratic voter"], [36, "likely republican voter"], [39, "likely republican voter"], [40, "likely republican voter"], [41, "likely republican voter"], [43, "likely democratic voter"], [49, "likely republican voter"], [52, "likely democratic voter"], [54, "likely democratic voter"], [56, "likely republican voter"], [58, "likely republican voter"], [59, "likely democratic voter"], [60, "likely democratic voter"], [61, "likely democratic voter"]]}, "**Mention of support for universal healthcare and criticism of Republican actions (e.g., government shutdowns) is more likely to indicate a Democratic voter.**": {"hypothesis": "**Mention of support for universal healthcare and criticism of Republican actions (e.g., government shutdowns) is more likely to indicate a Democratic voter.**", "acc": 0.2857142857142857, "num_visits": 35, "reward": 0.4640868351769504, "correct_examples": [[47, "likely third-party/abstain voter"], [49, "likely republican voter"], [53, "likely third-party/abstain voter"], [58, "likely republican voter"], [59, "likely democratic voter"], [61, "likely democratic voter"], [67, "likely third-party/abstain voter"], [70, "likely republican voter"], [76, "likely democratic voter"], [82, "likely democratic voter"]]}, "**Emphasis on Values Alignment**: People who emphasize that a candidate's values align with their own, particularly when those values are associated with Democratic ideals, are more likely to be Republican voters. This may indicate a strategic alignment rather than a genuine ideological match.": {"hypothesis": "**Emphasis on Values Alignment**: People who emphasize that a candidate's values align with their own, particularly when those values are associated with Democratic ideals, are more likely to be Republican voters. This may indicate a strategic alignment rather than a genuine ideological match.", "acc": 0.1, "num_visits": 10, "reward": 0.4337044836473398, "correct_examples": [[78, "likely republican voter"]]}, "**Promotion of Non-Voting as Protest**: People who advocate for non-voting as a form of protest, especially when this stance is tied to specific issues like gun rights or immigration reform, are more likely to be Republican voters. This suggests a form of political disillusionment that aligns with certain conservative values.": {"hypothesis": "**Promotion of Non-Voting as Protest**: People who advocate for non-voting as a form of protest, especially when this stance is tied to specific issues like gun rights or immigration reform, are more likely to be Republican voters. This suggests a form of political disillusionment that aligns with certain conservative values.", "acc": 0.1, "num_visits": 10, "reward": 0.4337044836473398, "correct_examples": [[78, "likely republican voter"]]}, "**Criticism of Libertarian Policies**: People who express strong opposition to libertarian policies and advocate for more government intervention, especially in areas like healthcare and social justice, are more likely to be Republican voters.": {"hypothesis": "**Criticism of Libertarian Policies**: People who express strong opposition to libertarian policies and advocate for more government intervention, especially in areas like healthcare and social justice, are more likely to be Republican voters.", "acc": 0.1, "num_visits": 10, "reward": 0.4337044836473398, "correct_examples": [[78, "likely republican voter"]]}, "**Support for Third-Party Candidates and Criticism of Major Parties**: People who express a strong desire to vote for third-party candidates and criticize both major parties equally are more likely to be third-party or abstain voters.": {"hypothesis": "**Support for Third-Party Candidates and Criticism of Major Parties**: People who express a strong desire to vote for third-party candidates and criticize both major parties equally are more likely to be third-party or abstain voters.", "acc": 0.1, "num_visits": 10, "reward": 0.42590241031823317, "correct_examples": [[67, "likely third-party/abstain voter"]]}, "**Frustration with Two-Party System and Specific Criticisms**: People who express frustration with the two-party system and specifically criticize Republican actions (e.g., government shutdowns, Supreme Court decisions favoring conservatives) are more likely to be Democratic voters.": {"hypothesis": "**Frustration with Two-Party System and Specific Criticisms**: People who express frustration with the two-party system and specifically criticize Republican actions (e.g., government shutdowns, Supreme Court decisions favoring conservatives) are more likely to be Democratic voters.", "acc": 0.1, "num_visits": 10, "reward": 0.42590241031823317, "correct_examples": [[60, "likely democratic voter"]]}}