{"Customers wearing a blue shirt are more likely to buy blue shoes.": {"hypothesis": "", "acc": 0.0, "num_visits": 0, "reward": 0, "correct_examples": []}, "Customers wearing a brightly colored shirt (red, orange, green, blue) are more likely to buy neutral-colored shoes (white, black).": {"hypothesis": "", "acc": 0.0, "num_visits": 0, "reward": 0, "correct_examples": []}, "Customers wearing a red shirt are more likely to buy red shoes.": {"hypothesis": "", "acc": 0.0, "num_visits": 0, "reward": 0, "correct_examples": []}, "Male customers are more likely to buy black or white shoes.": {"hypothesis": "", "acc": 0.0, "num_visits": 0, "reward": 0, "correct_examples": []}, "Customers with a bag that matches their shirt color are more likely to buy shoes that also match.": {"hypothesis": "", "acc": 0.0, "num_visits": 0, "reward": 0, "correct_examples": []}, "Customers with a small bag are more likely to buy shoes in a color that contrasts with their shirt.": {"hypothesis": "", "acc": 0.0, "num_visits": 0, "reward": 0, "correct_examples": []}, "Customers with a bag that contrasts with their shirt color are more likely to buy shoes that match their bag.": {"hypothesis": "", "acc": 0.0, "num_visits": 0, "reward": 0, "correct_examples": []}, "Customers who are short (under 5 feet) are more likely to buy colorful shoes (red, orange, green, blue).": {"hypothesis": "", "acc": 0.0, "num_visits": 0, "reward": 0, "correct_examples": []}, "Customers wearing a hat that contrasts with their shirt color are more likely to buy shoes that match their hat.": {"hypothesis": "", "acc": 0.0, "num_visits": 0, "reward": 0, "correct_examples": []}, "Younger customers (under 30) are more likely to buy colorful shoes (red, orange, green, blue).": {"hypothesis": "", "acc": 0.0, "num_visits": 0, "reward": 0, "correct_examples": []}, "Female customers are more likely to buy a variety of shoe colors, including red, green, and blue.": {"hypothesis": "", "acc": 0.0, "num_visits": 0, "reward": 0, "correct_examples": []}, "Customers wearing a hat that matches their shirt color are more likely to buy shoes that also match.": {"hypothesis": "", "acc": 0.0, "num_visits": 0, "reward": 0, "correct_examples": []}, "Customers wearing a black shirt are more likely to buy black shoes.": {"hypothesis": "", "acc": 0.0, "num_visits": 0, "reward": 0, "correct_examples": []}, "Customers who are tall (over 6 feet) are more likely to buy black or white shoes.": {"hypothesis": "", "acc": 0.0, "num_visits": 0, "reward": 0, "correct_examples": []}, "Customers wearing a neutral-colored shirt (white, black, gray) are more likely to buy shoes in a contrasting color.": {"hypothesis": "", "acc": 0.0, "num_visits": 0, "reward": 0, "correct_examples": []}, "Customers wearing a green shirt are more likely to buy green shoes.": {"hypothesis": "", "acc": 0.0, "num_visits": 0, "reward": 0, "correct_examples": []}, "Customers wearing a white shirt are more likely to buy white shoes.": {"hypothesis": "", "acc": 0.0, "num_visits": 0, "reward": 0, "correct_examples": []}, "Older customers (over 50) are more likely to buy neutral-colored shoes (white, black).": {"hypothesis": "", "acc": 0.0, "num_visits": 0, "reward": 0, "correct_examples": []}, "Customers with a large bag are more likely to buy black or white shoes.": {"hypothesis": "", "acc": 0.0, "num_visits": 0, "reward": 0, "correct_examples": []}, "Customers wearing a hat are more likely to buy shoes that match the color of their hat.": {"hypothesis": "", "acc": 0.0, "num_visits": 0, "reward": 0, "correct_examples": []}}