{"If a tweet expresses frustration with the lack of celebration of a bipartisan infrastructure bill, the voter is likely Republican.": {"hypothesis": "If a tweet expresses frustration with the lack of celebration of a bipartisan infrastructure bill, the voter is likely Republican.", "acc": 0.3, "num_visits": 10, "reward": 0.5399262956094041, "correct_examples": [[0, "likely third-party/abstain voter"], [2, "likely republican voter"], [8, "likely republican voter"]]}, "If a tweet is frustrated with the lack of condemnation of a government shutdown linked to Republicans, the voter is likely Democratic.": {"hypothesis": "If a tweet is frustrated with the lack of condemnation of a government shutdown linked to Republicans, the voter is likely Democratic.", "acc": 0.1, "num_visits": 10, "reward": 0.33992629560940407, "correct_examples": [[2, "likely republican voter"]]}, "If a tweet is frustrated with third-party debate presence, the voter is likely Republican.\n\nThat seems better. Now, I'll present these as the five hypotheses.\n</think>\n\nHere are five refined hypotheses based on the analysis of the provided examples, focusing on specific policy issues and event references to determine party preference:": {"hypothesis": "If a tweet is frustrated with third-party debate presence, the voter is likely Republican.\n\nThat seems better. Now, I'll present these as the five hypotheses.\n</think>\n\nHere are five refined hypotheses based on the analysis of the provided examples, focusing on specific policy issues and event references to determine party preference:", "acc": 0.4, "num_visits": 10, "reward": 0.6399262956094041, "correct_examples": [[0, "likely third-party/abstain voter"], [2, "likely republican voter"], [8, "likely republican voter"], [9, "likely republican voter"]]}, "If a tweet is frustrated with third-party debate presence, the voter is likely Republican.\n\nWait, but in the second example, the expected output was Democratic, but the hypothesis I came up with says Republican. Maybe I need to adjust that. Let me check again.\n\nIn the second example, the user was frustrated with the lack of condemnation of the government shutdown by Republicans, expecting a Democratic output. So perhaps if the user is frustrated that Republicans aren't being condemned, they might be Democratic. So maybe the hypothesis should be that frustration with Republican actions (like a shutdown) not being condemned suggests a Democratic leaning.\n\nSimilarly, in the first example, frustration with the lack of celebration of the infrastructure bill (a bipartisan but perhaps more Democratic-backed bill) might indicate Republican leaning because they're not celebrating it.\n\nSo, adjusting the hypotheses:": {"hypothesis": "If a tweet is frustrated with third-party debate presence, the voter is likely Republican.\n\nWait, but in the second example, the expected output was Democratic, but the hypothesis I came up with says Republican. Maybe I need to adjust that. Let me check again.\n\nIn the second example, the user was frustrated with the lack of condemnation of the government shutdown by Republicans, expecting a Democratic output. So perhaps if the user is frustrated that Republicans aren't being condemned, they might be Democratic. So maybe the hypothesis should be that frustration with Republican actions (like a shutdown) not being condemned suggests a Democratic leaning.\n\nSimilarly, in the first example, frustration with the lack of celebration of the infrastructure bill (a bipartisan but perhaps more Democratic-backed bill) might indicate Republican leaning because they're not celebrating it.\n\nSo, adjusting the hypotheses:", "acc": 0.4, "num_visits": 10, "reward": 0.6399262956094041, "correct_examples": [[0, "likely third-party/abstain voter"], [2, "likely republican voter"], [8, "likely republican voter"], [9, "likely republican voter"]]}, "If a tweet is frustrated with the lack of condemnation of a government shutdown linked to Republicans, the voter is likely Republican.": {"hypothesis": "If a tweet is frustrated with the lack of condemnation of a government shutdown linked to Republicans, the voter is likely Republican.", "acc": 0.3, "num_visits": 10, "reward": 0.5399262956094041, "correct_examples": [[2, "likely republican voter"], [6, "likely republican voter"], [8, "likely republican voter"]]}}