{"If a tweet is frustrated with third-party debate presence, which could be a Republican concern, the voter is likely Republican.\n\nI think these hypotheses better capture the nuances in the examples by focusing on specific policy issues and event references rather than just party mentions.\n</think>\n\nHere are five refined hypotheses based on the analysis of the provided examples, focusing on specific policy issues and event references to determine party preference:": {"hypothesis": "If a tweet is frustrated with third-party debate presence, which could be a Republican concern, the voter is likely Republican.\n\nI think these hypotheses better capture the nuances in the examples by focusing on specific policy issues and event references rather than just party mentions.\n</think>\n\nHere are five refined hypotheses based on the analysis of the provided examples, focusing on specific policy issues and event references to determine party preference:", "acc": 0.4, "num_visits": 10, "reward": 0.6399262956094041, "correct_examples": [[0, "likely third-party/abstain voter"], [2, "likely republican voter"], [5, "likely republican voter"], [8, "likely republican voter"]]}, "**Third-Party Advocacy Hypothesis**: If a tweet expresses frustration over the lack of third-party debate presence, which may align with Republican concerns, the voter is likely Republican.\n\nThese hypotheses aim to capture the nuances by focusing on specific issues and events rather than general party mentions.": {"hypothesis": "**Third-Party Advocacy Hypothesis**: If a tweet expresses frustration over the lack of third-party debate presence, which may align with Republican concerns, the voter is likely Republican.\n\nThese hypotheses aim to capture the nuances by focusing on specific issues and events rather than general party mentions.", "acc": 0.5, "num_visits": 10, "reward": 0.739926295609404, "correct_examples": [[0, "likely third-party/abstain voter"], [2, "likely republican voter"], [7, "likely republican voter"], [8, "likely republican voter"], [9, "likely republican voter"]]}, "If a tweet mentions non-voting as protest, which is more associated with certain movements, the voter might lean Democratic.": {"hypothesis": "If a tweet mentions non-voting as protest, which is more associated with certain movements, the voter might lean Democratic.", "acc": 0.4, "num_visits": 10, "reward": 0.6399262956094041, "correct_examples": [[0, "likely third-party/abstain voter"], [2, "likely republican voter"], [4, "likely democratic voter"], [8, "likely republican voter"]]}, "If a tweet expresses frustration with Democratic policies (like universal healthcare) and condemns Republican actions, the voter is likely Republican but dissatisfied.": {"hypothesis": "If a tweet expresses frustration with Democratic policies (like universal healthcare) and condemns Republican actions, the voter is likely Republican but dissatisfied.", "acc": 0.3, "num_visits": 10, "reward": 0.5399262956094041, "correct_examples": [[0, "likely third-party/abstain voter"], [2, "likely republican voter"], [8, "likely republican voter"]]}, "**Bipartisan Support Hypothesis**: If a tweet supports bipartisan efforts (e.g., infrastructure bill) and expresses frustration over the lack of celebration, the voter is likely Democratic, valuing collaborative policies.": {"hypothesis": "**Bipartisan Support Hypothesis**: If a tweet supports bipartisan efforts (e.g., infrastructure bill) and expresses frustration over the lack of celebration, the voter is likely Democratic, valuing collaborative policies.", "acc": 0.5, "num_visits": 10, "reward": 0.739926295609404, "correct_examples": [[0, "likely third-party/abstain voter"], [2, "likely republican voter"], [3, "likely democratic voter"], [8, "likely republican voter"], [9, "likely republican voter"]]}}