{"**Use of patriotic language**: Tweets containing patriotic language (e.g. \"America First\", \"USA\") are more likely to indicate a vote for the Republican party.": {"hypothesis": "", "acc": 0.0, "num_visits": 0, "reward": 0, "correct_examples": []}, "**Hashtag usage**: Tweets containing hashtags associated with a particular party or ideology (e.g. #MAGA, #Resistance) are more likely to indicate a vote for that party.": {"hypothesis": "", "acc": 0.0, "num_visits": 0, "reward": 0, "correct_examples": []}, "**Mention of social justice issues**: Tweets mentioning social justice issues (e.g. racism, sexism) are more likely to indicate a vote for the Democratic party.": {"hypothesis": "", "acc": 0.0, "num_visits": 0, "reward": 0, "correct_examples": []}, "**Use of conservative language**: Tweets containing conservative language (e.g. \"small government\", \"personal responsibility\") are more likely to indicate a vote for the Republican party.": {"hypothesis": "", "acc": 0.0, "num_visits": 0, "reward": 0, "correct_examples": []}, "**Emotional tone**: Tweets with a positive emotional tone are more likely to indicate a vote for the incumbent party, while negative emotional tone is more likely to indicate a vote for the opposing party.": {"hypothesis": "", "acc": 0.0, "num_visits": 0, "reward": 0, "correct_examples": []}, "**Use of liberal language**: Tweets containing liberal language (e.g. \"social justice\", \"equality\") are more likely to indicate a vote for the Democratic party.": {"hypothesis": "", "acc": 0.0, "num_visits": 0, "reward": 0, "correct_examples": []}, "**Use of partisan memes**: Tweets containing partisan memes (e.g. \" covfefe\", \"resistance\") are more likely to indicate a vote for the party associated with the meme.\n\nPlease note that these hypotheses are not definitive and may not be applicable to every individual. They are meant to serve as a starting point for further analysis and refinement.": {"hypothesis": "", "acc": 0.0, "num_visits": 0, "reward": 0, "correct_examples": []}, "**Tone towards specific politicians**: Tweets expressing positive sentiment towards specific politicians (e.g. Trump, Biden) are more likely to indicate a vote for that politician's party.": {"hypothesis": "", "acc": 0.0, "num_visits": 0, "reward": 0, "correct_examples": []}, "**Use of nationalist language**: Tweets containing nationalist language (e.g. \"America First\", \"border security\") are more likely to indicate a vote for the Republican party.": {"hypothesis": "", "acc": 0.0, "num_visits": 0, "reward": 0, "correct_examples": []}, "**Use of populist language**: Tweets containing populist language (e.g. \"drain the swamp\", \"elites\") are more likely to indicate a vote for the Republican party.": {"hypothesis": "", "acc": 0.0, "num_visits": 0, "reward": 0, "correct_examples": []}, "**Mention of environmental issues**: Tweets mentioning environmental issues (e.g. climate change, conservation) are more likely to indicate a vote for the Democratic party.": {"hypothesis": "", "acc": 0.0, "num_visits": 0, "reward": 0, "correct_examples": []}, "**Criticism of government institutions**: Tweets criticizing government institutions (e.g. Congress, Supreme Court) are more likely to indicate a vote for the opposing party.": {"hypothesis": "", "acc": 0.0, "num_visits": 0, "reward": 0, "correct_examples": []}, "**Tone towards specific groups**: Tweets expressing negative sentiment towards specific groups (e.g. immigrants, minorities) are more likely to indicate a vote for the Republican party.": {"hypothesis": "", "acc": 0.0, "num_visits": 0, "reward": 0, "correct_examples": []}, "**Mention of economic issues**: Tweets mentioning economic issues (e.g. jobs, taxes) are more likely to indicate a vote for the party that prioritizes economic growth.": {"hypothesis": "", "acc": 0.0, "num_visits": 0, "reward": 0, "correct_examples": []}, "**Mention of education**: Tweets mentioning education are more likely to indicate a vote for the Democratic party.": {"hypothesis": "", "acc": 0.0, "num_visits": 0, "reward": 0, "correct_examples": []}, "**Mention of gun control**: Tweets mentioning gun control are more likely to indicate a vote for the Democratic party.": {"hypothesis": "", "acc": 0.0, "num_visits": 0, "reward": 0, "correct_examples": []}, "**Mention of specific policies**: Tweets mentioning specific policies (e.g. healthcare, climate change) are more likely to indicate a vote for the party that prioritizes those issues.": {"hypothesis": "", "acc": 0.0, "num_visits": 0, "reward": 0, "correct_examples": []}, "**Criticism of opposing party**: Tweets criticizing the opposing party or its leaders are more likely to indicate a vote for the other party.": {"hypothesis": "", "acc": 0.0, "num_visits": 0, "reward": 0, "correct_examples": []}, "**Use of sarcastic language**: Tweets containing sarcastic language when discussing politics are more likely to indicate a vote for the opposing party.": {"hypothesis": "", "acc": 0.0, "num_visits": 0, "reward": 0, "correct_examples": []}, "**Mention of healthcare**: Tweets mentioning healthcare are more likely to indicate a vote for the Democratic party.": {"hypothesis": "", "acc": 0.0, "num_visits": 0, "reward": 0, "correct_examples": []}}