{"The color of the shoes a customer buys matches the color of their hat.": {"hypothesis": "The color of the shoes a customer buys matches the color of their hat.", "acc": 0.6976744186046512, "num_visits": 43, "reward": 0.8694499247374331, "correct_examples": [[101, "green"], [103, "black"], [109, "blue"], [114, "red"], [119, "blue"], [125, "green"], [126, "green"], [128, "orange"], [129, "orange"], [130, "red"], [131, "orange"], [132, "black"], [133, "blue"], [134, "green"], [135, "black"], [138, "black"], [140, "blue"], [142, "black"], [144, "white"], [145, "black"], [147, "black"], [148, "green"], [149, "white"], [150, "black"], [151, "orange"], [152, "orange"], [153, "orange"], [154, "white"], [156, "white"], [159, "blue"]]}, "The color of the shoes a customer buys matches the color of their shirt.": {"hypothesis": "The color of the shoes a customer buys matches the color of their shirt.", "acc": 0.6260869565217393, "num_visits": 115, "reward": 0.731124980850342, "correct_examples": [[41, "green"], [42, "blue"], [45, "red"], [50, "orange"], [51, "white"], [52, "black"], [53, "green"], [54, "green"], [55, "red"], [56, "red"], [57, "red"], [58, "blue"], [60, "white"], [61, "white"], [63, "orange"], [64, "white"], [65, "red"], [66, "blue"], [67, "green"], [68, "green"], [69, "white"], [70, "white"], [71, "red"], [72, "blue"], [73, "green"], [74, "blue"], [75, "blue"], [76, "black"], [77, "blue"], [78, "green"], [79, "green"], [80, "orange"], [81, "black"], [83, "orange"], [86, "green"], [88, "green"], [92, "blue"], [94, "blue"], [97, "white"], [98, "blue"], [100, "black"], [102, "red"], [104, "red"], [105, "blue"], [107, "white"], [108, "green"], [110, "orange"], [111, "red"], [112, "blue"], [113, "black"], [115, "black"], [116, "white"], [117, "blue"], [118, "orange"], [120, "red"], [121, "green"], [122, "green"], [123, "blue"], [124, "orange"], [127, "black"], [133, "blue"], [135, "black"], [136, "red"], [137, "black"], [139, "white"], [141, "blue"], [143, "black"], [146, "green"], [155, "blue"], [157, "red"], [158, "red"], [159, "blue"]]}, "Customers tend to choose shoe colors that match their shirt color.": {"hypothesis": "Customers tend to choose shoe colors that match their shirt color.", "acc": 0.64, "num_visits": 150, "reward": 0.731970772669309, "correct_examples": [[10, "green"], [11, "red"], [13, "orange"], [15, "red"], [16, "white"], [19, "green"], [21, "blue"], [22, "blue"], [23, "blue"], [24, "orange"], [25, "black"], [26, "black"], [27, "orange"], [28, "red"], [29, "black"], [34, "black"], [35, "black"], [37, "blue"], [38, "orange"], [39, "white"], [41, "green"], [42, "blue"], [43, "blue"], [44, "black"], [45, "red"], [47, "orange"], [48, "blue"], [50, "orange"], [51, "white"], [52, "black"], [53, "green"], [54, "green"], [55, "red"], [56, "red"], [57, "red"], [58, "blue"], [60, "white"], [61, "white"], [63, "orange"], [64, "white"], [65, "red"], [66, "blue"], [67, "green"], [68, "green"], [69, "white"], [70, "white"], [71, "red"], [72, "blue"], [73, "green"], [74, "blue"], [75, "blue"], [76, "black"], [77, "blue"], [78, "green"], [79, "green"], [80, "orange"], [81, "black"], [83, "orange"], [86, "green"], [88, "green"], [92, "blue"], [94, "blue"], [97, "white"], [98, "blue"], [100, "black"], [102, "red"], [104, "red"], [105, "blue"], [107, "white"], [108, "green"], [110, "orange"], [111, "red"], [112, "blue"], [113, "black"], [115, "black"], [116, "white"], [117, "blue"], [118, "orange"], [120, "red"], [121, "green"], [122, "green"], [123, "blue"], [124, "orange"], [127, "black"], [133, "blue"], [135, "black"], [136, "red"], [137, "black"], [139, "white"], [141, "blue"], [143, "black"], [146, "green"], [155, "blue"], [157, "red"], [158, "red"], [159, "blue"]]}, "Young, short man: white hat, green shirt, large blue bag \u2192 green shoes. Shoes match the shirt.": {"hypothesis": "Young, short man: white hat, green shirt, large blue bag \u2192 green shoes. Shoes match the shirt.", "acc": 0.6312499999999996, "num_visits": 160, "reward": 0.7203003177215151, "correct_examples": [[1, "red"], [2, "green"], [5, "green"], [6, "white"], [9, "black"], [10, "green"], [11, "red"], [13, "orange"], [15, "red"], [16, "white"], [19, "green"], [21, "blue"], [22, "blue"], [23, "blue"], [24, "orange"], [25, "black"], [26, "black"], [27, "orange"], [28, "red"], [29, "black"], [34, "black"], [35, "black"], [37, "blue"], [38, "orange"], [39, "white"], [41, "green"], [42, "blue"], [43, "blue"], [44, "black"], [45, "red"], [47, "orange"], [48, "blue"], [50, "orange"], [51, "white"], [52, "black"], [53, "green"], [54, "green"], [55, "red"], [56, "red"], [57, "red"], [58, "blue"], [60, "white"], [61, "white"], [63, "orange"], [64, "white"], [65, "red"], [66, "blue"], [67, "green"], [68, "green"], [69, "white"], [70, "white"], [71, "red"], [72, "blue"], [73, "green"], [74, "blue"], [75, "blue"], [76, "black"], [77, "blue"], [78, "green"], [79, "green"], [80, "orange"], [81, "black"], [83, "orange"], [86, "green"], [88, "green"], [92, "blue"], [94, "blue"], [97, "white"], [98, "blue"], [100, "black"], [102, "red"], [104, "red"], [105, "blue"], [107, "white"], [108, "green"], [110, "orange"], [111, "red"], [112, "blue"], [113, "black"], [115, "black"], [116, "white"], [117, "blue"], [118, "orange"], [120, "red"], [121, "green"], [122, "green"], [123, "blue"], [124, "orange"], [127, "black"], [133, "blue"], [135, "black"], [136, "red"], [137, "black"], [139, "white"], [141, "blue"], [143, "black"], [146, "green"], [155, "blue"], [157, "red"], [158, "red"], [159, "blue"]]}, "Shoe color matches hat color.": {"hypothesis": "Shoe color matches hat color.", "acc": 0.6142857142857143, "num_visits": 70, "reward": 0.7489171399213816, "correct_examples": [[96, "orange"], [99, "blue"], [85, "red"], [87, "blue"], [89, "white"], [90, "orange"], [91, "green"], [93, "green"], [95, "red"], [101, "green"], [103, "black"], [105, "blue"], [106, "green"], [109, "blue"], [114, "red"], [115, "black"], [116, "white"], [119, "blue"], [125, "green"], [126, "green"], [128, "orange"], [129, "orange"], [130, "red"], [131, "orange"], [132, "black"], [133, "blue"], [134, "green"], [135, "black"], [138, "black"], [140, "blue"], [142, "black"], [144, "white"], [145, "black"], [147, "black"], [148, "green"], [149, "white"], [150, "black"], [151, "orange"], [152, "orange"], [153, "orange"], [154, "white"], [156, "white"], [159, "blue"]]}, "The shirt color is a strong indicator of the shoe color choice.": {"hypothesis": "The shirt color is a strong indicator of the shoe color choice.", "acc": 0.6071428571428571, "num_visits": 140, "reward": 0.70234165117065, "correct_examples": [[21, "blue"], [22, "blue"], [23, "blue"], [24, "orange"], [25, "black"], [26, "black"], [27, "orange"], [28, "red"], [29, "black"], [34, "black"], [35, "black"], [37, "blue"], [38, "orange"], [39, "white"], [41, "green"], [42, "blue"], [43, "blue"], [44, "black"], [47, "orange"], [48, "blue"], [50, "orange"], [51, "white"], [52, "black"], [53, "green"], [54, "green"], [55, "red"], [56, "red"], [57, "red"], [58, "blue"], [61, "white"], [63, "orange"], [64, "white"], [65, "red"], [66, "blue"], [67, "green"], [68, "green"], [69, "white"], [71, "red"], [72, "blue"], [73, "green"], [74, "blue"], [75, "blue"], [76, "black"], [77, "blue"], [78, "green"], [79, "green"], [80, "orange"], [81, "black"], [83, "orange"], [86, "green"], [88, "green"], [92, "blue"], [94, "blue"], [97, "white"], [98, "blue"], [100, "black"], [102, "red"], [104, "red"], [105, "blue"], [107, "white"], [108, "green"], [110, "orange"], [111, "red"], [112, "blue"], [113, "black"], [115, "black"], [116, "white"], [117, "blue"], [120, "red"], [121, "green"], [122, "green"], [123, "blue"], [124, "orange"], [127, "black"], [133, "blue"], [135, "black"], [137, "black"], [139, "white"], [141, "blue"], [143, "black"], [146, "green"], [155, "blue"], [157, "red"], [158, "red"], [159, "blue"]]}, "Young, short man: orange hat, black shirt, small blue bag \u2192 black shoes. Shoes match the shirt.\n\nSo in most cases, the shoe color matches either the hat, shirt, or bag. It seems like the most common matches are with the hat or shirt. The bag is less common, but in a couple of cases, the shoes match the bag color too.\n\nSo maybe the hypotheses can be about the shoe color matching the hat, shirt, or bag. But I should also consider other possible factors, like age or height, but from the data, it doesn't seem like age or height directly influence the shoe color. It's more about the color of their clothing or accessories.\n\nAnother thought: sometimes the shoes match the most prominent color in their outfit. For example, in observation 7, the customer is wearing white hat and shirt, so white shoes make sense. In observation 8, the hat and bag are orange, so orange shoes.\n\nSo perhaps the hypothesis could be that the shoe color matches the most prominent or repeated color in their outfit. But I'm not sure if that's always the case. Let me check:\n\nObservation 1: green hat, black shirt, orange bag \u2192 green shoes. Green is only on the hat, but maybe it's the most prominent. Observation 2: blue hat, red shirt, black bag \u2192 red shoes. Red is the shirt, which might be more prominent than the hat. Observation 3: white hat, green shirt, blue bag \u2192 green shoes. Green is the shirt. Observation 4: orange hat, blue shirt, blue bag \u2192 orange shoes. Orange is the hat, but the bag is blue. Observation 5: black hat, white shirt, orange bag \u2192 black shoes. Black is the hat. Observation 6: white hat, green shirt, blue bag \u2192 green shoes. Shirt again. Observation 7: white hat and shirt \u2192 white shoes. Observation 8: orange hat and bag \u2192 orange shoes. Observation 9: red hat \u2192 red shoes. Observation 10: black shirt \u2192 black shoes.\n\nSo it seems that the shirt is a common factor in several cases, but the hat is also significant. The bag is less so, except in a couple of instances.\n\nAnother angle: maybe the shoe color matches the color that's unique or stands out. For example, in observation 1, green is unique to the hat, so shoes match that. In observation 2, red is unique to the shirt, so shoes match that. Observation 3, green is unique to the shirt. Observation 4, orange is unique to the hat. Observation 5, black is unique to the hat. Observation 6, green is unique to the shirt. Observation 7, white is on both hat and shirt. Observation 8, orange is on hat and bag. Observation 9, red is unique to the hat. Observation 10, black is unique to the shirt.\n\nSo maybe the hypothesis is that the shoe color matches the color of a single, unique item the customer is wearing or carrying. But in some cases, like observation 7 and 8, the color is on two items, but the shoes still match that color.\n\nAlternatively, perhaps the shoe color matches the color of the customer's hat. That seems to hold in several cases, but not all. For example, observation 2: hat is blue, but shoes are red. So that's not consistent.\n\nSimilarly, matching the shirt color: observation 1, the shirt is black, but shoes are green. So that's not consistent either.\n\nWait, but in observation 1, the shoes match the hat, not the shirt. So maybe the rule is that if the hat and shirt are different colors, the shoes match the hat. But in observation 2, the hat is blue, shirt is red, and shoes are red, so that contradicts that idea.\n\nAlternatively, maybe the shoes match the color that's more prominent in the outfit. But prominence can be subjective. Maybe it's the color that appears more than once. For example, in observation 7, white appears on both hat and shirt, so shoes are white. In observation 8, orange appears on hat and bag, so shoes are orange. Observation 4: orange on hat, blue on shirt and bag, but shoes are orange. So maybe when a color appears more than once, that's the shoe color.\n\nBut in observation 1, green is only on the hat, but shoes are green. Observation 2: red is only on the shirt, shoes are red. Observation 3: green only on shirt, shoes green. Observation 5: black only on hat, shoes black. Observation 6: green only on shirt, shoes green. Observation 9: red only on hat, shoes red. Observation 10: black only on shirt, shoes black.\n\nSo in these cases, even when the color is only on one item, the shoes match that color. So maybe the rule is that the shoe color matches the color of any single item the customer is wearing or carrying, regardless of how many times it appears.\n\nBut then, in observation 4, the customer has orange hat, blue shirt, blue bag. Shoes are orange, which is the hat color, even though blue appears twice. So maybe the priority is given to the hat over the shirt or bag.\n\nAlternatively, maybe the priority is given to the hat first, then shirt, then bag. Let's see:\n\nObservation 1: hat green \u2192 shoes green.\n\nObservation 2: hat blue, shirt red \u2192 shoes red. So here, shirt takes precedence over hat.\n\nObservation 3: hat white, shirt green \u2192 shoes green. Shirt takes precedence.\n\nObservation 4: hat orange, shirt blue, bag blue \u2192 shoes orange. Hat takes precedence.\n\nObservation 5: hat black \u2192 shoes black.\n\nObservation 6: hat white, shirt green \u2192 shoes green. Shirt takes precedence.\n\nObservation 7: hat white, shirt white \u2192 shoes white.\n\nObservation 8: hat orange, shirt green, bag orange \u2192 shoes orange. Hat and bag both orange, so hat takes precedence.\n\nObservation 9: hat red \u2192 shoes red.\n\nObservation 10: hat orange, shirt black \u2192 shoes black. Shirt takes precedence.\n\nHmm, so in some cases, the shirt color overrides the hat, and in others, the hat overrides the shirt. It's inconsistent. So maybe the hypothesis isn't about precedence but about any matching item.\n\nAlternatively, perhaps the shoe color matches the color of the hat if the hat color is unique, otherwise the shirt, and so on. But that might complicate the hypothesis.\n\nAnother approach: maybe the shoe color matches the color of the most prominent accessory, like the hat or bag. But again, prominence is subjective.\n\nWait, looking back, in all cases, the shoe color matches either the hat, shirt, or bag. So maybe the general hypothesis is that the shoe color matches the color of at least one item the customer is wearing or carrying.\n\nBut the user wants specific hypotheses, so perhaps more specific ones, like matching the hat, shirt, or bag.\n\nSo, considering all this, I can formulate hypotheses such as:": {"hypothesis": "Young, short man: orange hat, black shirt, small blue bag \u2192 black shoes. Shoes match the shirt.\n\nSo in most cases, the shoe color matches either the hat, shirt, or bag. It seems like the most common matches are with the hat or shirt. The bag is less common, but in a couple of cases, the shoes match the bag color too.\n\nSo maybe the hypotheses can be about the shoe color matching the hat, shirt, or bag. But I should also consider other possible factors, like age or height, but from the data, it doesn't seem like age or height directly influence the shoe color. It's more about the color of their clothing or accessories.\n\nAnother thought: sometimes the shoes match the most prominent color in their outfit. For example, in observation 7, the customer is wearing white hat and shirt, so white shoes make sense. In observation 8, the hat and bag are orange, so orange shoes.\n\nSo perhaps the hypothesis could be that the shoe color matches the most prominent or repeated color in their outfit. But I'm not sure if that's always the case. Let me check:\n\nObservation 1: green hat, black shirt, orange bag \u2192 green shoes. Green is only on the hat, but maybe it's the most prominent. Observation 2: blue hat, red shirt, black bag \u2192 red shoes. Red is the shirt, which might be more prominent than the hat. Observation 3: white hat, green shirt, blue bag \u2192 green shoes. Green is the shirt. Observation 4: orange hat, blue shirt, blue bag \u2192 orange shoes. Orange is the hat, but the bag is blue. Observation 5: black hat, white shirt, orange bag \u2192 black shoes. Black is the hat. Observation 6: white hat, green shirt, blue bag \u2192 green shoes. Shirt again. Observation 7: white hat and shirt \u2192 white shoes. Observation 8: orange hat and bag \u2192 orange shoes. Observation 9: red hat \u2192 red shoes. Observation 10: black shirt \u2192 black shoes.\n\nSo it seems that the shirt is a common factor in several cases, but the hat is also significant. The bag is less so, except in a couple of instances.\n\nAnother angle: maybe the shoe color matches the color that's unique or stands out. For example, in observation 1, green is unique to the hat, so shoes match that. In observation 2, red is unique to the shirt, so shoes match that. Observation 3, green is unique to the shirt. Observation 4, orange is unique to the hat. Observation 5, black is unique to the hat. Observation 6, green is unique to the shirt. Observation 7, white is on both hat and shirt. Observation 8, orange is on hat and bag. Observation 9, red is unique to the hat. Observation 10, black is unique to the shirt.\n\nSo maybe the hypothesis is that the shoe color matches the color of a single, unique item the customer is wearing or carrying. But in some cases, like observation 7 and 8, the color is on two items, but the shoes still match that color.\n\nAlternatively, perhaps the shoe color matches the color of the customer's hat. That seems to hold in several cases, but not all. For example, observation 2: hat is blue, but shoes are red. So that's not consistent.\n\nSimilarly, matching the shirt color: observation 1, the shirt is black, but shoes are green. So that's not consistent either.\n\nWait, but in observation 1, the shoes match the hat, not the shirt. So maybe the rule is that if the hat and shirt are different colors, the shoes match the hat. But in observation 2, the hat is blue, shirt is red, and shoes are red, so that contradicts that idea.\n\nAlternatively, maybe the shoes match the color that's more prominent in the outfit. But prominence can be subjective. Maybe it's the color that appears more than once. For example, in observation 7, white appears on both hat and shirt, so shoes are white. In observation 8, orange appears on hat and bag, so shoes are orange. Observation 4: orange on hat, blue on shirt and bag, but shoes are orange. So maybe when a color appears more than once, that's the shoe color.\n\nBut in observation 1, green is only on the hat, but shoes are green. Observation 2: red is only on the shirt, shoes are red. Observation 3: green only on shirt, shoes green. Observation 5: black only on hat, shoes black. Observation 6: green only on shirt, shoes green. Observation 9: red only on hat, shoes red. Observation 10: black only on shirt, shoes black.\n\nSo in these cases, even when the color is only on one item, the shoes match that color. So maybe the rule is that the shoe color matches the color of any single item the customer is wearing or carrying, regardless of how many times it appears.\n\nBut then, in observation 4, the customer has orange hat, blue shirt, blue bag. Shoes are orange, which is the hat color, even though blue appears twice. So maybe the priority is given to the hat over the shirt or bag.\n\nAlternatively, maybe the priority is given to the hat first, then shirt, then bag. Let's see:\n\nObservation 1: hat green \u2192 shoes green.\n\nObservation 2: hat blue, shirt red \u2192 shoes red. So here, shirt takes precedence over hat.\n\nObservation 3: hat white, shirt green \u2192 shoes green. Shirt takes precedence.\n\nObservation 4: hat orange, shirt blue, bag blue \u2192 shoes orange. Hat takes precedence.\n\nObservation 5: hat black \u2192 shoes black.\n\nObservation 6: hat white, shirt green \u2192 shoes green. Shirt takes precedence.\n\nObservation 7: hat white, shirt white \u2192 shoes white.\n\nObservation 8: hat orange, shirt green, bag orange \u2192 shoes orange. Hat and bag both orange, so hat takes precedence.\n\nObservation 9: hat red \u2192 shoes red.\n\nObservation 10: hat orange, shirt black \u2192 shoes black. Shirt takes precedence.\n\nHmm, so in some cases, the shirt color overrides the hat, and in others, the hat overrides the shirt. It's inconsistent. So maybe the hypothesis isn't about precedence but about any matching item.\n\nAlternatively, perhaps the shoe color matches the color of the hat if the hat color is unique, otherwise the shirt, and so on. But that might complicate the hypothesis.\n\nAnother approach: maybe the shoe color matches the color of the most prominent accessory, like the hat or bag. But again, prominence is subjective.\n\nWait, looking back, in all cases, the shoe color matches either the hat, shirt, or bag. So maybe the general hypothesis is that the shoe color matches the color of at least one item the customer is wearing or carrying.\n\nBut the user wants specific hypotheses, so perhaps more specific ones, like matching the hat, shirt, or bag.\n\nSo, considering all this, I can formulate hypotheses such as:", "acc": 0.5999999999999999, "num_visits": 160, "reward": 0.6890503177215154, "correct_examples": [[1, "red"], [2, "green"], [5, "green"], [6, "white"], [7, "orange"], [9, "black"], [10, "green"], [11, "red"], [12, "orange"], [13, "orange"], [15, "red"], [16, "white"], [19, "green"], [21, "blue"], [22, "blue"], [23, "blue"], [24, "orange"], [25, "black"], [26, "black"], [27, "orange"], [28, "red"], [29, "black"], [33, "black"], [34, "black"], [37, "blue"], [38, "orange"], [40, "red"], [41, "green"], [43, "blue"], [44, "black"], [47, "orange"], [48, "blue"], [51, "white"], [52, "black"], [53, "green"], [55, "red"], [56, "red"], [57, "red"], [58, "blue"], [59, "black"], [60, "white"], [61, "white"], [63, "orange"], [65, "red"], [66, "blue"], [67, "green"], [68, "green"], [69, "white"], [70, "white"], [71, "red"], [73, "green"], [74, "blue"], [75, "blue"], [76, "black"], [77, "blue"], [78, "green"], [81, "black"], [82, "blue"], [83, "orange"], [86, "green"], [88, "green"], [92, "blue"], [94, "blue"], [98, "blue"], [100, "black"], [104, "red"], [105, "blue"], [106, "green"], [107, "white"], [108, "green"], [110, "orange"], [111, "red"], [112, "blue"], [113, "black"], [115, "black"], [116, "white"], [117, "blue"], [118, "orange"], [120, "red"], [121, "green"], [122, "green"], [124, "orange"], [127, "black"], [128, "orange"], [131, "orange"], [133, "blue"], [135, "black"], [136, "red"], [137, "black"], [139, "white"], [141, "blue"], [143, "black"], [155, "blue"], [157, "red"], [158, "red"], [159, "blue"]]}, "Shoe color frequently matches the predominant color in the customer's outfit.": {"hypothesis": "Shoe color frequently matches the predominant color in the customer's outfit.", "acc": 0.5666666666666667, "num_visits": 150, "reward": 0.6586374393359756, "correct_examples": [[10, "green"], [11, "red"], [12, "orange"], [13, "orange"], [15, "red"], [16, "white"], [19, "green"], [21, "blue"], [22, "blue"], [23, "blue"], [24, "orange"], [25, "black"], [26, "black"], [28, "red"], [29, "black"], [33, "black"], [37, "blue"], [38, "orange"], [40, "red"], [41, "green"], [43, "blue"], [44, "black"], [47, "orange"], [48, "blue"], [53, "green"], [56, "red"], [57, "red"], [58, "blue"], [60, "white"], [63, "orange"], [64, "white"], [65, "red"], [66, "blue"], [67, "green"], [68, "green"], [69, "white"], [70, "white"], [71, "red"], [72, "blue"], [73, "green"], [74, "blue"], [75, "blue"], [76, "black"], [77, "blue"], [78, "green"], [81, "black"], [82, "blue"], [83, "orange"], [86, "green"], [88, "green"], [90, "orange"], [92, "blue"], [94, "blue"], [98, "blue"], [100, "black"], [104, "red"], [105, "blue"], [106, "green"], [107, "white"], [108, "green"], [111, "red"], [112, "blue"], [115, "black"], [116, "white"], [117, "blue"], [118, "orange"], [120, "red"], [121, "green"], [122, "green"], [123, "blue"], [124, "orange"], [127, "black"], [130, "red"], [131, "orange"], [133, "blue"], [135, "black"], [136, "red"], [137, "black"], [139, "white"], [141, "blue"], [143, "black"], [155, "blue"], [157, "red"], [158, "red"], [159, "blue"]]}, "The shoe color matches the color that appears most frequently in the customer's outfit.": {"hypothesis": "The shoe color matches the color that appears most frequently in the customer's outfit.", "acc": 0.5737704918032787, "num_visits": 122, "reward": 0.6757506189981997, "correct_examples": [[1, "red"], [2, "green"], [4, "black"], [6, "white"], [7, "orange"], [10, "green"], [12, "orange"], [16, "white"], [18, "black"], [19, "green"], [20, "orange"], [29, "black"], [65, "red"], [66, "blue"], [67, "green"], [68, "green"], [69, "white"], [71, "red"], [73, "green"], [74, "blue"], [75, "blue"], [76, "black"], [77, "blue"], [78, "green"], [81, "black"], [82, "blue"], [83, "orange"], [84, "red"], [85, "red"], [86, "green"], [88, "green"], [90, "orange"], [92, "blue"], [94, "blue"], [98, "blue"], [100, "black"], [101, "green"], [104, "red"], [105, "blue"], [106, "green"], [108, "green"], [109, "blue"], [111, "red"], [113, "black"], [114, "red"], [115, "black"], [116, "white"], [119, "blue"], [120, "red"], [121, "green"], [124, "orange"], [125, "green"], [126, "green"], [127, "black"], [128, "orange"], [129, "orange"], [130, "red"], [131, "orange"], [133, "blue"], [135, "black"], [137, "black"], [141, "blue"], [143, "black"], [148, "green"], [149, "white"], [153, "orange"], [154, "white"], [155, "blue"], [158, "red"], [159, "blue"]]}, "The shoe color matches the color of the customer's hat, shirt, or bag.\n\nWait, but some of these might be too similar. Let me see if I can make them distinct and cover different possibilities.\n\nAlternatively, I can think about other factors, like age or height, but from the data, I don't see a clear correlation. For example, old vs. young, tall vs. short doesn't seem to influence the shoe color choice directly. It's more about the colors they're wearing.\n\nSo, focusing on the color aspects, I can create hypotheses that the shoe color matches the hat, shirt, or bag, or combinations thereof. Also, considering if the color is unique or repeated.\n\nI think I have enough to formulate 10 distinct hypotheses now.\n</think>": {"hypothesis": "The shoe color matches the color of the customer's hat, shirt, or bag.\n\nWait, but some of these might be too similar. Let me see if I can make them distinct and cover different possibilities.\n\nAlternatively, I can think about other factors, like age or height, but from the data, I don't see a clear correlation. For example, old vs. young, tall vs. short doesn't seem to influence the shoe color choice directly. It's more about the colors they're wearing.\n\nSo, focusing on the color aspects, I can create hypotheses that the shoe color matches the hat, shirt, or bag, or combinations thereof. Also, considering if the color is unique or repeated.\n\nI think I have enough to formulate 10 distinct hypotheses now.\n</think>", "acc": 0.5761589403973509, "num_visits": 151, "reward": 0.667824668204207, "correct_examples": [[0, "green"], [2, "green"], [4, "black"], [5, "green"], [6, "white"], [7, "orange"], [8, "red"], [11, "red"], [12, "orange"], [17, "blue"], [18, "black"], [19, "green"], [22, "blue"], [24, "orange"], [25, "black"], [26, "black"], [28, "red"], [29, "black"], [32, "black"], [33, "black"], [36, "orange"], [38, "orange"], [40, "red"], [41, "green"], [44, "black"], [47, "orange"], [48, "blue"], [49, "blue"], [56, "red"], [57, "red"], [58, "blue"], [59, "black"], [60, "white"], [62, "green"], [64, "white"], [68, "green"], [69, "white"], [71, "red"], [72, "blue"], [73, "green"], [74, "blue"], [75, "blue"], [77, "blue"], [78, "green"], [82, "blue"], [83, "orange"], [84, "red"], [86, "green"], [88, "green"], [89, "white"], [90, "orange"], [91, "green"], [92, "blue"], [94, "blue"], [98, "blue"], [99, "blue"], [100, "black"], [101, "green"], [103, "black"], [105, "blue"], [106, "green"], [108, "green"], [109, "blue"], [111, "red"], [113, "black"], [114, "red"], [115, "black"], [116, "white"], [118, "orange"], [119, "blue"], [120, "red"], [122, "green"], [126, "green"], [131, "orange"], [133, "blue"], [135, "black"], [137, "black"], [140, "blue"], [141, "blue"], [151, "orange"], [152, "orange"], [153, "orange"], [154, "white"], [155, "blue"], [157, "red"], [158, "red"], [159, "blue"]]}, "The color of the shoes a customer buys matches the most prominent color in their outfit.": {"hypothesis": "The color of the shoes a customer buys matches the most prominent color in their outfit.", "acc": 0.5319148936170214, "num_visits": 94, "reward": 0.6473538718568885, "correct_examples": [[21, "blue"], [24, "orange"], [25, "black"], [26, "black"], [27, "orange"], [28, "red"], [29, "black"], [33, "black"], [37, "blue"], [38, "orange"], [39, "white"], [40, "red"], [41, "green"], [43, "blue"], [44, "black"], [47, "orange"], [48, "blue"], [53, "green"], [56, "red"], [57, "red"], [60, "white"], [63, "orange"], [64, "white"], [65, "red"], [66, "blue"], [67, "green"], [68, "green"], [69, "white"], [71, "red"], [72, "blue"], [74, "blue"], [75, "blue"], [77, "blue"], [78, "green"], [81, "black"], [82, "blue"], [83, "orange"], [86, "green"], [88, "green"], [92, "blue"], [98, "blue"], [114, "red"], [115, "black"], [116, "white"], [117, "blue"], [118, "orange"], [120, "red"], [121, "green"], [122, "green"], [124, "orange"]]}, "The color of the shoes a customer buys matches any color present in their accessories or clothing.": {"hypothesis": "The color of the shoes a customer buys matches any color present in their accessories or clothing.", "acc": 0.3333333333333333, "num_visits": 15, "reward": 0.6225068636115766, "correct_examples": [[101, "green"], [109, "blue"], [114, "red"], [119, "blue"], [123, "blue"]]}, "The shoe color matches the most frequent color in the outfit.": {"hypothesis": "The shoe color matches the most frequent color in the outfit.", "acc": 0.4090909090909091, "num_visits": 22, "reward": 0.6373493222254769, "correct_examples": [[70, "white"], [82, "blue"], [55, "red"], [59, "black"], [62, "green"], [86, "green"], [88, "green"], [92, "blue"], [94, "blue"]]}, "The shoe color matches the most prominent color in the customer's outfit.": {"hypothesis": "The shoe color matches the most prominent color in the customer's outfit.", "acc": 0.5176470588235292, "num_visits": 85, "reward": 0.6356724604811995, "correct_examples": [[1, "red"], [6, "white"], [7, "orange"], [10, "green"], [11, "red"], [12, "orange"], [13, "orange"], [15, "red"], [19, "green"], [24, "orange"], [25, "black"], [26, "black"], [27, "orange"], [28, "red"], [29, "black"], [37, "blue"], [38, "orange"], [40, "red"], [43, "blue"], [44, "black"], [47, "orange"], [48, "blue"], [64, "white"], [65, "red"], [66, "blue"], [68, "green"], [69, "white"], [71, "red"], [72, "blue"], [74, "blue"], [75, "blue"], [77, "blue"], [78, "green"], [81, "black"], [82, "blue"], [83, "orange"], [94, "blue"], [98, "blue"], [100, "black"], [104, "red"], [105, "blue"], [106, "green"], [108, "green"], [111, "red"]]}, "The shoe color matches the color of the customer's hat.": {"hypothesis": "The shoe color matches the color of the customer's hat.", "acc": 0.4666666666666667, "num_visits": 30, "reward": 0.6350213859763768, "correct_examples": [[0, "green"], [3, "orange"], [4, "black"], [6, "white"], [7, "orange"], [8, "red"], [12, "orange"], [14, "white"], [17, "blue"], [18, "black"], [19, "green"], [20, "orange"], [24, "orange"], [25, "black"]]}, "The shoe color matches the color of the customer's shirt if it's a unique color.": {"hypothesis": "The shoe color matches the color of the customer's shirt if it's a unique color.", "acc": 0.4666666666666667, "num_visits": 30, "reward": 0.6350213859763768, "correct_examples": [[1, "red"], [2, "green"], [5, "green"], [9, "black"], [10, "green"], [11, "red"], [13, "orange"], [14, "white"], [15, "red"], [16, "white"], [21, "blue"], [22, "blue"], [23, "blue"], [27, "orange"]]}, "The shoe color matches the color of the customer's hat, shirt, or bag.": {"hypothesis": "The shoe color matches the color of the customer's hat, shirt, or bag.", "acc": 0.5, "num_visits": 60, "reward": 0.6318835861327399, "correct_examples": [[2, "green"], [4, "black"], [5, "green"], [6, "white"], [7, "orange"], [8, "red"], [12, "orange"], [17, "blue"], [18, "black"], [19, "green"], [20, "orange"], [21, "blue"], [24, "orange"], [25, "black"], [27, "orange"], [28, "red"], [29, "black"], [32, "black"], [33, "black"], [36, "orange"], [38, "orange"], [40, "red"], [43, "blue"], [44, "black"], [47, "orange"], [48, "blue"], [57, "red"], [58, "blue"], [60, "white"], [62, "green"]]}, "Shoe color often aligns with the color of the customer's hat.": {"hypothesis": "Shoe color often aligns with the color of the customer's hat.", "acc": 0.42105263157894735, "num_visits": 19, "reward": 0.6315437812236994, "correct_examples": [[12, "orange"], [14, "white"], [17, "blue"], [18, "black"], [19, "green"], [20, "orange"], [24, "orange"], [25, "black"]]}, "Shoe color often matches when multiple clothing items share the same color.": {"hypothesis": "Shoe color often matches when multiple clothing items share the same color.", "acc": 0.47727272727272735, "num_visits": 44, "reward": 0.6309933098864068, "correct_examples": [[24, "orange"], [25, "black"], [26, "black"], [28, "red"], [29, "black"], [30, "white"], [32, "black"], [33, "black"], [34, "black"], [38, "orange"], [40, "red"], [41, "green"], [43, "blue"], [44, "black"], [47, "orange"], [48, "blue"], [52, "black"], [56, "red"], [57, "red"], [59, "black"], [60, "white"]]}, "The color of the bag influences the shoe color selection.": {"hypothesis": "The color of the bag influences the shoe color selection.", "acc": 0.35714285714285715, "num_visits": 14, "reward": 0.6258384917714721, "correct_examples": [[25, "black"], [26, "black"], [28, "red"], [29, "black"], [33, "black"]]}}