{"**Expression of frustration with the two-party system and a clear statement of support for a third-party candidate or non-voting as a form of protest indicates a third-party/abstain voter.**  \n   - Example: \"I'm not a fan of either major party, so I'm planning to vote for a third-party candidate in the next election. I think it's important to break away from the two-party system.\"": {"hypothesis": "**Expression of frustration with the two-party system and a clear statement of support for a third-party candidate or non-voting as a form of protest indicates a third-party/abstain voter.**  \n   - Example: \"I'm not a fan of either major party, so I'm planning to vote for a third-party candidate in the next election. I think it's important to break away from the two-party system.\"", "acc": 0.2, "num_visits": 10, "reward": 0.4399262956094041, "correct_examples": [[4, "likely democratic voter"], [6, "likely third-party/abstain voter"]]}, "**Expression of frustration with the two-party system and a clear statement of support for a major party's policies or candidates, but with a strong emphasis on specific issues that align with one major party, indicates a major party voter.**  \n   - Example: \"I'm a strong supporter of those who advocate for third-party alternatives and I can't wait to cast my vote for them in the next election. I think their policies are exactly what this country needs, and I'm tired of the defense of Second Amendment rights from the other side.\"": {"hypothesis": "**Expression of frustration with the two-party system and a clear statement of support for a major party's policies or candidates, but with a strong emphasis on specific issues that align with one major party, indicates a major party voter.**  \n   - Example: \"I'm a strong supporter of those who advocate for third-party alternatives and I can't wait to cast my vote for them in the next election. I think their policies are exactly what this country needs, and I'm tired of the defense of Second Amendment rights from the other side.\"", "acc": 0.2, "num_visits": 10, "reward": 0.4399262956094041, "correct_examples": [[4, "likely democratic voter"], [5, "likely democratic voter"]]}, "**Expression of uncertainty about voting and a clear statement of support for non-voting as a form of protest, with a strong emphasis on frustration with the current state of politics, indicates a third-party/abstain voter.**  \n   - Example: \"I'm not sure who I'll vote for in the next election. I'm leaning towards those who promote non-voting as a protest because I think they have some good ideas, but I'm also considering those who promote non-voting as a protest because they seem to be more aligned with my values. I'm really frustrated with the current state of politics, and I'm not sure if I'll even vote at all.\"\n\nThese hypotheses aim to capture the nuances in the expressions of frustration, support, and uncertainty, which can help more accurately predict the voting preferences of the individuals.": {"hypothesis": "**Expression of uncertainty about voting and a clear statement of support for non-voting as a form of protest, with a strong emphasis on frustration with the current state of politics, indicates a third-party/abstain voter.**  \n   - Example: \"I'm not sure who I'll vote for in the next election. I'm leaning towards those who promote non-voting as a protest because I think they have some good ideas, but I'm also considering those who promote non-voting as a protest because they seem to be more aligned with my values. I'm really frustrated with the current state of politics, and I'm not sure if I'll even vote at all.\"\n\nThese hypotheses aim to capture the nuances in the expressions of frustration, support, and uncertainty, which can help more accurately predict the voting preferences of the individuals.", "acc": 0.2, "num_visits": 10, "reward": 0.4399262956094041, "correct_examples": [[2, "likely democratic voter"], [4, "likely democratic voter"]]}, "**Expression of frustration with the two-party system and a clear statement of support for a major party's policies or candidates, despite the frustration, indicates a major party voter.**  \n   - Example: \"I'm not a fan of either major party, but I think the Democratic candidate's stance on immigration reform is critical, so I'll vote for them.\"": {"hypothesis": "**Expression of frustration with the two-party system and a clear statement of support for a major party's policies or candidates, despite the frustration, indicates a major party voter.**  \n   - Example: \"I'm not a fan of either major party, but I think the Democratic candidate's stance on immigration reform is critical, so I'll vote for them.\"", "acc": 0.2, "num_visits": 10, "reward": 0.4399262956094041, "correct_examples": [[4, "likely democratic voter"], [6, "likely third-party/abstain voter"]]}, "**Expression of frustration with the two-party system and a clear statement of support for a major party's policies or candidates, but with a strong emphasis on third-party or non-voting ideals, indicates a third-party/abstain voter.**  \n   - Example: \"I'm a strong supporter of those who promote non-voting as a form of protest and I can't wait to cast my vote for them in the next election. I think their policies are exactly what this country needs.\"": {"hypothesis": "**Expression of frustration with the two-party system and a clear statement of support for a major party's policies or candidates, but with a strong emphasis on third-party or non-voting ideals, indicates a third-party/abstain voter.**  \n   - Example: \"I'm a strong supporter of those who promote non-voting as a form of protest and I can't wait to cast my vote for them in the next election. I think their policies are exactly what this country needs.\"", "acc": 0.2, "num_visits": 10, "reward": 0.4399262956094041, "correct_examples": [[4, "likely democratic voter"], [6, "likely third-party/abstain voter"]]}}