{"**Expression of frustration with the two-party system and a desire for change, combined with a clear statement of support for a major party's policies or candidates, despite the frustration, indicates a major party voter.**\n   - Example: \"I'm not a fan of either major party, but I think the Democratic candidate's stance on immigration reform is critical, so I'll vote for them.\"\n\nThese hypotheses aim to capture the nuances in the expressions of frustration and support, which can help more accurately predict the voting preferences of the individuals.": {"hypothesis": "**Expression of frustration with the two-party system and a desire for change, combined with a clear statement of support for a major party's policies or candidates, despite the frustration, indicates a major party voter.**\n   - Example: \"I'm not a fan of either major party, but I think the Democratic candidate's stance on immigration reform is critical, so I'll vote for them.\"\n\nThese hypotheses aim to capture the nuances in the expressions of frustration and support, which can help more accurately predict the voting preferences of the individuals.", "acc": 0.2, "num_visits": 10, "reward": 0.4399262956094041, "correct_examples": [[4, "likely democratic voter"], [6, "likely third-party/abstain voter"]]}, "**Expression of frustration with the two-party system and a desire for change, combined with specific support for a major party's policies or candidates, indicates a major party voter.**\n   - Example: \"I'm not a fan of either major party, but I strongly support the Democratic candidate's stance on immigration reform, so I'll vote for them.\"": {"hypothesis": "**Expression of frustration with the two-party system and a desire for change, combined with specific support for a major party's policies or candidates, indicates a major party voter.**\n   - Example: \"I'm not a fan of either major party, but I strongly support the Democratic candidate's stance on immigration reform, so I'll vote for them.\"", "acc": 0.2, "num_visits": 10, "reward": 0.4399262956094041, "correct_examples": [[4, "likely democratic voter"], [6, "likely third-party/abstain voter"]]}, "**Expression of frustration with the two-party system and a desire for change, combined with specific criticism of a major party's policies or candidates, indicates a third-party or abstain voter.**\n   - Example: \"I'm not a fan of either major party, and I'm especially frustrated with the Republican stance on the Second Amendment, so I'll vote for a third-party candidate.\"": {"hypothesis": "**Expression of frustration with the two-party system and a desire for change, combined with specific criticism of a major party's policies or candidates, indicates a third-party or abstain voter.**\n   - Example: \"I'm not a fan of either major party, and I'm especially frustrated with the Republican stance on the Second Amendment, so I'll vote for a third-party candidate.\"", "acc": 0.2, "num_visits": 10, "reward": 0.4399262956094041, "correct_examples": [[4, "likely democratic voter"], [6, "likely third-party/abstain voter"]]}, "**Expression of frustration with the two-party system and a desire for change, combined with a clear statement of support for a third-party candidate or non-voting as a form of protest, indicates a third-party or abstain voter.**\n   - Example: \"I'm not a fan of either major party, so I'm planning to vote for a third-party candidate in the next election.\"": {"hypothesis": "**Expression of frustration with the two-party system and a desire for change, combined with a clear statement of support for a third-party candidate or non-voting as a form of protest, indicates a third-party or abstain voter.**\n   - Example: \"I'm not a fan of either major party, so I'm planning to vote for a third-party candidate in the next election.\"", "acc": 0.2, "num_visits": 10, "reward": 0.4399262956094041, "correct_examples": [[4, "likely democratic voter"], [6, "likely third-party/abstain voter"]]}, "**Expression of frustration with the two-party system and a desire for change, combined with a lack of specific policy or candidate support, indicates an undecided or abstain voter.**\n   - Example: \"I'm not sure who I'll vote for in the next election. I'm leaning towards those who promote non-voting as a protest because I think they have some good ideas, but I'm also considering those who promote non-voting as a protest because they seem to be more aligned with my values.\"": {"hypothesis": "**Expression of frustration with the two-party system and a desire for change, combined with a lack of specific policy or candidate support, indicates an undecided or abstain voter.**\n   - Example: \"I'm not sure who I'll vote for in the next election. I'm leaning towards those who promote non-voting as a protest because I think they have some good ideas, but I'm also considering those who promote non-voting as a protest because they seem to be more aligned with my values.\"", "acc": 0.2, "num_visits": 10, "reward": 0.4399262956094041, "correct_examples": [[4, "likely democratic voter"], [6, "likely third-party/abstain voter"]]}}