{"**Expression of frustration with the two-party system and a desire for change is more likely to indicate a third-party or abstain voter.**\n   - Example: \"I'm not a fan of either major party, so I'm planning to vote for a third-party candidate in the next election.\"": {"hypothesis": "**Expression of frustration with the two-party system and a desire for change is more likely to indicate a third-party or abstain voter.**\n   - Example: \"I'm not a fan of either major party, so I'm planning to vote for a third-party candidate in the next election.\"", "acc": 0.2, "num_visits": 10, "reward": 0.4399262956094041, "correct_examples": [[4, "likely democratic voter"], [6, "likely third-party/abstain voter"]]}, "**Ambivalence or indecision about voting, often coupled with frustration with the current political climate, is more likely to indicate a Democratic voter who may consider non-voting as a form of protest.**\n   - Example: \"I'm not sure who I'll vote for in the next election. I'm leaning towards those who promote non-voting as a protest because I think they have some good ideas.\"": {"hypothesis": "**Ambivalence or indecision about voting, often coupled with frustration with the current political climate, is more likely to indicate a Democratic voter who may consider non-voting as a form of protest.**\n   - Example: \"I'm not sure who I'll vote for in the next election. I'm leaning towards those who promote non-voting as a protest because I think they have some good ideas.\"", "acc": 0.4, "num_visits": 10, "reward": 0.6399262956094041, "correct_examples": [[2, "likely democratic voter"], [3, "likely democratic voter"], [4, "likely democratic voter"], [7, "likely democratic voter"]]}, "**Strong support for specific Democratic policies, especially immigration reform and universal healthcare, is more likely to indicate a Democratic voter.**\n   - Example: \"I'm planning to vote for the Democratic candidate, whom I endorse because I strongly support their stance on supporting immigration reform.\"": {"hypothesis": "**Strong support for specific Democratic policies, especially immigration reform and universal healthcare, is more likely to indicate a Democratic voter.**\n   - Example: \"I'm planning to vote for the Democratic candidate, whom I endorse because I strongly support their stance on supporting immigration reform.\"", "acc": 0.2, "num_visits": 10, "reward": 0.4399262956094041, "correct_examples": [[4, "likely democratic voter"], [6, "likely third-party/abstain voter"]]}, "**Positive mentions of bipartisan achievements, such as the bipartisan infrastructure bill, in the context of dissatisfaction with major parties, is more likely to indicate a Republican voter who may lean towards a third-party candidate.**\n   - Example: \"I'm especially frustrated with the lack of celebration of the passage of the bipartisan infrastructure bill and I think it's time for a change.\"": {"hypothesis": "**Positive mentions of bipartisan achievements, such as the bipartisan infrastructure bill, in the context of dissatisfaction with major parties, is more likely to indicate a Republican voter who may lean towards a third-party candidate.**\n   - Example: \"I'm especially frustrated with the lack of celebration of the passage of the bipartisan infrastructure bill and I think it's time for a change.\"", "acc": 0.2, "num_visits": 10, "reward": 0.4399262956094041, "correct_examples": [[4, "likely democratic voter"], [6, "likely third-party/abstain voter"]]}, "**Criticism of conservative positions, such as the defense of Second Amendment rights and Supreme Court decisions favoring conservatives, is more likely to indicate a Democratic voter.**\n   - Example: \"I'm tired of the defense of Second Amendment rights from the other side. I'm especially excited after criticizing the Supreme Court decision that favored conservatives.\"": {"hypothesis": "**Criticism of conservative positions, such as the defense of Second Amendment rights and Supreme Court decisions favoring conservatives, is more likely to indicate a Democratic voter.**\n   - Example: \"I'm tired of the defense of Second Amendment rights from the other side. I'm especially excited after criticizing the Supreme Court decision that favored conservatives.\"", "acc": 0.2, "num_visits": 10, "reward": 0.4399262956094041, "correct_examples": [[4, "likely democratic voter"], [6, "likely third-party/abstain voter"]]}}