{"**Expression of frustration with the two-party system and a clear statement of support for a third-party candidate or non-voting as a form of protest, without any specific endorsement of a major party, indicates a third-party/abstain voter.**\n   - Example: \"I'm not a fan of either major party, so I'm planning to vote for a third-party candidate in the next election. I think it's important to break away from the two-party system.\"": {"hypothesis": "**Expression of frustration with the two-party system and a clear statement of support for a third-party candidate or non-voting as a form of protest, without any specific endorsement of a major party, indicates a third-party/abstain voter.**\n   - Example: \"I'm not a fan of either major party, so I'm planning to vote for a third-party candidate in the next election. I think it's important to break away from the two-party system.\"", "acc": 0.2, "num_visits": 10, "reward": 0.4399262956094041, "correct_examples": [[4, "likely democratic voter"], [6, "likely third-party/abstain voter"]]}, "**Expression of frustration with the two-party system and a clear statement of support for non-voting as a form of protest, without any specific endorsement of a major party, indicates a third-party/abstain voter.**\n   - Example: \"I'm a strong supporter of those who promote non-voting as a form of protest and I can't wait to cast my vote for them in the next election. I think their policies are exactly what this country needs, and I'm tired of the criticism of the two-party system from the other side.\"": {"hypothesis": "**Expression of frustration with the two-party system and a clear statement of support for non-voting as a form of protest, without any specific endorsement of a major party, indicates a third-party/abstain voter.**\n   - Example: \"I'm a strong supporter of those who promote non-voting as a form of protest and I can't wait to cast my vote for them in the next election. I think their policies are exactly what this country needs, and I'm tired of the criticism of the two-party system from the other side.\"", "acc": 0.2, "num_visits": 10, "reward": 0.4399262956094041, "correct_examples": [[4, "likely democratic voter"], [5, "likely democratic voter"]]}, "**Expression of frustration with the two-party system, but with a clear endorsement of a major party candidate or policies, indicates a major party voter.**\n   - Example: \"I'm planning to vote for the Democratic candidate, whom I endorse because I strongly support their stance on supporting immigration reform.\"": {"hypothesis": "**Expression of frustration with the two-party system, but with a clear endorsement of a major party candidate or policies, indicates a major party voter.**\n   - Example: \"I'm planning to vote for the Democratic candidate, whom I endorse because I strongly support their stance on supporting immigration reform.\"", "acc": 0.2, "num_visits": 10, "reward": 0.4399262956094041, "correct_examples": [[4, "likely democratic voter"], [6, "likely third-party/abstain voter"]]}, "**Expression of frustration with the two-party system and a clear statement of support for a third-party candidate or non-voting as a form of protest, with a specific criticism of a major party's policies or actions, indicates a third-party/abstain voter.**\n   - Example: \"I'm not a fan of either major party, so I'm planning to vote for a third-party candidate in the next election. I think it's important to break away from the two-party system and support candidates who truly represent the people. I'm especially frustrated with the defense of Second Amendment rights from the other side.\"\n\nThese hypotheses aim to capture the nuances in the expressions of frustration and support, while also considering the specific endorsements or criticisms of major parties.": {"hypothesis": "**Expression of frustration with the two-party system and a clear statement of support for a third-party candidate or non-voting as a form of protest, with a specific criticism of a major party's policies or actions, indicates a third-party/abstain voter.**\n   - Example: \"I'm not a fan of either major party, so I'm planning to vote for a third-party candidate in the next election. I think it's important to break away from the two-party system and support candidates who truly represent the people. I'm especially frustrated with the defense of Second Amendment rights from the other side.\"\n\nThese hypotheses aim to capture the nuances in the expressions of frustration and support, while also considering the specific endorsements or criticisms of major parties.", "acc": 0.2, "num_visits": 10, "reward": 0.4399262956094041, "correct_examples": [[4, "likely democratic voter"], [6, "likely third-party/abstain voter"]]}, "**Expression of frustration with the two-party system and a clear statement of support for a third-party candidate, along with criticism of a specific major party, indicates a third-party/abstain voter.**\n   - Example: \"I'm not a fan of either major party, so I'm planning to vote for a third-party candidate in the next election. I think it's important to break away from the two-party system and support candidates who truly represent the people. I'm especially frustrated with the lack of celebration of the passage of the bipartisan infrastructure bill.\"": {"hypothesis": "**Expression of frustration with the two-party system and a clear statement of support for a third-party candidate, along with criticism of a specific major party, indicates a third-party/abstain voter.**\n   - Example: \"I'm not a fan of either major party, so I'm planning to vote for a third-party candidate in the next election. I think it's important to break away from the two-party system and support candidates who truly represent the people. I'm especially frustrated with the lack of celebration of the passage of the bipartisan infrastructure bill.\"", "acc": 0.2, "num_visits": 10, "reward": 0.4399262956094041, "correct_examples": [[4, "likely democratic voter"], [6, "likely third-party/abstain voter"]]}}