{"The color of the shoes is determined by the color of the item (hat, shirt, or bag) that is unique among the three.": {"hypothesis": "The color of the shoes is determined by the color of the item (hat, shirt, or bag) that is unique among the three.", "acc": 0.1, "num_visits": 10, "reward": 0.33992629560940407, "correct_examples": [[3, "orange"]]}, "The color of the shoes is the same as the color of the bag if the bag is large, otherwise, it matches the shirt color.": {"hypothesis": "The color of the shoes is the same as the color of the bag if the bag is large, otherwise, it matches the shirt color.", "acc": 0.1, "num_visits": 10, "reward": 0.33992629560940407, "correct_examples": [[9, "black"]]}, "The color of the shoes a customer buys matches the color of their shirt.": {"hypothesis": "The color of the shoes a customer buys matches the color of their shirt.", "acc": 0.5, "num_visits": 10, "reward": 0.739926295609404, "correct_examples": [[1, "red"], [2, "green"], [5, "green"], [6, "white"], [9, "black"]]}, "The color of the shoes is the same as the color of the shirt when the shirt color is bright, otherwise, it matches the hat color.": {"hypothesis": "The color of the shoes is the same as the color of the shirt when the shirt color is bright, otherwise, it matches the hat color.", "acc": 0.8, "num_visits": 10, "reward": 1.0399262956094042, "correct_examples": [[0, "green"], [1, "red"], [2, "green"], [3, "orange"], [4, "black"], [6, "white"], [7, "orange"], [8, "red"]]}, "The color of the shoes matches the color of the shirt if the customer is young, and the hat color if the customer is old.": {"hypothesis": "The color of the shoes matches the color of the shirt if the customer is young, and the hat color if the customer is old.", "acc": 0.6, "num_visits": 10, "reward": 0.839926295609404, "correct_examples": [[0, "green"], [1, "red"], [2, "green"], [6, "white"], [7, "orange"], [9, "black"]]}}