{"All different. Shirt white, shoes black. Doesn't fit.": {"hypothesis": "All different. Shirt white, shoes black. Doesn't fit.", "acc": 0.1, "num_visits": 10, "reward": 0.33992629560940407, "correct_examples": [[9, "black"]]}, "Large bag, others not specified. Shoes white (hat and shirt). Doesn't fit.": {"hypothesis": "Large bag, others not specified. Shoes white (hat and shirt). Doesn't fit.", "acc": 0.3, "num_visits": 10, "reward": 0.5399262956094041, "correct_examples": [[5, "green"], [6, "white"], [7, "orange"]]}, "Short, shoes black (shirt is black). Fits.\n\nSo in examples 7 and 8, it doesn't fit. So maybe that's not the rule.\n\nWait, in example 7, the customer is short, so according to the rule, shoes should be shirt color green, but shoes are orange. Doesn't fit.\n\nIn example 8, short, shirt blue, shoes red. Doesn't fit.\n\nSo maybe the rule is not based on height.\n\nAnother thought: maybe the shoe color is the color of the item that's different in terms of being the only one with a certain attribute, like the only small or large item. But without knowing the sizes of the other items, it's hard to apply.\n\nWait, maybe the shoe color is the color of the item that's unique in terms of being the only small or large. For example, if the bag is the only small item, then its color is the shoe color.\n\nLooking at the examples:": {"hypothesis": "Short, shoes black (shirt is black). Fits.\n\nSo in examples 7 and 8, it doesn't fit. So maybe that's not the rule.\n\nWait, in example 7, the customer is short, so according to the rule, shoes should be shirt color green, but shoes are orange. Doesn't fit.\n\nIn example 8, short, shirt blue, shoes red. Doesn't fit.\n\nSo maybe the rule is not based on height.\n\nAnother thought: maybe the shoe color is the color of the item that's different in terms of being the only one with a certain attribute, like the only small or large item. But without knowing the sizes of the other items, it's hard to apply.\n\nWait, maybe the shoe color is the color of the item that's unique in terms of being the only small or large. For example, if the bag is the only small item, then its color is the shoe color.\n\nLooking at the examples:", "acc": 0.1, "num_visits": 10, "reward": 0.33992629560940407, "correct_examples": [[7, "orange"]]}, "Short, shoes green (shirt). Fits.": {"hypothesis": "Short, shoes green (shirt). Fits.", "acc": 0.3, "num_visits": 10, "reward": 0.5399262956094041, "correct_examples": [[2, "green"], [5, "green"], [6, "white"]]}, "Hat: black, Shirt: white, Bag: orange (large) \u2192 Shoes: black": {"hypothesis": "Hat: black, Shirt: white, Bag: orange (large) \u2192 Shoes: black", "acc": 0.3, "num_visits": 10, "reward": 0.5399262956094041, "correct_examples": [[3, "orange"], [4, "black"], [8, "red"]]}}