{"The color of the shoes a customer buys is the same as the dominant color of their clothing.": {"hypothesis": "The color of the shoes a customer buys is the same as the dominant color of their clothing.", "acc": 0.5, "num_visits": 10, "reward": 0.739926295609404, "correct_examples": [[2, "green"], [5, "green"], [6, "white"], [7, "orange"], [9, "black"]]}, "Young customers tend to buy shoes that match the color of their hat or shirt.": {"hypothesis": "Young customers tend to buy shoes that match the color of their hat or shirt.", "acc": 0.4, "num_visits": 10, "reward": 0.6399262956094041, "correct_examples": [[2, "green"], [4, "black"], [7, "orange"], [8, "red"]]}, "The color of the shoes a customer buys is the same as the color of their bag.": {"hypothesis": "The color of the shoes a customer buys is the same as the color of their bag.", "acc": 0.1, "num_visits": 10, "reward": 0.33992629560940407, "correct_examples": [[7, "orange"]]}, "The color of the shoes a customer buys is the same as the color of their hat.": {"hypothesis": "The color of the shoes a customer buys is the same as the color of their hat.", "acc": 0.6, "num_visits": 10, "reward": 0.839926295609404, "correct_examples": [[0, "green"], [3, "orange"], [4, "black"], [6, "white"], [7, "orange"], [8, "red"]]}, "Customers tend to buy shoes that match the most distinctive or brightest color in their outfit.": {"hypothesis": "Customers tend to buy shoes that match the most distinctive or brightest color in their outfit.", "acc": 0.4, "num_visits": 10, "reward": 0.6399262956094041, "correct_examples": [[1, "red"], [3, "orange"], [7, "orange"], [8, "red"]]}}