{"Customers who wear black shirts are more likely to buy black shoes.": {"hypothesis": "Customers who wear black shirts are more likely to buy black shoes.", "acc": 0.46153846153846156, "num_visits": 26, "reward": 0.6636545563674884, "correct_examples": [[44, "black"], [45, "black"], [47, "orange"], [50, "red"], [51, "black"], [52, "black"], [53, "black"], [55, "black"], [57, "black"], [63, "black"], [64, "white"], [69, "white"]]}, "A customer is more likely to buy shoes that match the dominant color of their outfit.": {"hypothesis": "A customer is more likely to buy shoes that match the dominant color of their outfit.", "acc": 0.46153846153846156, "num_visits": 26, "reward": 0.6636545563674884, "correct_examples": [[44, "black"], [47, "orange"], [50, "red"], [52, "black"], [54, "red"], [59, "orange"], [60, "white"], [61, "white"], [64, "white"], [65, "red"], [66, "blue"], [69, "white"]]}, "Young and short men tend to buy black shoes when they wear green or orange hats.": {"hypothesis": "Young and short men tend to buy black shoes when they wear green or orange hats.", "acc": 0.23076923076923078, "num_visits": 13, "reward": 0.5151272330301593, "correct_examples": [[55, "black"], [57, "black"], [63, "black"]]}, "Short men tend to buy shoes that match the color of their bag.": {"hypothesis": "Short men tend to buy shoes that match the color of their bag.", "acc": 0.4571428571428571, "num_visits": 70, "reward": 0.580322389911225, "correct_examples": [[1, "black"], [2, "blue"], [3, "blue"], [5, "blue"], [6, "blue"], [8, "black"], [10, "orange"], [11, "green"], [13, "black"], [14, "blue"], [19, "black"], [21, "black"], [25, "black"], [26, "black"], [27, "red"], [29, "black"], [30, "green"], [31, "black"], [34, "green"], [35, "red"], [38, "orange"], [40, "red"], [43, "black"], [46, "orange"], [50, "red"], [54, "red"], [56, "blue"], [58, "green"], [60, "white"], [64, "white"], [67, "orange"], [69, "white"]]}, "Older customers tend to buy black or white shoes, regardless of their outfit.": {"hypothesis": "Older customers tend to buy black or white shoes, regardless of their outfit.", "acc": 0.3181818181818182, "num_visits": 22, "reward": 0.5363783190189604, "correct_examples": [[46, "orange"], [47, "orange"], [49, "white"], [54, "red"], [57, "black"], [60, "white"], [62, "white"]]}, "Young customers tend to buy shoes that match the color of their shirt.": {"hypothesis": "Young customers tend to buy shoes that match the color of their shirt.", "acc": 0.45454545454545453, "num_visits": 66, "reward": 0.5814027957116745, "correct_examples": [[3, "blue"], [4, "white"], [7, "green"], [9, "black"], [14, "blue"], [18, "red"], [20, "green"], [23, "blue"], [24, "orange"], [25, "black"], [26, "black"], [29, "black"], [31, "black"], [32, "orange"], [33, "red"], [36, "blue"], [37, "blue"], [38, "orange"], [39, "white"], [42, "blue"], [44, "black"], [47, "orange"], [52, "black"], [59, "orange"], [60, "white"], [61, "white"], [64, "white"], [65, "red"], [66, "blue"], [69, "white"]]}, "The color of the shoes is likely to match the color of the bag.": {"hypothesis": "The color of the shoes is likely to match the color of the bag.", "acc": 0.4333333333333334, "num_visits": 60, "reward": 0.5663824352038045, "correct_examples": [[10, "orange"], [11, "green"], [14, "blue"], [16, "green"], [19, "black"], [21, "black"], [25, "black"], [26, "black"], [27, "red"], [29, "black"], [30, "green"], [31, "black"], [34, "green"], [35, "red"], [38, "orange"], [40, "red"], [43, "black"], [46, "orange"], [50, "red"], [54, "red"], [56, "blue"], [58, "green"], [60, "white"], [64, "white"], [67, "orange"], [69, "white"]]}, "Young and tall customers tend to buy shoes that match their shirt color.": {"hypothesis": "Young and tall customers tend to buy shoes that match their shirt color.", "acc": 0.45161290322580644, "num_visits": 31, "reward": 0.6367130339756897, "correct_examples": [[36, "blue"], [37, "blue"], [38, "orange"], [42, "blue"], [47, "orange"], [50, "red"], [52, "black"], [60, "white"], [61, "white"], [64, "white"], [65, "red"], [66, "blue"], [68, "black"], [69, "white"]]}, "Young and tall men tend to buy black shoes regardless of their attire.": {"hypothesis": "Young and tall men tend to buy black shoes regardless of their attire.", "acc": 0.37777777777777777, "num_visits": 45, "reward": 0.5311492676787017, "correct_examples": [[10, "orange"], [13, "black"], [15, "black"], [16, "green"], [19, "black"], [21, "black"], [22, "black"], [24, "orange"], [25, "black"], [26, "black"], [29, "black"], [31, "black"], [40, "red"], [52, "black"], [53, "black"], [63, "black"], [64, "white"]]}, "The color of the shoes is likely to match the color of the shirt.": {"hypothesis": "The color of the shoes is likely to match the color of the shirt.", "acc": 0.42857142857142855, "num_visits": 56, "reward": 0.5662903329247952, "correct_examples": [[12, "red"], [14, "blue"], [18, "red"], [20, "green"], [23, "blue"], [24, "orange"], [25, "black"], [26, "black"], [29, "black"], [31, "black"], [32, "orange"], [33, "red"], [36, "blue"], [37, "blue"], [38, "orange"], [39, "white"], [42, "blue"], [44, "black"], [47, "orange"], [52, "black"], [64, "white"], [65, "red"], [66, "blue"], [69, "white"]]}, "The color of the shoes is likely to be a color that is already present in the customer's attire.": {"hypothesis": "The color of the shoes is likely to be a color that is already present in the customer's attire.", "acc": 0.39622641509433965, "num_visits": 53, "reward": 0.5375494510558675, "correct_examples": [[14, "blue"], [19, "black"], [20, "green"], [21, "black"], [23, "blue"], [24, "orange"], [25, "black"], [29, "black"], [31, "black"], [34, "green"], [35, "red"], [36, "blue"], [37, "blue"], [38, "orange"], [39, "white"], [40, "red"], [44, "black"], [50, "red"], [52, "black"], [54, "red"], [66, "blue"]]}, "The color of the shoes is often the same as the dominant color of the customer's outfit.": {"hypothesis": "The color of the shoes is often the same as the dominant color of the customer's outfit.", "acc": 0.4107142857142857, "num_visits": 56, "reward": 0.5484331900676525, "correct_examples": [[1, "black"], [2, "blue"], [3, "blue"], [5, "blue"], [9, "black"], [14, "blue"], [18, "red"], [24, "orange"], [25, "black"], [26, "black"], [27, "red"], [29, "black"], [31, "black"], [34, "green"], [35, "red"], [37, "blue"], [38, "orange"], [39, "white"], [42, "blue"], [44, "black"], [47, "orange"], [50, "red"], [69, "white"]]}, "The color of the shoes is often the same as the color of the bag.": {"hypothesis": "The color of the shoes is often the same as the color of the bag.", "acc": 0.32, "num_visits": 25, "reward": 0.525769446337333, "correct_examples": [[34, "green"], [35, "red"], [38, "orange"], [40, "red"], [43, "black"], [46, "orange"], [50, "red"], [60, "white"]]}, "Customers who wear bright or bold colors (e.g. orange, red) are more likely to buy shoes of the same color.": {"hypothesis": "Customers who wear bright or bold colors (e.g. orange, red) are more likely to buy shoes of the same color.", "acc": 0.3333333333333333, "num_visits": 18, "reward": 0.5762466478341994, "correct_examples": [[46, "orange"], [47, "orange"], [50, "red"], [54, "red"], [59, "orange"], [69, "white"]]}, "The color of the shoes is often the same as the color of the shirt.": {"hypothesis": "The color of the shoes is often the same as the color of the shirt.", "acc": 0.36, "num_visits": 25, "reward": 0.5661187823088755, "correct_examples": [[36, "blue"], [37, "blue"], [38, "orange"], [39, "white"], [42, "blue"], [44, "black"], [47, "orange"], [52, "black"], [69, "white"]]}, "Young customers tend to buy shoes that match the color of their hat or bag.": {"hypothesis": "Young customers tend to buy shoes that match the color of their hat or bag.", "acc": 0.3, "num_visits": 20, "reward": 0.5280044704430067, "correct_examples": [[44, "black"], [46, "orange"], [47, "orange"], [50, "red"], [54, "red"], [57, "black"]]}, "Customers who wear green shirts tend to buy blue or green shoes.": {"hypothesis": "Customers who wear green shirts tend to buy blue or green shoes.", "acc": 0.38, "num_visits": 50, "reward": 0.5205568162449162, "correct_examples": [[1, "black"], [2, "blue"], [3, "blue"], [5, "blue"], [6, "blue"], [7, "green"], [14, "blue"], [15, "black"], [21, "black"], [23, "blue"], [25, "black"], [26, "black"], [28, "black"], [29, "black"], [31, "black"], [36, "blue"], [37, "blue"], [42, "blue"], [43, "black"]]}, "Women tend to buy shoes that match the color of their accessories (hat or bag).": {"hypothesis": "Women tend to buy shoes that match the color of their accessories (hat or bag).", "acc": 0.36363636363636365, "num_visits": 44, "reward": 0.5102688207031558, "correct_examples": [[1, "black"], [2, "blue"], [9, "black"], [13, "black"], [14, "blue"], [15, "black"], [19, "black"], [21, "black"], [22, "black"], [25, "black"], [26, "black"], [29, "black"], [30, "green"], [31, "black"], [35, "red"], [40, "red"]]}, "Old and short customers tend to buy shoes that match their shirt or hat color.\n\nLet me know if you'd like me to refine or expand on these hypotheses!": {"hypothesis": "Old and short customers tend to buy shoes that match their shirt or hat color.\n\nLet me know if you'd like me to refine or expand on these hypotheses!", "acc": 0.2, "num_visits": 10, "reward": 0.5075788368011631, "correct_examples": [[35, "red"], [40, "red"]]}, "Customers who wear white shirts tend to buy white or blue shoes.": {"hypothesis": "Customers who wear white shirts tend to buy white or blue shoes.", "acc": 0.34883720930232565, "num_visits": 43, "reward": 0.49716489560121113, "correct_examples": [[1, "black"], [2, "blue"], [3, "blue"], [5, "blue"], [6, "blue"], [14, "blue"], [19, "black"], [25, "black"], [26, "black"], [28, "black"], [29, "black"], [35, "red"], [36, "blue"], [37, "blue"], [42, "blue"]]}}