{"The color of the shoes is often the same as the most prominent color in the customer's outfit (hat, shirt, or bag).": {"hypothesis": "The color of the shoes is often the same as the most prominent color in the customer's outfit (hat, shirt, or bag).", "acc": 0.38461538461538464, "num_visits": 13, "reward": 0.6749078973925793, "correct_examples": [[65, "red"], [66, "blue"], [73, "orange"], [76, "red"], [77, "blue"]]}, "Tall customers tend to buy shoes that match their shirt or hat color, while short customers tend to buy shoes that match their bag color.": {"hypothesis": "Tall customers tend to buy shoes that match their shirt or hat color, while short customers tend to buy shoes that match their bag color.", "acc": 0.3076923076923077, "num_visits": 13, "reward": 0.5979848204695024, "correct_examples": [[67, "orange"], [75, "black"], [76, "red"], [77, "blue"]]}, "Customers who wear bright or bold colors (e.g. orange, red) are more likely to buy shoes of the same color.": {"hypothesis": "Customers who wear bright or bold colors (e.g. orange, red) are more likely to buy shoes of the same color.", "acc": 0.37037037037037035, "num_visits": 27, "reward": 0.571801054952995, "correct_examples": [[46, "orange"], [47, "orange"], [50, "red"], [54, "red"], [59, "orange"], [69, "white"], [73, "orange"], [74, "blue"], [75, "black"], [76, "red"]]}, "Customers who wear black shirts are more likely to buy black shoes.": {"hypothesis": "Customers who wear black shirts are more likely to buy black shoes.", "acc": 0.4166666666666667, "num_visits": 36, "reward": 0.5911107566169101, "correct_examples": [[44, "black"], [45, "black"], [47, "orange"], [50, "red"], [51, "black"], [52, "black"], [53, "black"], [55, "black"], [57, "black"], [63, "black"], [64, "white"], [69, "white"], [74, "blue"], [75, "black"], [78, "black"]]}, "Young and tall customers tend to buy shoes that match their shirt color.": {"hypothesis": "Young and tall customers tend to buy shoes that match their shirt color.", "acc": 0.4146341463414634, "num_visits": 41, "reward": 0.5780956849420468, "correct_examples": [[36, "blue"], [37, "blue"], [38, "orange"], [42, "blue"], [47, "orange"], [50, "red"], [52, "black"], [60, "white"], [61, "white"], [64, "white"], [65, "red"], [66, "blue"], [68, "black"], [69, "white"], [70, "white"], [74, "blue"], [77, "blue"]]}, "A customer is more likely to buy shoes that match the dominant color of their outfit.": {"hypothesis": "A customer is more likely to buy shoes that match the dominant color of their outfit.", "acc": 0.3888888888888889, "num_visits": 36, "reward": 0.5633329788391324, "correct_examples": [[44, "black"], [47, "orange"], [50, "red"], [52, "black"], [54, "red"], [59, "orange"], [60, "white"], [61, "white"], [64, "white"], [65, "red"], [66, "blue"], [69, "white"], [74, "blue"], [77, "blue"]]}, "The color of the shoes is likely to match the color of the bag.": {"hypothesis": "The color of the shoes is likely to match the color of the bag.", "acc": 0.4428571428571429, "num_visits": 70, "reward": 0.5679574830798428, "correct_examples": [[10, "orange"], [11, "green"], [14, "blue"], [16, "green"], [19, "black"], [21, "black"], [25, "black"], [26, "black"], [27, "red"], [29, "black"], [30, "green"], [31, "black"], [34, "green"], [35, "red"], [38, "orange"], [40, "red"], [43, "black"], [46, "orange"], [50, "red"], [54, "red"], [56, "blue"], [58, "green"], [60, "white"], [64, "white"], [67, "orange"], [69, "white"], [73, "orange"], [74, "blue"], [75, "black"], [76, "red"], [77, "blue"]]}, "Short men tend to buy shoes that match the color of their bag.": {"hypothesis": "Short men tend to buy shoes that match the color of their bag.", "acc": 0.45, "num_visits": 80, "reward": 0.5670206530205497, "correct_examples": [[1, "black"], [2, "blue"], [3, "blue"], [5, "blue"], [6, "blue"], [8, "black"], [10, "orange"], [11, "green"], [13, "black"], [14, "blue"], [19, "black"], [21, "black"], [25, "black"], [26, "black"], [27, "red"], [29, "black"], [30, "green"], [31, "black"], [34, "green"], [35, "red"], [38, "orange"], [40, "red"], [43, "black"], [46, "orange"], [50, "red"], [54, "red"], [56, "blue"], [58, "green"], [60, "white"], [64, "white"], [67, "orange"], [69, "white"], [74, "blue"], [75, "black"], [76, "red"], [77, "blue"]]}, "Young customers tend to buy shoes that match the color of their shirt.": {"hypothesis": "Young customers tend to buy shoes that match the color of their shirt.", "acc": 0.4342105263157895, "num_visits": 76, "reward": 0.5542711830617416, "correct_examples": [[3, "blue"], [4, "white"], [7, "green"], [9, "black"], [14, "blue"], [18, "red"], [20, "green"], [23, "blue"], [24, "orange"], [25, "black"], [26, "black"], [29, "black"], [31, "black"], [32, "orange"], [33, "red"], [36, "blue"], [37, "blue"], [38, "orange"], [39, "white"], [42, "blue"], [44, "black"], [47, "orange"], [52, "black"], [59, "orange"], [60, "white"], [61, "white"], [64, "white"], [65, "red"], [66, "blue"], [69, "white"], [70, "white"], [74, "blue"], [77, "blue"]]}, "The color of the shoes is likely to match the color of the shirt.": {"hypothesis": "The color of the shoes is likely to match the color of the shirt.", "acc": 0.42424242424242425, "num_visits": 66, "reward": 0.553077922989474, "correct_examples": [[12, "red"], [14, "blue"], [18, "red"], [20, "green"], [23, "blue"], [24, "orange"], [25, "black"], [26, "black"], [29, "black"], [31, "black"], [32, "orange"], [33, "red"], [36, "blue"], [37, "blue"], [38, "orange"], [39, "white"], [42, "blue"], [44, "black"], [47, "orange"], [52, "black"], [64, "white"], [65, "red"], [66, "blue"], [69, "white"], [70, "white"], [72, "blue"], [74, "blue"], [77, "blue"]]}, "The color of the shoes is often the same as the color of the shirt.": {"hypothesis": "The color of the shoes is often the same as the color of the shirt.", "acc": 0.375, "num_visits": 32, "reward": 0.559217208366189, "correct_examples": [[36, "blue"], [37, "blue"], [38, "orange"], [39, "white"], [42, "blue"], [44, "black"], [47, "orange"], [52, "black"], [69, "white"], [70, "white"], [72, "blue"], [74, "blue"]]}, "The color of the shoes is often the same as the dominant color of the customer's outfit.": {"hypothesis": "The color of the shoes is often the same as the dominant color of the customer's outfit.", "acc": 0.4032258064516129, "num_visits": 62, "reward": 0.5355713558401677, "correct_examples": [[1, "black"], [2, "blue"], [3, "blue"], [5, "blue"], [9, "black"], [14, "blue"], [18, "red"], [24, "orange"], [25, "black"], [26, "black"], [27, "red"], [29, "black"], [31, "black"], [34, "green"], [35, "red"], [37, "blue"], [38, "orange"], [39, "white"], [42, "blue"], [44, "black"], [47, "orange"], [50, "red"], [69, "white"], [73, "orange"], [74, "blue"]]}, "Young and tall men tend to buy black shoes regardless of their attire.": {"hypothesis": "Young and tall men tend to buy black shoes regardless of their attire.", "acc": 0.37777777777777777, "num_visits": 45, "reward": 0.5311492676787017, "correct_examples": [[10, "orange"], [13, "black"], [15, "black"], [16, "green"], [19, "black"], [21, "black"], [22, "black"], [24, "orange"], [25, "black"], [26, "black"], [29, "black"], [31, "black"], [40, "red"], [52, "black"], [53, "black"], [63, "black"], [64, "white"]]}, "The color of the shoes is likely to be a color that is already present in the customer's attire.": {"hypothesis": "The color of the shoes is likely to be a color that is already present in the customer's attire.", "acc": 0.3888888888888889, "num_visits": 54, "reward": 0.5298258895433117, "correct_examples": [[14, "blue"], [19, "black"], [20, "green"], [21, "black"], [23, "blue"], [24, "orange"], [25, "black"], [29, "black"], [31, "black"], [34, "green"], [35, "red"], [36, "blue"], [37, "blue"], [38, "orange"], [39, "white"], [40, "red"], [44, "black"], [50, "red"], [52, "black"], [54, "red"], [66, "blue"]]}, "Young customers tend to buy shoes that match the color of their hat or bag.": {"hypothesis": "Young customers tend to buy shoes that match the color of their hat or bag.", "acc": 0.3, "num_visits": 20, "reward": 0.5280044704430067, "correct_examples": [[44, "black"], [46, "orange"], [47, "orange"], [50, "red"], [54, "red"], [57, "black"]]}, "The color of the shoes is often the same as the color of the bag.": {"hypothesis": "The color of the shoes is often the same as the color of the bag.", "acc": 0.32, "num_visits": 25, "reward": 0.525769446337333, "correct_examples": [[34, "green"], [35, "red"], [38, "orange"], [40, "red"], [43, "black"], [46, "orange"], [50, "red"], [60, "white"]]}, "Customers who wear green shirts tend to buy blue or green shoes.": {"hypothesis": "Customers who wear green shirts tend to buy blue or green shoes.", "acc": 0.38, "num_visits": 50, "reward": 0.5205568162449162, "correct_examples": [[1, "black"], [2, "blue"], [3, "blue"], [5, "blue"], [6, "blue"], [7, "green"], [14, "blue"], [15, "black"], [21, "black"], [23, "blue"], [25, "black"], [26, "black"], [28, "black"], [29, "black"], [31, "black"], [36, "blue"], [37, "blue"], [42, "blue"], [43, "black"]]}, "Older customers tend to buy black or white shoes, regardless of their outfit.": {"hypothesis": "Older customers tend to buy black or white shoes, regardless of their outfit.", "acc": 0.30434782608695654, "num_visits": 23, "reward": 0.520300202105686, "correct_examples": [[46, "orange"], [47, "orange"], [49, "white"], [54, "red"], [57, "black"], [60, "white"], [62, "white"]]}, "Young and short men tend to buy black shoes when they wear green or orange hats.": {"hypothesis": "Young and short men tend to buy black shoes when they wear green or orange hats.", "acc": 0.23076923076923078, "num_visits": 13, "reward": 0.5151272330301593, "correct_examples": [[55, "black"], [57, "black"], [63, "black"]]}, "Women tend to buy shoes that match the color of their accessories (hat or bag).": {"hypothesis": "Women tend to buy shoes that match the color of their accessories (hat or bag).", "acc": 0.36363636363636365, "num_visits": 44, "reward": 0.5102688207031558, "correct_examples": [[1, "black"], [2, "blue"], [9, "black"], [13, "black"], [14, "blue"], [15, "black"], [19, "black"], [21, "black"], [22, "black"], [25, "black"], [26, "black"], [29, "black"], [30, "green"], [31, "black"], [35, "red"], [40, "red"]]}}