{"Old customers tend to buy black shoes if they wear a dark-colored shirt, regardless of hat color.": {"hypothesis": "Old customers tend to buy black shoes if they wear a dark-colored shirt, regardless of hat color.", "acc": 0.29411764705882354, "num_visits": 17, "reward": 0.5570334344540524, "correct_examples": [[97, "black"], [100, "black"], [102, "black"], [90, "black"], [92, "black"]]}, "Taller customers tend to buy black shoes if they wear a green hat and a dark-colored shirt.": {"hypothesis": "Taller customers tend to buy black shoes if they wear a green hat and a dark-colored shirt.", "acc": 0.29411764705882354, "num_visits": 17, "reward": 0.5570334344540524, "correct_examples": [[97, "black"], [100, "black"], [102, "black"], [90, "black"], [92, "black"]]}, "Customers who wear a green hat and a light-colored shirt tend to buy white shoes.": {"hypothesis": "Customers who wear a green hat and a light-colored shirt tend to buy white shoes.", "acc": 0.35294117647058826, "num_visits": 17, "reward": 0.6158569638658171, "correct_examples": [[100, "black"], [101, "white"], [102, "black"], [92, "black"], [93, "white"], [108, "black"]]}, "Young customers tend to buy white shoes if they wear a light-colored shirt.": {"hypothesis": "Young customers tend to buy white shoes if they wear a light-colored shirt.", "acc": 0.35294117647058826, "num_visits": 17, "reward": 0.6158569638658171, "correct_examples": [[98, "white"], [100, "black"], [102, "black"], [92, "black"], [93, "white"], [108, "black"]]}, "Customers who wear a green hat and a small bag tend to buy white shoes.": {"hypothesis": "Customers who wear a green hat and a small bag tend to buy white shoes.", "acc": 0.26666666666666666, "num_visits": 15, "reward": 0.5460150521140688, "correct_examples": [[99, "white"], [101, "white"], [91, "white"], [93, "white"]]}, "The color of the shoes is often the same as the dominant color of the customer's clothing and accessories.": {"hypothesis": "The color of the shoes is often the same as the dominant color of the customer's clothing and accessories.", "acc": 0.4, "num_visits": 30, "reward": 0.5979158147166033, "correct_examples": [[80, "red"], [83, "orange"], [84, "orange"], [85, "black"], [89, "green"], [90, "black"], [93, "white"], [94, "blue"], [95, "white"], [96, "black"], [100, "black"], [103, "red"]]}, "The color of the shoes is often the same as the most prominent color in the customer's outfit (hat, shirt, or bag).": {"hypothesis": "The color of the shoes is often the same as the most prominent color in the customer's outfit (hat, shirt, or bag).", "acc": 0.4186046511627907, "num_visits": 43, "reward": 0.5839176095771974, "correct_examples": [[65, "red"], [66, "blue"], [73, "orange"], [76, "red"], [77, "blue"], [80, "red"], [81, "black"], [83, "orange"], [84, "orange"], [85, "black"], [87, "white"], [89, "green"], [90, "black"], [94, "blue"], [95, "white"], [96, "black"], [100, "black"], [103, "red"]]}, "Old customers tend to buy black shoes regardless of the color of their clothing and accessories.": {"hypothesis": "Old customers tend to buy black shoes regardless of the color of their clothing and accessories.", "acc": 0.3333333333333333, "num_visits": 27, "reward": 0.5417521576197603, "correct_examples": [[78, "black"], [79, "black"], [85, "black"], [86, "black"], [88, "black"], [90, "black"], [97, "black"], [100, "black"], [102, "black"]]}, "The color of the shoes is often the same as the color of the customer's bag.": {"hypothesis": "The color of the shoes is often the same as the color of the customer's bag.", "acc": 0.36666666666666664, "num_visits": 30, "reward": 0.5645824813832698, "correct_examples": [[80, "red"], [84, "orange"], [85, "black"], [89, "green"], [93, "white"], [94, "blue"], [95, "white"], [96, "black"], [101, "white"], [104, "blue"], [107, "green"]]}, "A customer is more likely to buy shoes that match the dominant color of their outfit.": {"hypothesis": "A customer is more likely to buy shoes that match the dominant color of their outfit.", "acc": 0.4153846153846154, "num_visits": 65, "reward": 0.5497112534758046, "correct_examples": [[44, "black"], [47, "orange"], [50, "red"], [52, "black"], [54, "red"], [59, "orange"], [60, "white"], [61, "white"], [64, "white"], [65, "red"], [66, "blue"], [69, "white"], [74, "blue"], [77, "blue"], [81, "black"], [83, "orange"], [84, "orange"], [85, "black"], [87, "white"], [89, "green"], [90, "black"], [93, "white"], [94, "blue"], [95, "white"], [96, "black"], [100, "black"], [103, "red"]]}, "Young customers tend to buy shoes that match the color of their hat or shirt.": {"hypothesis": "Young customers tend to buy shoes that match the color of their hat or shirt.", "acc": 0.32, "num_visits": 25, "reward": 0.536805912414593, "correct_examples": [[78, "black"], [80, "red"], [83, "orange"], [86, "black"], [88, "black"], [94, "blue"], [97, "black"], [100, "black"]]}, "Short men tend to buy shoes that match the color of their bag.": {"hypothesis": "Short men tend to buy shoes that match the color of their bag.", "acc": 0.4528301886792453, "num_visits": 106, "reward": 0.558120447481126, "correct_examples": [[1, "black"], [2, "blue"], [3, "blue"], [5, "blue"], [6, "blue"], [8, "black"], [10, "orange"], [11, "green"], [13, "black"], [14, "blue"], [19, "black"], [21, "black"], [25, "black"], [26, "black"], [27, "red"], [29, "black"], [30, "green"], [31, "black"], [34, "green"], [35, "red"], [38, "orange"], [40, "red"], [43, "black"], [46, "orange"], [50, "red"], [54, "red"], [56, "blue"], [58, "green"], [60, "white"], [64, "white"], [67, "orange"], [69, "white"], [74, "blue"], [75, "black"], [76, "red"], [77, "blue"], [80, "red"], [81, "black"], [84, "orange"], [85, "black"], [87, "white"], [88, "black"], [89, "green"], [94, "blue"], [95, "white"], [96, "black"], [101, "white"], [107, "green"]]}, "Young and tall customers tend to buy shoes that match their shirt color.": {"hypothesis": "Young and tall customers tend to buy shoes that match their shirt color.", "acc": 0.4126984126984127, "num_visits": 63, "reward": 0.5492733000835232, "correct_examples": [[36, "blue"], [37, "blue"], [38, "orange"], [42, "blue"], [47, "orange"], [50, "red"], [52, "black"], [60, "white"], [61, "white"], [64, "white"], [65, "red"], [66, "blue"], [68, "black"], [69, "white"], [70, "white"], [74, "blue"], [77, "blue"], [81, "black"], [83, "orange"], [85, "black"], [87, "white"], [93, "white"], [94, "blue"], [95, "white"], [96, "black"], [100, "black"]]}, "The color of the shoes is likely to match the color of the bag.": {"hypothesis": "The color of the shoes is likely to match the color of the bag.", "acc": 0.44086021505376344, "num_visits": 93, "reward": 0.5524798768212604, "correct_examples": [[10, "orange"], [11, "green"], [14, "blue"], [16, "green"], [19, "black"], [21, "black"], [25, "black"], [26, "black"], [27, "red"], [29, "black"], [30, "green"], [31, "black"], [34, "green"], [35, "red"], [38, "orange"], [40, "red"], [43, "black"], [46, "orange"], [50, "red"], [54, "red"], [56, "blue"], [58, "green"], [60, "white"], [64, "white"], [67, "orange"], [69, "white"], [73, "orange"], [74, "blue"], [75, "black"], [76, "red"], [77, "blue"], [80, "red"], [84, "orange"], [85, "black"], [87, "white"], [89, "green"], [93, "white"], [94, "blue"], [95, "white"], [96, "black"], [101, "white"]]}, "The color of the shoes is likely to match the color of the shirt.": {"hypothesis": "The color of the shoes is likely to match the color of the shirt.", "acc": 0.41333333333333333, "num_visits": 75, "reward": 0.5358052303863616, "correct_examples": [[12, "red"], [14, "blue"], [18, "red"], [20, "green"], [23, "blue"], [24, "orange"], [25, "black"], [26, "black"], [29, "black"], [31, "black"], [32, "orange"], [33, "red"], [36, "blue"], [37, "blue"], [38, "orange"], [39, "white"], [42, "blue"], [44, "black"], [47, "orange"], [52, "black"], [64, "white"], [65, "red"], [66, "blue"], [69, "white"], [70, "white"], [72, "blue"], [74, "blue"], [77, "blue"], [81, "black"], [83, "orange"], [87, "white"]]}, "The color of the shoes is often the same as the dominant color of the customer's outfit.": {"hypothesis": "The color of the shoes is often the same as the dominant color of the customer's outfit.", "acc": 0.4032258064516129, "num_visits": 62, "reward": 0.5355713558401677, "correct_examples": [[1, "black"], [2, "blue"], [3, "blue"], [5, "blue"], [9, "black"], [14, "blue"], [18, "red"], [24, "orange"], [25, "black"], [26, "black"], [27, "red"], [29, "black"], [31, "black"], [34, "green"], [35, "red"], [37, "blue"], [38, "orange"], [39, "white"], [42, "blue"], [44, "black"], [47, "orange"], [50, "red"], [69, "white"], [73, "orange"], [74, "blue"]]}, "Young customers tend to buy shoes that match the color of their shirt.": {"hypothesis": "Young customers tend to buy shoes that match the color of their shirt.", "acc": 0.4186046511627907, "num_visits": 86, "reward": 0.5346781166249215, "correct_examples": [[3, "blue"], [4, "white"], [7, "green"], [9, "black"], [14, "blue"], [18, "red"], [20, "green"], [23, "blue"], [24, "orange"], [25, "black"], [26, "black"], [29, "black"], [31, "black"], [32, "orange"], [33, "red"], [36, "blue"], [37, "blue"], [38, "orange"], [39, "white"], [42, "blue"], [44, "black"], [47, "orange"], [52, "black"], [59, "orange"], [60, "white"], [61, "white"], [64, "white"], [65, "red"], [66, "blue"], [69, "white"], [70, "white"], [74, "blue"], [77, "blue"], [81, "black"], [83, "orange"], [87, "white"]]}, "Tall customers tend to buy shoes that match their shirt or hat color, while short customers tend to buy shoes that match their bag color.": {"hypothesis": "Tall customers tend to buy shoes that match their shirt or hat color, while short customers tend to buy shoes that match their bag color.", "acc": 0.32, "num_visits": 25, "reward": 0.5343623066244294, "correct_examples": [[67, "orange"], [75, "black"], [76, "red"], [77, "blue"], [80, "red"], [84, "orange"], [87, "white"], [89, "green"]]}, "The color of the shoes is often the same as the color of the shirt.": {"hypothesis": "The color of the shoes is often the same as the color of the shirt.", "acc": 0.35294117647058826, "num_visits": 34, "reward": 0.5341525439285641, "correct_examples": [[36, "blue"], [37, "blue"], [38, "orange"], [39, "white"], [42, "blue"], [44, "black"], [47, "orange"], [52, "black"], [69, "white"], [70, "white"], [72, "blue"], [74, "blue"]]}, "Young and tall men tend to buy black shoes regardless of their attire.": {"hypothesis": "Young and tall men tend to buy black shoes regardless of their attire.", "acc": 0.37777777777777777, "num_visits": 45, "reward": 0.5311492676787017, "correct_examples": [[10, "orange"], [13, "black"], [15, "black"], [16, "green"], [19, "black"], [21, "black"], [22, "black"], [24, "orange"], [25, "black"], [26, "black"], [29, "black"], [31, "black"], [40, "red"], [52, "black"], [53, "black"], [63, "black"], [64, "white"]]}}