{"Young and tall men tend to buy black shoes regardless of their attire.": {"hypothesis": "Young and tall men tend to buy black shoes regardless of their attire.", "acc": 0.5, "num_visits": 10, "reward": 0.7736664152555988, "correct_examples": [[10, "orange"], [13, "black"], [15, "black"], [16, "green"], [19, "black"]]}, "The color of the shoes is likely to match the color of the bag.": {"hypothesis": "The color of the shoes is likely to match the color of the bag.", "acc": 0.5, "num_visits": 10, "reward": 0.7736664152555988, "correct_examples": [[10, "orange"], [11, "green"], [14, "blue"], [16, "green"], [19, "black"]]}, "Short men tend to buy shoes that match the color of their bag.": {"hypothesis": "Short men tend to buy shoes that match the color of their bag.", "acc": 0.55, "num_visits": 20, "reward": 0.7435113780102476, "correct_examples": [[1, "black"], [2, "blue"], [3, "blue"], [5, "blue"], [6, "blue"], [8, "black"], [10, "orange"], [11, "green"], [13, "black"], [14, "blue"], [19, "black"]]}, "Customers who wear green shirts tend to buy blue or green shoes.": {"hypothesis": "Customers who wear green shirts tend to buy blue or green shoes.", "acc": 0.4, "num_visits": 20, "reward": 0.5935113780102474, "correct_examples": [[1, "black"], [2, "blue"], [3, "blue"], [5, "blue"], [6, "blue"], [7, "green"], [14, "blue"], [15, "black"]]}, "The color of the shoes is likely to match the color of the shirt.": {"hypothesis": "The color of the shoes is likely to match the color of the shirt.", "acc": 0.3, "num_visits": 10, "reward": 0.5736664152555987, "correct_examples": [[12, "red"], [14, "blue"], [18, "red"]]}, "The color of the shoes is often the same as the dominant color of the customer's outfit.": {"hypothesis": "The color of the shoes is often the same as the dominant color of the customer's outfit.", "acc": 0.35, "num_visits": 20, "reward": 0.5435113780102474, "correct_examples": [[1, "black"], [2, "blue"], [3, "blue"], [5, "blue"], [9, "black"], [14, "blue"], [18, "red"]]}, "Women tend to buy shoes that match the color of their accessories (hat or bag).": {"hypothesis": "Women tend to buy shoes that match the color of their accessories (hat or bag).", "acc": 0.35, "num_visits": 20, "reward": 0.5435113780102474, "correct_examples": [[1, "black"], [2, "blue"], [9, "black"], [13, "black"], [14, "blue"], [15, "black"], [19, "black"]]}, "Customers who wear white shirts tend to buy white or blue shoes.": {"hypothesis": "Customers who wear white shirts tend to buy white or blue shoes.", "acc": 0.35, "num_visits": 20, "reward": 0.5435113780102474, "correct_examples": [[1, "black"], [2, "blue"], [3, "blue"], [5, "blue"], [6, "blue"], [14, "blue"], [19, "black"]]}, "Young customers tend to buy shoes that match the color of their shirt.": {"hypothesis": "Young customers tend to buy shoes that match the color of their shirt.", "acc": 0.3, "num_visits": 20, "reward": 0.49351137801024747, "correct_examples": [[3, "blue"], [4, "white"], [7, "green"], [9, "black"], [14, "blue"], [18, "red"]]}, "The color of the shoes is likely to be a color that is already present in the customer's attire.": {"hypothesis": "The color of the shoes is likely to be a color that is already present in the customer's attire.", "acc": 0.2, "num_visits": 10, "reward": 0.4736664152555987, "correct_examples": [[14, "blue"], [19, "black"]]}, "Customers who wear black shirts tend to buy black shoes.": {"hypothesis": "Customers who wear black shirts tend to buy black shoes.", "acc": 0.25, "num_visits": 20, "reward": 0.4435113780102475, "correct_examples": [[1, "black"], [8, "black"], [9, "black"], [13, "black"], [19, "black"]]}, "Tall customers tend to buy white shoes regardless of their age or other attributes.": {"hypothesis": "Tall customers tend to buy white shoes regardless of their age or other attributes.", "acc": 0.2, "num_visits": 20, "reward": 0.3935113780102475, "correct_examples": [[0, "white"], [1, "black"], [4, "white"], [8, "black"]]}, "Old customers tend to buy shoes that match the color of their shirt or hat.": {"hypothesis": "Old customers tend to buy shoes that match the color of their shirt or hat.", "acc": 0.1, "num_visits": 20, "reward": 0.2935113780102475, "correct_examples": [[3, "blue"], [14, "blue"]]}, "The color of the shoes is likely to match the color of the hat.": {"hypothesis": "The color of the shoes is likely to match the color of the hat.", "acc": 0.0, "num_visits": 10, "reward": 0.2736664152555987, "correct_examples": []}, "The color of the shoes is often the same as the color of the hat.": {"hypothesis": "The color of the shoes is often the same as the color of the hat.", "acc": 0.0, "num_visits": 20, "reward": 0.19351137801024748, "correct_examples": []}}