{"Customers who wear green shirts tend to buy blue or green shoes.": {"hypothesis": "Customers who wear green shirts tend to buy blue or green shoes.", "acc": 0.6, "num_visits": 10, "reward": 0.839926295609404, "correct_examples": [[1, "black"], [2, "blue"], [3, "blue"], [5, "blue"], [6, "blue"], [7, "green"]]}, "The color of the shoes is often the same as the dominant color of the customer's outfit.": {"hypothesis": "The color of the shoes is often the same as the dominant color of the customer's outfit.", "acc": 0.5, "num_visits": 10, "reward": 0.739926295609404, "correct_examples": [[1, "black"], [2, "blue"], [3, "blue"], [5, "blue"], [9, "black"]]}, "Women tend to buy shoes that match the color of their accessories (hat or bag).": {"hypothesis": "Women tend to buy shoes that match the color of their accessories (hat or bag).", "acc": 0.3, "num_visits": 10, "reward": 0.5399262956094041, "correct_examples": [[1, "black"], [2, "blue"], [9, "black"]]}, "Customers who wear black shirts tend to buy black shoes.": {"hypothesis": "Customers who wear black shirts tend to buy black shoes.", "acc": 0.3, "num_visits": 10, "reward": 0.5399262956094041, "correct_examples": [[1, "black"], [8, "black"], [9, "black"]]}, "Tall customers tend to buy white shoes regardless of their age or other attributes.": {"hypothesis": "Tall customers tend to buy white shoes regardless of their age or other attributes.", "acc": 0.4, "num_visits": 10, "reward": 0.6399262956094041, "correct_examples": [[0, "white"], [1, "black"], [4, "white"], [8, "black"]]}, "Short men tend to buy shoes that match the color of their bag.": {"hypothesis": "Short men tend to buy shoes that match the color of their bag.", "acc": 0.6, "num_visits": 10, "reward": 0.839926295609404, "correct_examples": [[1, "black"], [2, "blue"], [3, "blue"], [5, "blue"], [6, "blue"], [8, "black"]]}, "The color of the shoes is often the same as the color of the hat.": {"hypothesis": "The color of the shoes is often the same as the color of the hat.", "acc": 0.0, "num_visits": 10, "reward": 0.23992629560940407, "correct_examples": []}, "Customers who wear white shirts tend to buy white or blue shoes.": {"hypothesis": "Customers who wear white shirts tend to buy white or blue shoes.", "acc": 0.5, "num_visits": 10, "reward": 0.739926295609404, "correct_examples": [[1, "black"], [2, "blue"], [3, "blue"], [5, "blue"], [6, "blue"]]}, "Young customers tend to buy shoes that match the color of their shirt.": {"hypothesis": "Young customers tend to buy shoes that match the color of their shirt.", "acc": 0.4, "num_visits": 10, "reward": 0.6399262956094041, "correct_examples": [[3, "blue"], [4, "white"], [7, "green"], [9, "black"]]}, "Old customers tend to buy shoes that match the color of their shirt or hat.": {"hypothesis": "Old customers tend to buy shoes that match the color of their shirt or hat.", "acc": 0.1, "num_visits": 10, "reward": 0.33992629560940407, "correct_examples": [[3, "blue"]]}}