{"Old customers tend to buy black shoes regardless of the color of their clothing and accessories.": {"hypothesis": "Old customers tend to buy black shoes regardless of the color of their clothing and accessories.", "acc": 0.35, "num_visits": 20, "reward": 0.589926295609404, "correct_examples": [[78, "black"], [79, "black"], [85, "black"], [86, "black"], [88, "black"], [90, "black"], [97, "black"]]}, "Young customers tend to buy shoes that match the color of their hat or shirt.": {"hypothesis": "Young customers tend to buy shoes that match the color of their hat or shirt.", "acc": 0.35, "num_visits": 20, "reward": 0.589926295609404, "correct_examples": [[78, "black"], [80, "red"], [83, "orange"], [86, "black"], [88, "black"], [94, "blue"], [97, "black"]]}, "The color of the shoes is often the same as the dominant color of the customer's clothing and accessories.": {"hypothesis": "The color of the shoes is often the same as the dominant color of the customer's clothing and accessories.", "acc": 0.5, "num_visits": 20, "reward": 0.739926295609404, "correct_examples": [[80, "red"], [83, "orange"], [84, "orange"], [85, "black"], [89, "green"], [90, "black"], [93, "white"], [94, "blue"], [95, "white"], [96, "black"]]}, "The color of the shoes is often the same as the most prominent color in the customer's outfit (hat, shirt, or bag).": {"hypothesis": "The color of the shoes is often the same as the most prominent color in the customer's outfit (hat, shirt, or bag).", "acc": 0.48484848484848486, "num_visits": 33, "reward": 0.6716308526569914, "correct_examples": [[65, "red"], [66, "blue"], [73, "orange"], [76, "red"], [77, "blue"], [80, "red"], [81, "black"], [83, "orange"], [84, "orange"], [85, "black"], [87, "white"], [89, "green"], [90, "black"], [94, "blue"], [95, "white"], [96, "black"]]}, "The color of the shoes is often the same as the color of the customer's bag.": {"hypothesis": "The color of the shoes is often the same as the color of the customer's bag.", "acc": 0.4, "num_visits": 20, "reward": 0.6399262956094041, "correct_examples": [[80, "red"], [84, "orange"], [85, "black"], [89, "green"], [93, "white"], [94, "blue"], [95, "white"], [96, "black"]]}, "Customers who wear bright or bold colors (e.g. orange, red) tend to buy shoes that match those colors.": {"hypothesis": "Customers who wear bright or bold colors (e.g. orange, red) tend to buy shoes that match those colors.", "acc": 0.2777777777777778, "num_visits": 18, "reward": 0.5301269483142086, "correct_examples": [[80, "red"], [83, "orange"], [84, "orange"], [89, "green"], [94, "blue"]]}, "A customer is more likely to buy shoes that match the dominant color of their outfit.": {"hypothesis": "A customer is more likely to buy shoes that match the dominant color of their outfit.", "acc": 0.44642857142857145, "num_visits": 56, "reward": 0.5898119577505618, "correct_examples": [[44, "black"], [47, "orange"], [50, "red"], [52, "black"], [54, "red"], [59, "orange"], [60, "white"], [61, "white"], [64, "white"], [65, "red"], [66, "blue"], [69, "white"], [74, "blue"], [77, "blue"], [81, "black"], [83, "orange"], [84, "orange"], [85, "black"], [87, "white"], [89, "green"], [90, "black"], [93, "white"], [94, "blue"], [95, "white"], [96, "black"]]}, "Short men tend to buy shoes that match the color of their bag.": {"hypothesis": "Short men tend to buy shoes that match the color of their bag.", "acc": 0.46, "num_visits": 100, "reward": 0.5672983013144673, "correct_examples": [[1, "black"], [2, "blue"], [3, "blue"], [5, "blue"], [6, "blue"], [8, "black"], [10, "orange"], [11, "green"], [13, "black"], [14, "blue"], [19, "black"], [21, "black"], [25, "black"], [26, "black"], [27, "red"], [29, "black"], [30, "green"], [31, "black"], [34, "green"], [35, "red"], [38, "orange"], [40, "red"], [43, "black"], [46, "orange"], [50, "red"], [54, "red"], [56, "blue"], [58, "green"], [60, "white"], [64, "white"], [67, "orange"], [69, "white"], [74, "blue"], [75, "black"], [76, "red"], [77, "blue"], [80, "red"], [81, "black"], [84, "orange"], [85, "black"], [87, "white"], [88, "black"], [89, "green"], [94, "blue"], [95, "white"], [96, "black"]]}, "Tall customers tend to buy shoes that match their shirt or hat color, while short customers tend to buy shoes that match their bag color.": {"hypothesis": "Tall customers tend to buy shoes that match their shirt or hat color, while short customers tend to buy shoes that match their bag color.", "acc": 0.32, "num_visits": 25, "reward": 0.5343623066244294, "correct_examples": [[67, "orange"], [75, "black"], [76, "red"], [77, "blue"], [80, "red"], [84, "orange"], [87, "white"], [89, "green"]]}, "The color of the shoes is likely to match the color of the bag.": {"hypothesis": "The color of the shoes is likely to match the color of the bag.", "acc": 0.4444444444444444, "num_visits": 90, "reward": 0.557546784851363, "correct_examples": [[10, "orange"], [11, "green"], [14, "blue"], [16, "green"], [19, "black"], [21, "black"], [25, "black"], [26, "black"], [27, "red"], [29, "black"], [30, "green"], [31, "black"], [34, "green"], [35, "red"], [38, "orange"], [40, "red"], [43, "black"], [46, "orange"], [50, "red"], [54, "red"], [56, "blue"], [58, "green"], [60, "white"], [64, "white"], [67, "orange"], [69, "white"], [73, "orange"], [74, "blue"], [75, "black"], [76, "red"], [77, "blue"], [80, "red"], [84, "orange"], [85, "black"], [87, "white"], [89, "green"], [93, "white"], [94, "blue"], [95, "white"], [96, "black"]]}, "Young and tall customers tend to buy shoes that match their shirt color.": {"hypothesis": "Young and tall customers tend to buy shoes that match their shirt color.", "acc": 0.423728813559322, "num_visits": 59, "reward": 0.5634193035415501, "correct_examples": [[36, "blue"], [37, "blue"], [38, "orange"], [42, "blue"], [47, "orange"], [50, "red"], [52, "black"], [60, "white"], [61, "white"], [64, "white"], [65, "red"], [66, "blue"], [68, "black"], [69, "white"], [70, "white"], [74, "blue"], [77, "blue"], [81, "black"], [83, "orange"], [85, "black"], [87, "white"], [93, "white"], [94, "blue"], [95, "white"], [96, "black"]]}, "Customers who wear bright or bold colors (e.g. orange, red) are more likely to buy shoes of the same color.": {"hypothesis": "Customers who wear bright or bold colors (e.g. orange, red) are more likely to buy shoes of the same color.", "acc": 0.3684210526315789, "num_visits": 38, "reward": 0.5411049647588736, "correct_examples": [[46, "orange"], [47, "orange"], [50, "red"], [54, "red"], [59, "orange"], [69, "white"], [73, "orange"], [74, "blue"], [75, "black"], [76, "red"], [80, "red"], [83, "orange"], [84, "orange"], [89, "green"]]}, "Customers who wear black shirts are more likely to buy black shoes.": {"hypothesis": "Customers who wear black shirts are more likely to buy black shoes.", "acc": 0.3829787234042553, "num_visits": 47, "reward": 0.5394893814939884, "correct_examples": [[44, "black"], [45, "black"], [47, "orange"], [50, "red"], [51, "black"], [52, "black"], [53, "black"], [55, "black"], [57, "black"], [63, "black"], [64, "white"], [69, "white"], [74, "blue"], [75, "black"], [78, "black"], [80, "red"], [81, "black"], [86, "black"]]}, "Young customers tend to buy shoes that match the color of their shirt.": {"hypothesis": "Young customers tend to buy shoes that match the color of their shirt.", "acc": 0.4235294117647059, "num_visits": 85, "reward": 0.5385717271295349, "correct_examples": [[3, "blue"], [4, "white"], [7, "green"], [9, "black"], [14, "blue"], [18, "red"], [20, "green"], [23, "blue"], [24, "orange"], [25, "black"], [26, "black"], [29, "black"], [31, "black"], [32, "orange"], [33, "red"], [36, "blue"], [37, "blue"], [38, "orange"], [39, "white"], [42, "blue"], [44, "black"], [47, "orange"], [52, "black"], [59, "orange"], [60, "white"], [61, "white"], [64, "white"], [65, "red"], [66, "blue"], [69, "white"], [70, "white"], [74, "blue"], [77, "blue"], [81, "black"], [83, "orange"], [87, "white"]]}, "The color of the shoes is likely to match the color of the shirt.": {"hypothesis": "The color of the shoes is likely to match the color of the shirt.", "acc": 0.41333333333333333, "num_visits": 75, "reward": 0.5358052303863616, "correct_examples": [[12, "red"], [14, "blue"], [18, "red"], [20, "green"], [23, "blue"], [24, "orange"], [25, "black"], [26, "black"], [29, "black"], [31, "black"], [32, "orange"], [33, "red"], [36, "blue"], [37, "blue"], [38, "orange"], [39, "white"], [42, "blue"], [44, "black"], [47, "orange"], [52, "black"], [64, "white"], [65, "red"], [66, "blue"], [69, "white"], [70, "white"], [72, "blue"], [74, "blue"], [77, "blue"], [81, "black"], [83, "orange"], [87, "white"]]}, "The color of the shoes is often the same as the dominant color of the customer's outfit.": {"hypothesis": "The color of the shoes is often the same as the dominant color of the customer's outfit.", "acc": 0.4032258064516129, "num_visits": 62, "reward": 0.5355713558401677, "correct_examples": [[1, "black"], [2, "blue"], [3, "blue"], [5, "blue"], [9, "black"], [14, "blue"], [18, "red"], [24, "orange"], [25, "black"], [26, "black"], [27, "red"], [29, "black"], [31, "black"], [34, "green"], [35, "red"], [37, "blue"], [38, "orange"], [39, "white"], [42, "blue"], [44, "black"], [47, "orange"], [50, "red"], [69, "white"], [73, "orange"], [74, "blue"]]}, "The color of the shoes is often the same as the color of the shirt.": {"hypothesis": "The color of the shoes is often the same as the color of the shirt.", "acc": 0.35294117647058826, "num_visits": 34, "reward": 0.5341525439285641, "correct_examples": [[36, "blue"], [37, "blue"], [38, "orange"], [39, "white"], [42, "blue"], [44, "black"], [47, "orange"], [52, "black"], [69, "white"], [70, "white"], [72, "blue"], [74, "blue"]]}, "Young and tall men tend to buy black shoes regardless of their attire.": {"hypothesis": "Young and tall men tend to buy black shoes regardless of their attire.", "acc": 0.37777777777777777, "num_visits": 45, "reward": 0.5311492676787017, "correct_examples": [[10, "orange"], [13, "black"], [15, "black"], [16, "green"], [19, "black"], [21, "black"], [22, "black"], [24, "orange"], [25, "black"], [26, "black"], [29, "black"], [31, "black"], [40, "red"], [52, "black"], [53, "black"], [63, "black"], [64, "white"]]}, "The color of the shoes is likely to be a color that is already present in the customer's attire.": {"hypothesis": "The color of the shoes is likely to be a color that is already present in the customer's attire.", "acc": 0.3888888888888889, "num_visits": 54, "reward": 0.5298258895433117, "correct_examples": [[14, "blue"], [19, "black"], [20, "green"], [21, "black"], [23, "blue"], [24, "orange"], [25, "black"], [29, "black"], [31, "black"], [34, "green"], [35, "red"], [36, "blue"], [37, "blue"], [38, "orange"], [39, "white"], [40, "red"], [44, "black"], [50, "red"], [52, "black"], [54, "red"], [66, "blue"]]}, "Young customers tend to buy shoes that match the color of their hat or bag.": {"hypothesis": "Young customers tend to buy shoes that match the color of their hat or bag.", "acc": 0.3, "num_visits": 20, "reward": 0.5280044704430067, "correct_examples": [[44, "black"], [46, "orange"], [47, "orange"], [50, "red"], [54, "red"], [57, "black"]]}}