{"The color of the shoes is likely to match the color of the shirt.": {"hypothesis": "The color of the shoes is likely to match the color of the shirt.", "acc": 0.5333333333333333, "num_visits": 30, "reward": 0.7086634850974156, "correct_examples": [[12, "red"], [14, "blue"], [18, "red"], [20, "green"], [23, "blue"], [24, "orange"], [25, "black"], [26, "black"], [29, "black"], [31, "black"], [32, "orange"], [33, "red"], [36, "blue"], [37, "blue"], [38, "orange"], [39, "white"]]}, "The color of the shoes is likely to match the color of the bag.": {"hypothesis": "The color of the shoes is likely to match the color of the bag.", "acc": 0.5000000000000001, "num_visits": 30, "reward": 0.6753301517640824, "correct_examples": [[10, "orange"], [11, "green"], [14, "blue"], [16, "green"], [19, "black"], [21, "black"], [25, "black"], [26, "black"], [27, "red"], [29, "black"], [30, "green"], [31, "black"], [34, "green"], [35, "red"], [38, "orange"]]}, "Young and tall men tend to buy black shoes regardless of their attire.": {"hypothesis": "Young and tall men tend to buy black shoes regardless of their attire.", "acc": 0.4, "num_visits": 30, "reward": 0.5753301517640823, "correct_examples": [[10, "orange"], [13, "black"], [15, "black"], [16, "green"], [19, "black"], [21, "black"], [22, "black"], [24, "orange"], [25, "black"], [26, "black"], [29, "black"], [31, "black"]]}, "Short men tend to buy shoes that match the color of their bag.": {"hypothesis": "Short men tend to buy shoes that match the color of their bag.", "acc": 0.525, "num_visits": 40, "reward": 0.6768403654770763, "correct_examples": [[1, "black"], [2, "blue"], [3, "blue"], [5, "blue"], [6, "blue"], [8, "black"], [10, "orange"], [11, "green"], [13, "black"], [14, "blue"], [19, "black"], [21, "black"], [25, "black"], [26, "black"], [27, "red"], [29, "black"], [30, "green"], [31, "black"], [34, "green"], [35, "red"], [38, "orange"]]}, "Customers who wear green shirts tend to buy blue or green shoes.": {"hypothesis": "Customers who wear green shirts tend to buy blue or green shoes.", "acc": 0.425, "num_visits": 40, "reward": 0.5768403654770763, "correct_examples": [[1, "black"], [2, "blue"], [3, "blue"], [5, "blue"], [6, "blue"], [7, "green"], [14, "blue"], [15, "black"], [21, "black"], [23, "blue"], [25, "black"], [26, "black"], [28, "black"], [29, "black"], [31, "black"], [36, "blue"], [37, "blue"]]}, "Young customers tend to buy shoes that match the color of their shirt.": {"hypothesis": "Young customers tend to buy shoes that match the color of their shirt.", "acc": 0.475, "num_visits": 40, "reward": 0.6268403654770762, "correct_examples": [[3, "blue"], [4, "white"], [7, "green"], [9, "black"], [14, "blue"], [18, "red"], [20, "green"], [23, "blue"], [24, "orange"], [25, "black"], [26, "black"], [29, "black"], [31, "black"], [32, "orange"], [33, "red"], [36, "blue"], [37, "blue"], [38, "orange"], [39, "white"]]}, "Women tend to buy shoes that match the color of their accessories (hat or bag).": {"hypothesis": "Women tend to buy shoes that match the color of their accessories (hat or bag).", "acc": 0.375, "num_visits": 40, "reward": 0.5268403654770764, "correct_examples": [[1, "black"], [2, "blue"], [9, "black"], [13, "black"], [14, "blue"], [15, "black"], [19, "black"], [21, "black"], [22, "black"], [25, "black"], [26, "black"], [29, "black"], [30, "green"], [31, "black"], [35, "red"]]}, "The color of the shoes is likely to be a color that is already present in the customer's attire.": {"hypothesis": "The color of the shoes is likely to be a color that is already present in the customer's attire.", "acc": 0.5, "num_visits": 30, "reward": 0.6753301517640823, "correct_examples": [[14, "blue"], [19, "black"], [20, "green"], [21, "black"], [23, "blue"], [24, "orange"], [25, "black"], [29, "black"], [31, "black"], [34, "green"], [35, "red"], [36, "blue"], [37, "blue"], [38, "orange"], [39, "white"]]}, "The color of the shoes is often the same as the dominant color of the customer's outfit.": {"hypothesis": "The color of the shoes is often the same as the dominant color of the customer's outfit.", "acc": 0.45, "num_visits": 40, "reward": 0.6018403654770763, "correct_examples": [[1, "black"], [2, "blue"], [3, "blue"], [5, "blue"], [9, "black"], [14, "blue"], [18, "red"], [24, "orange"], [25, "black"], [26, "black"], [27, "red"], [29, "black"], [31, "black"], [34, "green"], [35, "red"], [37, "blue"], [38, "orange"], [39, "white"]]}, "The color of the shoes is likely to be a dominant color in the person's outfit.": {"hypothesis": "The color of the shoes is likely to be a dominant color in the person's outfit.", "acc": 0.18181818181818182, "num_visits": 11, "reward": 0.4660775089014814, "correct_examples": [[24, "orange"], [27, "red"]]}, "Customers who wear white shirts tend to buy white or blue shoes.": {"hypothesis": "Customers who wear white shirts tend to buy white or blue shoes.", "acc": 0.358974358974359, "num_visits": 39, "reward": 0.5127490746053658, "correct_examples": [[1, "black"], [2, "blue"], [3, "blue"], [5, "blue"], [6, "blue"], [14, "blue"], [19, "black"], [25, "black"], [26, "black"], [28, "black"], [29, "black"], [35, "red"], [36, "blue"], [37, "blue"]]}, "Customers who wear black shirts tend to buy black shoes.": {"hypothesis": "Customers who wear black shirts tend to buy black shoes.", "acc": 0.25, "num_visits": 20, "reward": 0.4435113780102475, "correct_examples": [[1, "black"], [8, "black"], [9, "black"], [13, "black"], [19, "black"]]}, "Tall customers tend to buy white shoes regardless of their age or other attributes.": {"hypothesis": "Tall customers tend to buy white shoes regardless of their age or other attributes.", "acc": 0.2, "num_visits": 20, "reward": 0.3935113780102475, "correct_examples": [[0, "white"], [1, "black"], [4, "white"], [8, "black"]]}, "The color of the shoes is likely to be a color that complements the color of the shirt or hat.": {"hypothesis": "The color of the shoes is likely to be a color that complements the color of the shirt or hat.", "acc": 0.0, "num_visits": 10, "reward": 0.2969158350701492, "correct_examples": []}, "Old customers tend to buy shoes that match the color of their shirt or hat.": {"hypothesis": "Old customers tend to buy shoes that match the color of their shirt or hat.", "acc": 0.1, "num_visits": 20, "reward": 0.2935113780102475, "correct_examples": [[3, "blue"], [14, "blue"]]}, "The color of the shoes is likely to match the color of the hat.": {"hypothesis": "The color of the shoes is likely to match the color of the hat.", "acc": 0.0, "num_visits": 10, "reward": 0.2736664152555987, "correct_examples": []}, "The color of the shoes is often the same as the color of the hat.": {"hypothesis": "The color of the shoes is often the same as the color of the hat.", "acc": 0.0, "num_visits": 20, "reward": 0.19351137801024748, "correct_examples": []}}