{"Tall customers tend to buy shoes that match the color of their upper body clothing.": {"hypothesis": "Tall customers tend to buy shoes that match the color of their upper body clothing.", "acc": 0.5, "num_visits": 16, "reward": 0.7757811193471527, "correct_examples": [[113, "black"], [115, "black"], [117, "blue"], [122, "green"], [123, "blue"], [127, "black"], [128, "red"], [129, "red"]]}, "The color of the shoes is often a dominant color in the customer's overall appearance.": {"hypothesis": "The color of the shoes is often a dominant color in the customer's overall appearance.", "acc": 0.375, "num_visits": 16, "reward": 0.6507811193471527, "correct_examples": [[113, "black"], [115, "black"], [117, "blue"], [124, "red"], [125, "white"], [127, "black"]]}, "The color of the shoes is often the same as the color of the bag.": {"hypothesis": "The color of the shoes is often the same as the color of the bag.", "acc": 0.37037037037037035, "num_visits": 27, "reward": 0.5826667750270302, "correct_examples": [[104, "blue"], [107, "green"], [111, "orange"], [112, "orange"], [114, "blue"], [116, "orange"], [118, "green"], [121, "black"], [124, "red"], [125, "white"]]}, "Young and tall customers tend to buy shoes that match their shirt color.": {"hypothesis": "Young and tall customers tend to buy shoes that match their shirt color.", "acc": 0.418918918918919, "num_visits": 74, "reward": 0.5471545346558547, "correct_examples": [[36, "blue"], [37, "blue"], [38, "orange"], [42, "blue"], [47, "orange"], [50, "red"], [52, "black"], [60, "white"], [61, "white"], [64, "white"], [65, "red"], [66, "blue"], [68, "black"], [69, "white"], [70, "white"], [74, "blue"], [77, "blue"], [81, "black"], [83, "orange"], [85, "black"], [87, "white"], [93, "white"], [94, "blue"], [95, "white"], [96, "black"], [100, "black"], [121, "black"], [122, "green"], [123, "blue"], [127, "black"], [128, "red"]]}, "Customers who wear a green hat and a light-colored shirt tend to buy white shoes.": {"hypothesis": "Customers who wear a green hat and a light-colored shirt tend to buy white shoes.", "acc": 0.3333333333333333, "num_visits": 33, "reward": 0.5247451911036578, "correct_examples": [[100, "black"], [101, "white"], [102, "black"], [92, "black"], [93, "white"], [108, "black"], [110, "black"], [113, "black"], [115, "black"], [120, "black"], [121, "black"]]}, "The color of the shoes is often the same as the dominant color of the customer's clothing and accessories.": {"hypothesis": "The color of the shoes is often the same as the dominant color of the customer's clothing and accessories.", "acc": 0.42, "num_visits": 50, "reward": 0.5760053596908705, "correct_examples": [[80, "red"], [83, "orange"], [84, "orange"], [85, "black"], [89, "green"], [90, "black"], [93, "white"], [94, "blue"], [95, "white"], [96, "black"], [100, "black"], [103, "red"], [111, "orange"], [112, "orange"], [115, "black"], [117, "blue"], [122, "green"], [124, "red"], [125, "white"], [127, "black"], [129, "red"]]}, "The color of the shoes is often the same as the color of the customer's bag.": {"hypothesis": "The color of the shoes is often the same as the color of the customer's bag.", "acc": 0.38, "num_visits": 50, "reward": 0.5360053596908706, "correct_examples": [[80, "red"], [84, "orange"], [85, "black"], [89, "green"], [93, "white"], [94, "blue"], [95, "white"], [96, "black"], [101, "white"], [104, "blue"], [107, "green"], [111, "orange"], [112, "orange"], [114, "blue"], [116, "orange"], [118, "green"], [121, "black"], [124, "red"], [125, "white"]]}, "The color of the shoes is often the same as the dominant color of the customer's outfit.": {"hypothesis": "The color of the shoes is often the same as the dominant color of the customer's outfit.", "acc": 0.4225352112676056, "num_visits": 71, "reward": 0.5534520009145539, "correct_examples": [[1, "black"], [2, "blue"], [3, "blue"], [5, "blue"], [9, "black"], [14, "blue"], [18, "red"], [24, "orange"], [25, "black"], [26, "black"], [27, "red"], [29, "black"], [31, "black"], [34, "green"], [35, "red"], [37, "blue"], [38, "orange"], [39, "white"], [42, "blue"], [44, "black"], [47, "orange"], [50, "red"], [69, "white"], [73, "orange"], [74, "blue"], [122, "green"], [123, "blue"], [124, "red"], [125, "white"], [127, "black"]]}, "The color of the shoes is often the same as the most prominent color in the customer's outfit (hat, shirt, or bag).": {"hypothesis": "The color of the shoes is often the same as the most prominent color in the customer's outfit (hat, shirt, or bag).", "acc": 0.42857142857142855, "num_visits": 63, "reward": 0.567552049158017, "correct_examples": [[65, "red"], [66, "blue"], [73, "orange"], [76, "red"], [77, "blue"], [80, "red"], [81, "black"], [83, "orange"], [84, "orange"], [85, "black"], [87, "white"], [89, "green"], [90, "black"], [94, "blue"], [95, "white"], [96, "black"], [100, "black"], [103, "red"], [111, "orange"], [112, "orange"], [116, "orange"], [117, "blue"], [122, "green"], [124, "red"], [125, "white"], [127, "black"], [128, "red"]]}, "The color of the shoes is likely to match the color of the bag.": {"hypothesis": "The color of the shoes is likely to match the color of the bag.", "acc": 0.4336283185840708, "num_visits": 113, "reward": 0.5374015402144924, "correct_examples": [[10, "orange"], [11, "green"], [14, "blue"], [16, "green"], [19, "black"], [21, "black"], [25, "black"], [26, "black"], [27, "red"], [29, "black"], [30, "green"], [31, "black"], [34, "green"], [35, "red"], [38, "orange"], [40, "red"], [43, "black"], [46, "orange"], [50, "red"], [54, "red"], [56, "blue"], [58, "green"], [60, "white"], [64, "white"], [67, "orange"], [69, "white"], [73, "orange"], [74, "blue"], [75, "black"], [76, "red"], [77, "blue"], [80, "red"], [84, "orange"], [85, "black"], [87, "white"], [89, "green"], [93, "white"], [94, "blue"], [95, "white"], [96, "black"], [101, "white"], [111, "orange"], [112, "orange"], [114, "blue"], [116, "orange"], [118, "green"], [121, "black"], [124, "red"], [125, "white"]]}, "Young customers tend to buy shoes that match the color of their shirt.": {"hypothesis": "Young customers tend to buy shoes that match the color of their shirt.", "acc": 0.41379310344827586, "num_visits": 87, "reward": 0.5317764829330622, "correct_examples": [[3, "blue"], [4, "white"], [7, "green"], [9, "black"], [14, "blue"], [18, "red"], [20, "green"], [23, "blue"], [24, "orange"], [25, "black"], [26, "black"], [29, "black"], [31, "black"], [32, "orange"], [33, "red"], [36, "blue"], [37, "blue"], [38, "orange"], [39, "white"], [42, "blue"], [44, "black"], [47, "orange"], [52, "black"], [59, "orange"], [60, "white"], [61, "white"], [64, "white"], [65, "red"], [66, "blue"], [69, "white"], [70, "white"], [74, "blue"], [77, "blue"], [81, "black"], [83, "orange"], [87, "white"]]}, "Tall customers tend to buy shoes that match their shirt or hat color, while short customers tend to buy shoes that match their bag color.": {"hypothesis": "Tall customers tend to buy shoes that match their shirt or hat color, while short customers tend to buy shoes that match their bag color.", "acc": 0.3076923076923077, "num_visits": 26, "reward": 0.5236879955036, "correct_examples": [[67, "orange"], [75, "black"], [76, "red"], [77, "blue"], [80, "red"], [84, "orange"], [87, "white"], [89, "green"]]}, "The color of the shoes is often the same as the color of the shirt.": {"hypothesis": "The color of the shoes is often the same as the color of the shirt.", "acc": 0.3888888888888889, "num_visits": 36, "reward": 0.5727429684536574, "correct_examples": [[36, "blue"], [37, "blue"], [38, "orange"], [39, "white"], [42, "blue"], [44, "black"], [47, "orange"], [52, "black"], [69, "white"], [70, "white"], [72, "blue"], [74, "blue"], [128, "red"], [129, "red"]]}, "Short men tend to buy shoes that match the color of their bag.": {"hypothesis": "Short men tend to buy shoes that match the color of their bag.", "acc": 0.43333333333333335, "num_visits": 120, "reward": 0.5335443769446897, "correct_examples": [[1, "black"], [2, "blue"], [3, "blue"], [5, "blue"], [6, "blue"], [8, "black"], [10, "orange"], [11, "green"], [13, "black"], [14, "blue"], [19, "black"], [21, "black"], [25, "black"], [26, "black"], [27, "red"], [29, "black"], [30, "green"], [31, "black"], [34, "green"], [35, "red"], [38, "orange"], [40, "red"], [43, "black"], [46, "orange"], [50, "red"], [54, "red"], [56, "blue"], [58, "green"], [60, "white"], [64, "white"], [67, "orange"], [69, "white"], [74, "blue"], [75, "black"], [76, "red"], [77, "blue"], [80, "red"], [81, "black"], [84, "orange"], [85, "black"], [87, "white"], [88, "black"], [89, "green"], [94, "blue"], [95, "white"], [96, "black"], [101, "white"], [107, "green"], [111, "orange"], [114, "blue"], [118, "green"], [121, "black"]]}, "Old customers tend to buy black shoes if they wear a dark-colored shirt, regardless of hat color.": {"hypothesis": "Old customers tend to buy black shoes if they wear a dark-colored shirt, regardless of hat color.", "acc": 0.2777777777777778, "num_visits": 18, "reward": 0.5335318426230771, "correct_examples": [[97, "black"], [100, "black"], [102, "black"], [90, "black"], [92, "black"]]}, "The color of the shoes is likely to match the color of the shirt.": {"hypothesis": "The color of the shoes is likely to match the color of the shirt.", "acc": 0.40789473684210525, "num_visits": 76, "reward": 0.5334957989185309, "correct_examples": [[12, "red"], [14, "blue"], [18, "red"], [20, "green"], [23, "blue"], [24, "orange"], [25, "black"], [26, "black"], [29, "black"], [31, "black"], [32, "orange"], [33, "red"], [36, "blue"], [37, "blue"], [38, "orange"], [39, "white"], [42, "blue"], [44, "black"], [47, "orange"], [52, "black"], [64, "white"], [65, "red"], [66, "blue"], [69, "white"], [70, "white"], [72, "blue"], [74, "blue"], [77, "blue"], [81, "black"], [83, "orange"], [87, "white"]]}, "A customer is more likely to buy shoes that match the dominant color of their outfit.": {"hypothesis": "A customer is more likely to buy shoes that match the dominant color of their outfit.", "acc": 0.39705882352941174, "num_visits": 68, "reward": 0.5298427942797372, "correct_examples": [[44, "black"], [47, "orange"], [50, "red"], [52, "black"], [54, "red"], [59, "orange"], [60, "white"], [61, "white"], [64, "white"], [65, "red"], [66, "blue"], [69, "white"], [74, "blue"], [77, "blue"], [81, "black"], [83, "orange"], [84, "orange"], [85, "black"], [87, "white"], [89, "green"], [90, "black"], [93, "white"], [94, "blue"], [95, "white"], [96, "black"], [100, "black"], [103, "red"]]}, "Old customers tend to buy black shoes regardless of the color of their clothing and accessories.": {"hypothesis": "Old customers tend to buy black shoes regardless of the color of their clothing and accessories.", "acc": 0.32142857142857145, "num_visits": 28, "reward": 0.527997556211404, "correct_examples": [[78, "black"], [79, "black"], [85, "black"], [86, "black"], [88, "black"], [90, "black"], [97, "black"], [100, "black"], [102, "black"]]}, "Young customers tend to buy shoes that match the color of their accessories (hat, shirt, or bag).": {"hypothesis": "Young customers tend to buy shoes that match the color of their accessories (hat, shirt, or bag).", "acc": 0.2857142857142857, "num_visits": 21, "reward": 0.5252644983053851, "correct_examples": [[110, "black"], [111, "orange"], [113, "black"], [115, "black"], [117, "blue"], [118, "green"]]}, "Young customers tend to buy white shoes if they wear a light-colored shirt.": {"hypothesis": "Young customers tend to buy white shoes if they wear a light-colored shirt.", "acc": 0.3076923076923077, "num_visits": 26, "reward": 0.5222466701504673, "correct_examples": [[98, "white"], [100, "black"], [102, "black"], [92, "black"], [93, "white"], [108, "black"], [113, "black"], [115, "black"]]}}