{"The color of the shoes is often a color that is already present in the customer's outfit, but not necessarily the most prominent one.": {"hypothesis": "The color of the shoes is often a color that is already present in the customer's outfit, but not necessarily the most prominent one.", "acc": 0.3333333333333333, "num_visits": 18, "reward": 0.5971365874119137, "correct_examples": [[130, "green"], [131, "green"], [133, "black"], [140, "white"], [145, "blue"], [146, "green"]]}, "The color of the shoes is more likely to match the color of the customer's shirt than the color of their bag.": {"hypothesis": "The color of the shoes is more likely to match the color of the customer's shirt than the color of their bag.", "acc": 0.4444444444444444, "num_visits": 18, "reward": 0.7082476985230247, "correct_examples": [[128, "red"], [129, "red"], [131, "green"], [140, "white"], [142, "blue"], [145, "blue"], [146, "green"], [147, "red"]]}, "Tall customers tend to buy shoes that match the color of their upper body clothing.": {"hypothesis": "Tall customers tend to buy shoes that match the color of their upper body clothing.", "acc": 0.5000000000000001, "num_visits": 36, "reward": 0.686537069858042, "correct_examples": [[113, "black"], [115, "black"], [117, "blue"], [122, "green"], [123, "blue"], [127, "black"], [128, "red"], [129, "red"], [131, "green"], [132, "white"], [135, "black"], [137, "black"], [138, "red"], [139, "white"], [142, "blue"], [145, "blue"], [146, "green"], [147, "red"]]}, "The color of the shoes is often the same as the color of the shirt.": {"hypothesis": "The color of the shoes is often the same as the color of the shirt.", "acc": 0.44642857142857145, "num_visits": 56, "reward": 0.5959909582874663, "correct_examples": [[36, "blue"], [37, "blue"], [38, "orange"], [39, "white"], [42, "blue"], [44, "black"], [47, "orange"], [52, "black"], [69, "white"], [70, "white"], [72, "blue"], [74, "blue"], [128, "red"], [129, "red"], [131, "green"], [132, "white"], [135, "black"], [137, "black"], [138, "red"], [139, "white"], [140, "white"], [142, "blue"], [145, "blue"], [146, "green"], [147, "red"]]}, "The color of the shoes is often the same as the color of the bag.": {"hypothesis": "The color of the shoes is often the same as the color of the bag.", "acc": 0.425531914893617, "num_visits": 47, "reward": 0.5887872835469297, "correct_examples": [[104, "blue"], [107, "green"], [111, "orange"], [112, "orange"], [114, "blue"], [116, "orange"], [118, "green"], [121, "black"], [124, "red"], [125, "white"], [130, "green"], [132, "white"], [133, "black"], [137, "black"], [138, "red"], [142, "blue"], [143, "green"], [144, "black"], [147, "red"], [149, "green"]]}, "Young and tall customers tend to buy shoes that match their shirt color.": {"hypothesis": "Young and tall customers tend to buy shoes that match their shirt color.", "acc": 0.44680851063829796, "num_visits": 94, "reward": 0.562247488878165, "correct_examples": [[36, "blue"], [37, "blue"], [38, "orange"], [42, "blue"], [47, "orange"], [50, "red"], [52, "black"], [60, "white"], [61, "white"], [64, "white"], [65, "red"], [66, "blue"], [68, "black"], [69, "white"], [70, "white"], [74, "blue"], [77, "blue"], [81, "black"], [83, "orange"], [85, "black"], [87, "white"], [93, "white"], [94, "blue"], [95, "white"], [96, "black"], [100, "black"], [121, "black"], [122, "green"], [123, "blue"], [127, "black"], [128, "red"], [131, "green"], [132, "white"], [135, "black"], [137, "black"], [138, "red"], [139, "white"], [140, "white"], [142, "blue"], [145, "blue"], [146, "green"], [147, "red"]]}, "The color of the shoes is often the same as the dominant color of the customer's clothing and accessories.": {"hypothesis": "The color of the shoes is often the same as the dominant color of the customer's clothing and accessories.", "acc": 0.4428571428571428, "num_visits": 70, "reward": 0.5766298084145868, "correct_examples": [[80, "red"], [83, "orange"], [84, "orange"], [85, "black"], [89, "green"], [90, "black"], [93, "white"], [94, "blue"], [95, "white"], [96, "black"], [100, "black"], [103, "red"], [111, "orange"], [112, "orange"], [115, "black"], [117, "blue"], [122, "green"], [124, "red"], [125, "white"], [127, "black"], [129, "red"], [132, "white"], [135, "black"], [137, "black"], [138, "red"], [139, "white"], [142, "blue"], [143, "green"], [144, "black"], [147, "red"], [149, "green"]]}, "Old customers tend to buy black shoes if they wear a dark-colored shirt, regardless of hat color.": {"hypothesis": "Old customers tend to buy black shoes if they wear a dark-colored shirt, regardless of hat color.", "acc": 0.3076923076923077, "num_visits": 26, "reward": 0.5265970688088792, "correct_examples": [[97, "black"], [100, "black"], [102, "black"], [90, "black"], [92, "black"], [136, "black"], [137, "black"], [141, "black"]]}, "The color of the shoes is likely to match the color of the shirt.": {"hypothesis": "The color of the shoes is likely to match the color of the shirt.", "acc": 0.43820224719101125, "num_visits": 89, "reward": 0.5568395863462848, "correct_examples": [[12, "red"], [14, "blue"], [18, "red"], [20, "green"], [23, "blue"], [24, "orange"], [25, "black"], [26, "black"], [29, "black"], [31, "black"], [32, "orange"], [33, "red"], [36, "blue"], [37, "blue"], [38, "orange"], [39, "white"], [42, "blue"], [44, "black"], [47, "orange"], [52, "black"], [64, "white"], [65, "red"], [66, "blue"], [69, "white"], [70, "white"], [72, "blue"], [74, "blue"], [77, "blue"], [81, "black"], [83, "orange"], [87, "white"], [137, "black"], [138, "red"], [139, "white"], [140, "white"], [142, "blue"], [145, "blue"], [146, "green"], [147, "red"]]}, "The color of the shoes is not strongly correlated with the customer's age or height.": {"hypothesis": "The color of the shoes is not strongly correlated with the customer's age or height.", "acc": 0.21428571428571427, "num_visits": 14, "reward": 0.5128068485811756, "correct_examples": [[136, "black"], [141, "black"], [142, "blue"]]}, "The color of the shoes is likely to match the dominant color of the customer's clothing.": {"hypothesis": "The color of the shoes is likely to match the dominant color of the customer's clothing.", "acc": 0.18181818181818182, "num_visits": 11, "reward": 0.5178989790427346, "correct_examples": [[128, "red"], [129, "red"]]}, "The color of the shoes is often the same as the dominant color of the customer's outfit.": {"hypothesis": "The color of the shoes is often the same as the dominant color of the customer's outfit.", "acc": 0.43820224719101125, "num_visits": 89, "reward": 0.5568395863462848, "correct_examples": [[1, "black"], [2, "blue"], [3, "blue"], [5, "blue"], [9, "black"], [14, "blue"], [18, "red"], [24, "orange"], [25, "black"], [26, "black"], [27, "red"], [29, "black"], [31, "black"], [34, "green"], [35, "red"], [37, "blue"], [38, "orange"], [39, "white"], [42, "blue"], [44, "black"], [47, "orange"], [50, "red"], [69, "white"], [73, "orange"], [74, "blue"], [122, "green"], [123, "blue"], [124, "red"], [125, "white"], [127, "black"], [132, "white"], [135, "black"], [137, "black"], [138, "red"], [139, "white"], [144, "black"], [145, "blue"], [147, "red"], [149, "green"]]}, "The color of the shoes is often the same as the most prominent color in the customer's outfit (hat, shirt, or bag).": {"hypothesis": "The color of the shoes is often the same as the most prominent color in the customer's outfit (hat, shirt, or bag).", "acc": 0.410958904109589, "num_visits": 73, "reward": 0.5419539800143288, "correct_examples": [[65, "red"], [66, "blue"], [73, "orange"], [76, "red"], [77, "blue"], [80, "red"], [81, "black"], [83, "orange"], [84, "orange"], [85, "black"], [87, "white"], [89, "green"], [90, "black"], [94, "blue"], [95, "white"], [96, "black"], [100, "black"], [103, "red"], [111, "orange"], [112, "orange"], [116, "orange"], [117, "blue"], [122, "green"], [124, "red"], [125, "white"], [127, "black"], [128, "red"], [132, "white"], [147, "red"], [149, "green"]]}, "Young customers tend to buy shoes that match the color of their shirt.": {"hypothesis": "Young customers tend to buy shoes that match the color of their shirt.", "acc": 0.41379310344827586, "num_visits": 87, "reward": 0.5317764829330622, "correct_examples": [[3, "blue"], [4, "white"], [7, "green"], [9, "black"], [14, "blue"], [18, "red"], [20, "green"], [23, "blue"], [24, "orange"], [25, "black"], [26, "black"], [29, "black"], [31, "black"], [32, "orange"], [33, "red"], [36, "blue"], [37, "blue"], [38, "orange"], [39, "white"], [42, "blue"], [44, "black"], [47, "orange"], [52, "black"], [59, "orange"], [60, "white"], [61, "white"], [64, "white"], [65, "red"], [66, "blue"], [69, "white"], [70, "white"], [74, "blue"], [77, "blue"], [81, "black"], [83, "orange"], [87, "white"]]}, "The color of the shoes is likely to match the color of the bag.": {"hypothesis": "The color of the shoes is likely to match the color of the bag.", "acc": 0.432, "num_visits": 125, "reward": 0.5315572906180281, "correct_examples": [[10, "orange"], [11, "green"], [14, "blue"], [16, "green"], [19, "black"], [21, "black"], [25, "black"], [26, "black"], [27, "red"], [29, "black"], [30, "green"], [31, "black"], [34, "green"], [35, "red"], [38, "orange"], [40, "red"], [43, "black"], [46, "orange"], [50, "red"], [54, "red"], [56, "blue"], [58, "green"], [60, "white"], [64, "white"], [67, "orange"], [69, "white"], [73, "orange"], [74, "blue"], [75, "black"], [76, "red"], [77, "blue"], [80, "red"], [84, "orange"], [85, "black"], [87, "white"], [89, "green"], [93, "white"], [94, "blue"], [95, "white"], [96, "black"], [101, "white"], [111, "orange"], [112, "orange"], [114, "blue"], [116, "orange"], [118, "green"], [121, "black"], [124, "red"], [125, "white"], [130, "green"], [132, "white"], [133, "black"], [137, "black"], [138, "red"]]}, "Short men tend to buy shoes that match the color of their bag.": {"hypothesis": "Short men tend to buy shoes that match the color of their bag.", "acc": 0.4297520661157025, "num_visits": 121, "reward": 0.5304998373083254, "correct_examples": [[1, "black"], [2, "blue"], [3, "blue"], [5, "blue"], [6, "blue"], [8, "black"], [10, "orange"], [11, "green"], [13, "black"], [14, "blue"], [19, "black"], [21, "black"], [25, "black"], [26, "black"], [27, "red"], [29, "black"], [30, "green"], [31, "black"], [34, "green"], [35, "red"], [38, "orange"], [40, "red"], [43, "black"], [46, "orange"], [50, "red"], [54, "red"], [56, "blue"], [58, "green"], [60, "white"], [64, "white"], [67, "orange"], [69, "white"], [74, "blue"], [75, "black"], [76, "red"], [77, "blue"], [80, "red"], [81, "black"], [84, "orange"], [85, "black"], [87, "white"], [88, "black"], [89, "green"], [94, "blue"], [95, "white"], [96, "black"], [101, "white"], [107, "green"], [111, "orange"], [114, "blue"], [118, "green"], [121, "black"]]}, "A customer is more likely to buy shoes that match the dominant color of their outfit.": {"hypothesis": "A customer is more likely to buy shoes that match the dominant color of their outfit.", "acc": 0.39705882352941174, "num_visits": 68, "reward": 0.5298427942797372, "correct_examples": [[44, "black"], [47, "orange"], [50, "red"], [52, "black"], [54, "red"], [59, "orange"], [60, "white"], [61, "white"], [64, "white"], [65, "red"], [66, "blue"], [69, "white"], [74, "blue"], [77, "blue"], [81, "black"], [83, "orange"], [84, "orange"], [85, "black"], [87, "white"], [89, "green"], [90, "black"], [93, "white"], [94, "blue"], [95, "white"], [96, "black"], [100, "black"], [103, "red"]]}, "The color of the shoes is often the same as the color of the customer's bag.": {"hypothesis": "The color of the shoes is often the same as the color of the customer's bag.", "acc": 0.3870967741935484, "num_visits": 62, "reward": 0.5284586276737568, "correct_examples": [[80, "red"], [84, "orange"], [85, "black"], [89, "green"], [93, "white"], [94, "blue"], [95, "white"], [96, "black"], [101, "white"], [104, "blue"], [107, "green"], [111, "orange"], [112, "orange"], [114, "blue"], [116, "orange"], [118, "green"], [121, "black"], [124, "red"], [125, "white"], [130, "green"], [132, "white"], [133, "black"], [137, "black"], [138, "red"]]}, "Old customers tend to buy black shoes regardless of the color of their clothing and accessories.": {"hypothesis": "Old customers tend to buy black shoes regardless of the color of their clothing and accessories.", "acc": 0.32142857142857145, "num_visits": 28, "reward": 0.527997556211404, "correct_examples": [[78, "black"], [79, "black"], [85, "black"], [86, "black"], [88, "black"], [90, "black"], [97, "black"], [100, "black"], [102, "black"]]}, "The color of the shoes is often a dominant color in the customer's overall appearance.": {"hypothesis": "The color of the shoes is often a dominant color in the customer's overall appearance.", "acc": 0.2857142857142857, "num_visits": 21, "reward": 0.5273671944796122, "correct_examples": [[113, "black"], [115, "black"], [117, "blue"], [124, "red"], [125, "white"], [127, "black"]]}}