{"If a tweet mentions climate change and calls for urgent action, the person is more likely to vote for a Democratic candidate.": {"hypothesis": "", "acc": 0.0, "num_visits": 0, "reward": 0, "correct_examples": []}, "If a tweet includes positive mentions of union activities or workers' rights, the person is more likely to vote for a Democratic candidate.": {"hypothesis": "", "acc": 0.0, "num_visits": 0, "reward": 0, "correct_examples": []}, "If a tweet expresses support for healthcare reform and criticizes the current healthcare system, the person is more likely to vote for a Democratic candidate.": {"hypothesis": "", "acc": 0.0, "num_visits": 0, "reward": 0, "correct_examples": []}, "If a tweet includes positive mentions of military and veterans, the person is more likely to vote for a Republican candidate.": {"hypothesis": "", "acc": 0.0, "num_visits": 0, "reward": 0, "correct_examples": []}, "If a tweet criticizes the media and labels it as \"fake news,\" the person is more likely to vote for a Republican candidate.": {"hypothesis": "", "acc": 0.0, "num_visits": 0, "reward": 0, "correct_examples": []}, "If a tweet expresses support for gun rights and the Second Amendment, the person is more likely to vote for a Republican candidate.": {"hypothesis": "", "acc": 0.0, "num_visits": 0, "reward": 0, "correct_examples": []}, "If a tweet expresses support for free trade and international cooperation, the person is more likely to vote for a Democratic candidate.": {"hypothesis": "", "acc": 0.0, "num_visits": 0, "reward": 0, "correct_examples": []}, "If a tweet includes hashtags like #MAGA or #MakeAmericaGreatAgain, the person is more likely to vote for a Republican candidate.": {"hypothesis": "", "acc": 0.0, "num_visits": 0, "reward": 0, "correct_examples": []}, "If a tweet includes positive mentions of environmental conservation and renewable energy, the person is more likely to vote for a Democratic candidate.": {"hypothesis": "", "acc": 0.0, "num_visits": 0, "reward": 0, "correct_examples": []}, "If a tweet includes positive mentions of local community and small-town values, the person is more likely to vote for a Republican candidate.": {"hypothesis": "", "acc": 0.0, "num_visits": 0, "reward": 0, "correct_examples": []}, "If a tweet includes positive mentions of social justice issues like racial equality or LGBTQ+ rights, the person is more likely to vote for a Democratic candidate.": {"hypothesis": "", "acc": 0.0, "num_visits": 0, "reward": 0, "correct_examples": []}, "If a tweet criticizes the political correctness and calls for more open discourse, the person is more likely to vote for a Republican candidate.": {"hypothesis": "", "acc": 0.0, "num_visits": 0, "reward": 0, "correct_examples": []}, "If a tweet criticizes immigration policies and calls for stricter border control, the person is more likely to vote for a Republican candidate.": {"hypothesis": "", "acc": 0.0, "num_visits": 0, "reward": 0, "correct_examples": []}, "If a tweet criticizes the current administration's economic policies, the person is more likely to vote for the opposition party.": {"hypothesis": "", "acc": 0.0, "num_visits": 0, "reward": 0, "correct_examples": []}, "If a tweet expresses support for traditional family values and religious freedom, the person is more likely to vote for a Republican candidate.": {"hypothesis": "", "acc": 0.0, "num_visits": 0, "reward": 0, "correct_examples": []}, "If a tweet expresses support for public education and increased funding for schools, the person is more likely to vote for a Democratic candidate.": {"hypothesis": "", "acc": 0.0, "num_visits": 0, "reward": 0, "correct_examples": []}, "If a tweet expresses strong support for progressive policies such as universal healthcare or free college education, the person is more likely to vote for a Democratic candidate.": {"hypothesis": "", "acc": 0.0, "num_visits": 0, "reward": 0, "correct_examples": []}, "If a tweet expresses support for small government and lower taxes, the person is more likely to vote for a Republican candidate.": {"hypothesis": "", "acc": 0.0, "num_visits": 0, "reward": 0, "correct_examples": []}, "If a tweet criticizes the influence of big corporations and calls for stronger regulation, the person is more likely to vote for a Democratic candidate.": {"hypothesis": "", "acc": 0.0, "num_visits": 0, "reward": 0, "correct_examples": []}, "If a tweet criticizes the criminal justice system and calls for reform, the person is more likely to vote for a Democratic candidate.": {"hypothesis": "", "acc": 0.0, "num_visits": 0, "reward": 0, "correct_examples": []}}