{"The color of the shoes is likely to match the color of the shirt.": {"hypothesis": "The color of the shoes is likely to match the color of the shirt.", "acc": 0.84, "num_visits": 25, "reward": 1.0461187823088753, "correct_examples": [[42, "blue"], [45, "red"], [47, "orange"], [50, "orange"], [51, "white"], [52, "black"], [53, "green"], [54, "green"], [55, "red"], [56, "red"], [57, "red"], [58, "blue"], [60, "white"], [61, "white"], [63, "orange"], [64, "white"], [65, "red"], [66, "blue"], [67, "green"], [68, "green"], [69, "white"]]}, "A person is more likely to buy shoes that match the color of their shirt.": {"hypothesis": "A person is more likely to buy shoes that match the color of their shirt.", "acc": 0.7755102040816326, "num_visits": 49, "reward": 0.9227379057308294, "correct_examples": [[21, "blue"], [22, "blue"], [23, "blue"], [24, "orange"], [26, "black"], [27, "orange"], [28, "red"], [29, "black"], [34, "black"], [35, "black"], [37, "blue"], [38, "orange"], [39, "white"], [41, "green"], [42, "blue"], [43, "blue"], [44, "black"], [45, "red"], [47, "orange"], [48, "blue"], [50, "orange"], [51, "white"], [52, "black"], [53, "green"], [54, "green"], [55, "red"], [56, "red"], [57, "red"], [58, "blue"], [60, "white"], [61, "white"], [63, "orange"], [64, "white"], [65, "red"], [66, "blue"], [67, "green"], [68, "green"], [69, "white"]]}, "Men tend to buy shoes that match the color of their shirt.": {"hypothesis": "Men tend to buy shoes that match the color of their shirt.", "acc": 0.7428571428571429, "num_visits": 70, "reward": 0.8660366756255108, "correct_examples": [[1, "red"], [2, "green"], [4, "black"], [5, "green"], [6, "white"], [9, "black"], [10, "green"], [11, "red"], [13, "orange"], [15, "red"], [16, "white"], [19, "green"], [21, "blue"], [22, "blue"], [23, "blue"], [24, "orange"], [25, "black"], [26, "black"], [27, "orange"], [28, "red"], [29, "black"], [33, "black"], [34, "black"], [35, "black"], [37, "blue"], [38, "orange"], [39, "white"], [40, "red"], [41, "green"], [42, "blue"], [43, "blue"], [44, "black"], [45, "red"], [47, "orange"], [50, "orange"], [51, "white"], [52, "black"], [53, "green"], [54, "green"], [55, "red"], [56, "red"], [57, "red"], [58, "blue"], [60, "white"], [61, "white"], [63, "orange"], [64, "white"], [65, "red"], [66, "blue"], [67, "green"], [68, "green"], [69, "white"]]}, "The color of the shoes is often the same as the color of the shirt.": {"hypothesis": "The color of the shoes is often the same as the color of the shirt.", "acc": 0.7142857142857145, "num_visits": 70, "reward": 0.8374652470540824, "correct_examples": [[1, "red"], [2, "green"], [5, "green"], [6, "white"], [9, "black"], [10, "green"], [11, "red"], [13, "orange"], [15, "red"], [16, "white"], [19, "green"], [21, "blue"], [22, "blue"], [23, "blue"], [24, "orange"], [25, "black"], [26, "black"], [27, "orange"], [28, "red"], [29, "black"], [34, "black"], [35, "black"], [37, "blue"], [38, "orange"], [39, "white"], [41, "green"], [42, "blue"], [43, "blue"], [44, "black"], [45, "red"], [47, "orange"], [48, "blue"], [50, "orange"], [51, "white"], [52, "black"], [53, "green"], [54, "green"], [55, "red"], [56, "red"], [57, "red"], [58, "blue"], [60, "white"], [61, "white"], [63, "orange"], [64, "white"], [65, "red"], [66, "blue"], [67, "green"], [68, "green"], [69, "white"]]}, "Tall customers tend to buy shoes that match the color of their shirt.": {"hypothesis": "Tall customers tend to buy shoes that match the color of their shirt.", "acc": 0.7142857142857143, "num_visits": 70, "reward": 0.8374652470540822, "correct_examples": [[1, "red"], [2, "green"], [5, "green"], [6, "white"], [9, "black"], [10, "green"], [13, "orange"], [15, "red"], [16, "white"], [17, "blue"], [19, "green"], [21, "blue"], [22, "blue"], [23, "blue"], [24, "orange"], [25, "black"], [26, "black"], [27, "orange"], [28, "red"], [29, "black"], [30, "white"], [34, "black"], [35, "black"], [37, "blue"], [38, "orange"], [39, "white"], [41, "green"], [42, "blue"], [43, "blue"], [44, "black"], [45, "red"], [47, "orange"], [48, "blue"], [50, "orange"], [51, "white"], [52, "black"], [53, "green"], [54, "green"], [56, "red"], [57, "red"], [58, "blue"], [60, "white"], [61, "white"], [63, "orange"], [64, "white"], [65, "red"], [66, "blue"], [67, "green"], [68, "green"], [69, "white"]]}, "The color of the shoes is likely to match the most prominent color of the customer's outfit.": {"hypothesis": "The color of the shoes is likely to match the most prominent color of the customer's outfit.", "acc": 0.5625, "num_visits": 16, "reward": 0.8201484778860944, "correct_examples": [[42, "blue"], [47, "orange"], [53, "green"], [64, "white"], [65, "red"], [66, "blue"], [67, "green"], [68, "green"], [69, "white"]]}, "The color of the shoes is likely to match the color of the item that is most similar in hue to the majority of the customer's outfit.": {"hypothesis": "The color of the shoes is likely to match the color of the item that is most similar in hue to the majority of the customer's outfit.", "acc": 0.47368421052631576, "num_visits": 19, "reward": 0.7101186690658019, "correct_examples": [[42, "blue"], [47, "orange"], [52, "black"], [61, "white"], [63, "orange"], [64, "white"], [66, "blue"], [68, "green"], [69, "white"]]}, "The color of the shoes is often a dominant color in the customer's overall appearance.": {"hypothesis": "The color of the shoes is often a dominant color in the customer's overall appearance.", "acc": 0.5333333333333335, "num_visits": 60, "reward": 0.6663824352038046, "correct_examples": [[10, "green"], [11, "red"], [12, "orange"], [13, "orange"], [14, "white"], [15, "red"], [17, "blue"], [18, "black"], [19, "green"], [21, "blue"], [24, "orange"], [25, "black"], [28, "red"], [29, "black"], [32, "black"], [33, "black"], [37, "blue"], [40, "red"], [41, "green"], [43, "blue"], [44, "black"], [47, "orange"], [48, "blue"], [53, "green"], [56, "red"], [57, "red"], [59, "black"], [65, "red"], [66, "blue"], [67, "green"], [68, "green"], [69, "white"]]}, "Old customers tend to buy shoes that match the color of their hat or shirt.": {"hypothesis": "Old customers tend to buy shoes that match the color of their hat or shirt.", "acc": 0.5285714285714287, "num_visits": 70, "reward": 0.6517509613397966, "correct_examples": [[0, "green"], [4, "black"], [5, "green"], [6, "white"], [7, "orange"], [8, "red"], [12, "orange"], [17, "blue"], [18, "black"], [19, "green"], [20, "orange"], [21, "blue"], [24, "orange"], [25, "black"], [28, "red"], [29, "black"], [32, "black"], [33, "black"], [34, "black"], [36, "orange"], [37, "blue"], [38, "orange"], [40, "red"], [41, "green"], [43, "blue"], [44, "black"], [48, "blue"], [49, "blue"], [52, "black"], [55, "red"], [56, "red"], [57, "red"], [58, "blue"], [59, "black"], [62, "green"], [68, "green"], [69, "white"]]}, "The color of the shoes is often the same as the color of the hat.": {"hypothesis": "The color of the shoes is often the same as the color of the hat.", "acc": 0.4897959183673469, "num_visits": 49, "reward": 0.6370236200165437, "correct_examples": [[0, "green"], [3, "orange"], [4, "black"], [6, "white"], [7, "orange"], [8, "red"], [12, "orange"], [14, "white"], [17, "blue"], [18, "black"], [19, "green"], [20, "orange"], [24, "orange"], [25, "black"], [30, "white"], [31, "white"], [32, "black"], [33, "black"], [36, "orange"], [40, "red"], [48, "blue"], [49, "blue"], [68, "green"], [69, "white"]]}, "Old people are more likely to buy shoes that match the color of their accessories (hat, shirt, or bag).": {"hypothesis": "Old people are more likely to buy shoes that match the color of their accessories (hat, shirt, or bag).", "acc": 0.4444444444444444, "num_visits": 36, "reward": 0.6143889428059126, "correct_examples": [[21, "blue"], [24, "orange"], [26, "black"], [28, "red"], [29, "black"], [33, "black"], [34, "black"], [35, "black"], [38, "orange"], [40, "red"], [41, "green"], [43, "blue"], [56, "red"], [57, "red"], [59, "black"], [60, "white"]]}, "The color of the shoes is often a dominant color in the customer's outfit.": {"hypothesis": "The color of the shoes is often a dominant color in the customer's outfit.", "acc": 0.4444444444444444, "num_visits": 36, "reward": 0.6134051948211819, "correct_examples": [[6, "white"], [7, "orange"], [9, "black"], [11, "red"], [12, "orange"], [13, "orange"], [15, "red"], [19, "green"], [21, "blue"], [24, "orange"], [25, "black"], [26, "black"], [28, "red"], [29, "black"], [56, "red"], [57, "red"]]}, "Short customers tend to buy shoes that match the color of their hat.": {"hypothesis": "Short customers tend to buy shoes that match the color of their hat.", "acc": 0.4411764705882353, "num_visits": 34, "reward": 0.6128321876078933, "correct_examples": [[0, "green"], [3, "orange"], [4, "black"], [6, "white"], [7, "orange"], [8, "red"], [12, "orange"], [13, "orange"], [14, "white"], [17, "blue"], [18, "black"], [20, "orange"], [24, "orange"], [25, "black"], [30, "white"]]}, "Young customers tend to buy shoes that match the color of their hat or shirt.": {"hypothesis": "Young customers tend to buy shoes that match the color of their hat or shirt.", "acc": 0.48484848484848486, "num_visits": 66, "reward": 0.6108242933430433, "correct_examples": [[1, "red"], [2, "green"], [4, "black"], [7, "orange"], [8, "red"], [11, "red"], [12, "orange"], [17, "blue"], [18, "black"], [19, "green"], [20, "orange"], [23, "blue"], [24, "orange"], [25, "black"], [28, "red"], [29, "black"], [32, "black"], [33, "black"], [34, "black"], [36, "orange"], [37, "blue"], [38, "orange"], [40, "red"], [41, "green"], [43, "blue"], [44, "black"], [47, "orange"], [48, "blue"], [52, "black"], [56, "red"], [58, "blue"], [59, "black"]]}, "Old customers tend to buy shoes that match the color of their hat or shirt, but not necessarily the color of their bag.": {"hypothesis": "Old customers tend to buy shoes that match the color of their hat or shirt, but not necessarily the color of their bag.", "acc": 0.3, "num_visits": 10, "reward": 0.604695424428408, "correct_examples": [[34, "black"], [35, "black"], [36, "orange"]]}, "Young people are more likely to buy shoes that match the color of their hat or shirt.": {"hypothesis": "Young people are more likely to buy shoes that match the color of their hat or shirt.", "acc": 0.42424242424242425, "num_visits": 33, "reward": 0.6030327133060513, "correct_examples": [[20, "orange"], [23, "blue"], [24, "orange"], [28, "red"], [29, "black"], [32, "black"], [33, "black"], [36, "orange"], [40, "red"], [41, "green"], [43, "blue"], [44, "black"], [47, "orange"], [48, "blue"]]}, "Young and tall customers tend to buy shoes that match the color of their hat or shirt.": {"hypothesis": "Young and tall customers tend to buy shoes that match the color of their hat or shirt.", "acc": 0.4, "num_visits": 25, "reward": 0.6006327912066008, "correct_examples": [[33, "black"], [34, "black"], [36, "orange"], [38, "orange"], [40, "red"], [41, "green"], [44, "black"], [47, "orange"], [48, "blue"], [52, "black"]]}, "A person is more likely to buy shoes that match the color of their hat.": {"hypothesis": "A person is more likely to buy shoes that match the color of their hat.", "acc": 0.3, "num_visits": 10, "reward": 0.5930011605986035, "correct_examples": [[20, "orange"], [24, "orange"], [30, "white"]]}, "A person is more likely to buy shoes that match the color of their bag.": {"hypothesis": "A person is more likely to buy shoes that match the color of their bag.", "acc": 0.3, "num_visits": 10, "reward": 0.5930011605986035, "correct_examples": [[26, "black"], [28, "red"], [29, "black"]]}, "The color of the shoes is likely to match the color of the hat.": {"hypothesis": "The color of the shoes is likely to match the color of the hat.", "acc": 0.2727272727272727, "num_visits": 11, "reward": 0.5818570123112364, "correct_examples": [[46, "white"], [47, "orange"], [49, "blue"]]}}