{"A person is more likely to buy shoes that match the color of their shirt.": {"hypothesis": "A person is more likely to buy shoes that match the color of their shirt.", "acc": 0.6896551724137929, "num_visits": 29, "reward": 0.873297041968889, "correct_examples": [[21, "blue"], [22, "blue"], [23, "blue"], [24, "orange"], [26, "black"], [27, "orange"], [28, "red"], [29, "black"], [34, "black"], [35, "black"], [37, "blue"], [38, "orange"], [39, "white"], [41, "green"], [42, "blue"], [43, "blue"], [44, "black"], [45, "red"], [47, "orange"], [48, "blue"]]}, "Men tend to buy shoes that match the color of their shirt.": {"hypothesis": "Men tend to buy shoes that match the color of their shirt.", "acc": 0.6800000000000002, "num_visits": 50, "reward": 0.819857481126827, "correct_examples": [[1, "red"], [2, "green"], [4, "black"], [5, "green"], [6, "white"], [9, "black"], [10, "green"], [11, "red"], [13, "orange"], [15, "red"], [16, "white"], [19, "green"], [21, "blue"], [22, "blue"], [23, "blue"], [24, "orange"], [25, "black"], [26, "black"], [27, "orange"], [28, "red"], [29, "black"], [33, "black"], [34, "black"], [35, "black"], [37, "blue"], [38, "orange"], [39, "white"], [40, "red"], [41, "green"], [42, "blue"], [43, "blue"], [44, "black"], [45, "red"], [47, "orange"]]}, "Young and tall customers tend to buy shoes that match the color of their hat or shirt.": {"hypothesis": "Young and tall customers tend to buy shoes that match the color of their hat or shirt.", "acc": 0.47368421052631576, "num_visits": 19, "reward": 0.7005630039679422, "correct_examples": [[33, "black"], [34, "black"], [36, "orange"], [38, "orange"], [40, "red"], [41, "green"], [44, "black"], [47, "orange"], [48, "blue"]]}, "Tall customers tend to buy shoes that match the color of their shirt.": {"hypothesis": "Tall customers tend to buy shoes that match the color of their shirt.", "acc": 0.66, "num_visits": 50, "reward": 0.7998574811268269, "correct_examples": [[1, "red"], [2, "green"], [5, "green"], [6, "white"], [9, "black"], [10, "green"], [13, "orange"], [15, "red"], [16, "white"], [17, "blue"], [19, "green"], [21, "blue"], [22, "blue"], [23, "blue"], [24, "orange"], [25, "black"], [26, "black"], [27, "orange"], [28, "red"], [29, "black"], [30, "white"], [34, "black"], [35, "black"], [37, "blue"], [38, "orange"], [39, "white"], [41, "green"], [42, "blue"], [43, "blue"], [44, "black"], [45, "red"], [47, "orange"], [48, "blue"]]}, "The color of the shoes is often the same as the color of the shirt.": {"hypothesis": "The color of the shoes is often the same as the color of the shirt.", "acc": 0.6400000000000001, "num_visits": 50, "reward": 0.779857481126827, "correct_examples": [[1, "red"], [2, "green"], [5, "green"], [6, "white"], [9, "black"], [10, "green"], [11, "red"], [13, "orange"], [15, "red"], [16, "white"], [19, "green"], [21, "blue"], [22, "blue"], [23, "blue"], [24, "orange"], [25, "black"], [26, "black"], [27, "orange"], [28, "red"], [29, "black"], [34, "black"], [35, "black"], [37, "blue"], [38, "orange"], [39, "white"], [41, "green"], [42, "blue"], [43, "blue"], [44, "black"], [45, "red"], [47, "orange"], [48, "blue"]]}, "The color of the shoes is often a dominant color in the customer's overall appearance.": {"hypothesis": "The color of the shoes is often a dominant color in the customer's overall appearance.", "acc": 0.575, "num_visits": 40, "reward": 0.7313654174807394, "correct_examples": [[10, "green"], [11, "red"], [12, "orange"], [13, "orange"], [14, "white"], [15, "red"], [17, "blue"], [18, "black"], [19, "green"], [21, "blue"], [24, "orange"], [25, "black"], [28, "red"], [29, "black"], [32, "black"], [33, "black"], [37, "blue"], [40, "red"], [41, "green"], [43, "blue"], [44, "black"], [47, "orange"], [48, "blue"]]}, "Old people are more likely to buy shoes that match the color of their accessories (hat, shirt, or bag).": {"hypothesis": "Old people are more likely to buy shoes that match the color of their accessories (hat, shirt, or bag).", "acc": 0.4444444444444444, "num_visits": 27, "reward": 0.6337707601131932, "correct_examples": [[21, "blue"], [24, "orange"], [26, "black"], [28, "red"], [29, "black"], [33, "black"], [34, "black"], [35, "black"], [38, "orange"], [40, "red"], [41, "green"], [43, "blue"]]}, "Young customers tend to buy shoes that match the color of their hat or shirt.": {"hypothesis": "Young customers tend to buy shoes that match the color of their hat or shirt.", "acc": 0.56, "num_visits": 50, "reward": 0.6998574811268269, "correct_examples": [[1, "red"], [2, "green"], [4, "black"], [7, "orange"], [8, "red"], [11, "red"], [12, "orange"], [17, "blue"], [18, "black"], [19, "green"], [20, "orange"], [23, "blue"], [24, "orange"], [25, "black"], [28, "red"], [29, "black"], [32, "black"], [33, "black"], [34, "black"], [36, "orange"], [37, "blue"], [38, "orange"], [40, "red"], [41, "green"], [43, "blue"], [44, "black"], [47, "orange"], [48, "blue"]]}, "Old customers tend to buy shoes that match the color of their hat or shirt.": {"hypothesis": "Old customers tend to buy shoes that match the color of their hat or shirt.", "acc": 0.5599999999999999, "num_visits": 50, "reward": 0.6998574811268268, "correct_examples": [[0, "green"], [4, "black"], [5, "green"], [6, "white"], [7, "orange"], [8, "red"], [12, "orange"], [17, "blue"], [18, "black"], [19, "green"], [20, "orange"], [21, "blue"], [24, "orange"], [25, "black"], [28, "red"], [29, "black"], [32, "black"], [33, "black"], [34, "black"], [36, "orange"], [37, "blue"], [38, "orange"], [40, "red"], [41, "green"], [43, "blue"], [44, "black"], [48, "blue"], [49, "blue"]]}, "Young people are more likely to buy shoes that match the color of their hat or shirt.": {"hypothesis": "Young people are more likely to buy shoes that match the color of their hat or shirt.", "acc": 0.4827586206896552, "num_visits": 29, "reward": 0.6664004902447512, "correct_examples": [[20, "orange"], [23, "blue"], [24, "orange"], [28, "red"], [29, "black"], [32, "black"], [33, "black"], [36, "orange"], [40, "red"], [41, "green"], [43, "blue"], [44, "black"], [47, "orange"], [48, "blue"]]}, "The color of the shoes is often the same as the color of the hat.": {"hypothesis": "The color of the shoes is often the same as the color of the hat.", "acc": 0.5238095238095238, "num_visits": 42, "reward": 0.6764065461356052, "correct_examples": [[0, "green"], [3, "orange"], [4, "black"], [6, "white"], [7, "orange"], [8, "red"], [12, "orange"], [14, "white"], [17, "blue"], [18, "black"], [19, "green"], [20, "orange"], [24, "orange"], [25, "black"], [30, "white"], [31, "white"], [32, "black"], [33, "black"], [36, "orange"], [40, "red"], [48, "blue"], [49, "blue"]]}, "Short customers tend to buy shoes that match the color of their hat.": {"hypothesis": "Short customers tend to buy shoes that match the color of their hat.", "acc": 0.46875, "num_visits": 32, "reward": 0.6385126894675774, "correct_examples": [[0, "green"], [3, "orange"], [4, "black"], [6, "white"], [7, "orange"], [8, "red"], [12, "orange"], [13, "orange"], [14, "white"], [17, "blue"], [18, "black"], [20, "orange"], [24, "orange"], [25, "black"], [30, "white"]]}, "The color of the shoes is often a dominant color in the customer's outfit.": {"hypothesis": "The color of the shoes is often a dominant color in the customer's outfit.", "acc": 0.45161290322580644, "num_visits": 31, "reward": 0.6180263798359081, "correct_examples": [[6, "white"], [7, "orange"], [9, "black"], [11, "red"], [12, "orange"], [13, "orange"], [15, "red"], [19, "green"], [21, "blue"], [24, "orange"], [25, "black"], [26, "black"], [28, "red"], [29, "black"]]}, "Old customers tend to buy shoes that match the color of their hat or shirt, but not necessarily the color of their bag.": {"hypothesis": "Old customers tend to buy shoes that match the color of their hat or shirt, but not necessarily the color of their bag.", "acc": 0.3, "num_visits": 10, "reward": 0.604695424428408, "correct_examples": [[34, "black"], [35, "black"], [36, "orange"]]}, "A person is more likely to buy shoes that match the color of their hat.": {"hypothesis": "A person is more likely to buy shoes that match the color of their hat.", "acc": 0.3, "num_visits": 10, "reward": 0.5930011605986035, "correct_examples": [[20, "orange"], [24, "orange"], [30, "white"]]}, "A person is more likely to buy shoes that match the color of their bag.": {"hypothesis": "A person is more likely to buy shoes that match the color of their bag.", "acc": 0.3, "num_visits": 10, "reward": 0.5930011605986035, "correct_examples": [[26, "black"], [28, "red"], [29, "black"]]}, "Women tend to buy shoes that match the color of their hat or bag.": {"hypothesis": "Women tend to buy shoes that match the color of their hat or bag.", "acc": 0.41935483870967744, "num_visits": 31, "reward": 0.5857683153197791, "correct_examples": [[0, "green"], [1, "red"], [2, "green"], [7, "orange"], [8, "red"], [12, "orange"], [14, "white"], [17, "blue"], [18, "black"], [25, "black"], [26, "black"], [29, "black"], [30, "white"]]}, "The color of the shoes is often a color that matches or complements the customer's shirt or hat.": {"hypothesis": "The color of the shoes is often a color that matches or complements the customer's shirt or hat.", "acc": 0.2, "num_visits": 10, "reward": 0.4736664152555987, "correct_examples": [[14, "white"], [18, "black"]]}, "The color of the shoes is often the same as the color of the bag.": {"hypothesis": "The color of the shoes is often the same as the color of the bag.", "acc": 0.1, "num_visits": 20, "reward": 0.2935113780102475, "correct_examples": [[7, "orange"], [12, "orange"]]}}