{"The color of the shoes is often a dominant color in the customer's overall appearance.": {"hypothesis": "The color of the shoes is often a dominant color in the customer's overall appearance.", "acc": 0.9, "num_visits": 10, "reward": 1.1736664152555987, "correct_examples": [[10, "green"], [11, "red"], [12, "orange"], [13, "orange"], [14, "white"], [15, "red"], [17, "blue"], [18, "black"], [19, "green"]]}, "Men tend to buy shoes that match the color of their shirt.": {"hypothesis": "Men tend to buy shoes that match the color of their shirt.", "acc": 0.6, "num_visits": 20, "reward": 0.7935113780102474, "correct_examples": [[1, "red"], [2, "green"], [4, "black"], [5, "green"], [6, "white"], [9, "black"], [10, "green"], [11, "red"], [13, "orange"], [15, "red"], [16, "white"], [19, "green"]]}, "The color of the shoes is often the same as the color of the shirt.": {"hypothesis": "The color of the shoes is often the same as the color of the shirt.", "acc": 0.55, "num_visits": 20, "reward": 0.7435113780102476, "correct_examples": [[1, "red"], [2, "green"], [5, "green"], [6, "white"], [9, "black"], [10, "green"], [11, "red"], [13, "orange"], [15, "red"], [16, "white"], [19, "green"]]}, "The color of the shoes is often the same as the color of the hat.": {"hypothesis": "The color of the shoes is often the same as the color of the hat.", "acc": 0.55, "num_visits": 20, "reward": 0.7435113780102476, "correct_examples": [[0, "green"], [3, "orange"], [4, "black"], [6, "white"], [7, "orange"], [8, "red"], [12, "orange"], [14, "white"], [17, "blue"], [18, "black"], [19, "green"]]}, "Tall customers tend to buy shoes that match the color of their shirt.": {"hypothesis": "Tall customers tend to buy shoes that match the color of their shirt.", "acc": 0.55, "num_visits": 20, "reward": 0.7435113780102476, "correct_examples": [[1, "red"], [2, "green"], [5, "green"], [6, "white"], [9, "black"], [10, "green"], [13, "orange"], [15, "red"], [16, "white"], [17, "blue"], [19, "green"]]}, "Short customers tend to buy shoes that match the color of their hat.": {"hypothesis": "Short customers tend to buy shoes that match the color of their hat.", "acc": 0.55, "num_visits": 20, "reward": 0.7435113780102476, "correct_examples": [[0, "green"], [3, "orange"], [4, "black"], [6, "white"], [7, "orange"], [8, "red"], [12, "orange"], [13, "orange"], [14, "white"], [17, "blue"], [18, "black"]]}, "Young customers tend to buy shoes that match the color of their hat or shirt.": {"hypothesis": "Young customers tend to buy shoes that match the color of their hat or shirt.", "acc": 0.5, "num_visits": 20, "reward": 0.6935113780102475, "correct_examples": [[1, "red"], [2, "green"], [4, "black"], [7, "orange"], [8, "red"], [11, "red"], [12, "orange"], [17, "blue"], [18, "black"], [19, "green"]]}, "Old customers tend to buy shoes that match the color of their hat or shirt.": {"hypothesis": "Old customers tend to buy shoes that match the color of their hat or shirt.", "acc": 0.5, "num_visits": 20, "reward": 0.6935113780102475, "correct_examples": [[0, "green"], [4, "black"], [5, "green"], [6, "white"], [7, "orange"], [8, "red"], [12, "orange"], [17, "blue"], [18, "black"], [19, "green"]]}, "Women tend to buy shoes that match the color of their hat or bag.": {"hypothesis": "Women tend to buy shoes that match the color of their hat or bag.", "acc": 0.45, "num_visits": 20, "reward": 0.6435113780102475, "correct_examples": [[0, "green"], [1, "red"], [2, "green"], [7, "orange"], [8, "red"], [12, "orange"], [14, "white"], [17, "blue"], [18, "black"]]}, "The color of the shoes is often a dominant color in the customer's outfit.": {"hypothesis": "The color of the shoes is often a dominant color in the customer's outfit.", "acc": 0.4, "num_visits": 20, "reward": 0.5935113780102474, "correct_examples": [[6, "white"], [7, "orange"], [9, "black"], [11, "red"], [12, "orange"], [13, "orange"], [15, "red"], [19, "green"]]}, "The color of the shoes is often a color that matches or complements the customer's shirt or hat.": {"hypothesis": "The color of the shoes is often a color that matches or complements the customer's shirt or hat.", "acc": 0.2, "num_visits": 10, "reward": 0.4736664152555987, "correct_examples": [[14, "white"], [18, "black"]]}, "The color of the shoes is often the same as the color of the bag.": {"hypothesis": "The color of the shoes is often the same as the color of the bag.", "acc": 0.1, "num_visits": 20, "reward": 0.2935113780102475, "correct_examples": [[7, "orange"], [12, "orange"]]}}