{"The color of the shoes is likely to match the color of the hat.": {"hypothesis": "The color of the shoes is likely to match the color of the hat.", "acc": 0.625, "num_visits": 48, "reward": 0.7865458412445767, "correct_examples": [[96, "orange"], [99, "blue"], [101, "green"], [103, "black"], [109, "blue"], [91, "green"], [93, "green"], [95, "red"], [114, "red"], [115, "black"], [116, "white"], [119, "blue"], [125, "green"], [126, "green"], [128, "orange"], [129, "orange"], [130, "red"], [131, "orange"], [132, "black"], [133, "blue"], [134, "green"], [135, "black"], [138, "black"], [140, "blue"], [142, "black"], [144, "white"], [145, "black"], [147, "black"], [148, "green"], [149, "white"]]}, "The color of the shoes is likely to match the color of the shirt.": {"hypothesis": "The color of the shoes is likely to match the color of the shirt.", "acc": 0.6476190476190478, "num_visits": 105, "reward": 0.756843971668289, "correct_examples": [[42, "blue"], [45, "red"], [47, "orange"], [50, "orange"], [51, "white"], [52, "black"], [53, "green"], [54, "green"], [55, "red"], [56, "red"], [57, "red"], [58, "blue"], [60, "white"], [61, "white"], [63, "orange"], [64, "white"], [65, "red"], [66, "blue"], [67, "green"], [68, "green"], [69, "white"], [70, "white"], [71, "red"], [72, "blue"], [73, "green"], [74, "blue"], [75, "blue"], [76, "black"], [77, "blue"], [78, "green"], [79, "green"], [80, "orange"], [81, "black"], [83, "orange"], [86, "green"], [88, "green"], [92, "blue"], [94, "blue"], [97, "white"], [98, "blue"], [100, "black"], [102, "red"], [104, "red"], [105, "blue"], [107, "white"], [108, "green"], [110, "orange"], [111, "red"], [112, "blue"], [113, "black"], [115, "black"], [116, "white"], [117, "blue"], [118, "orange"], [120, "red"], [121, "green"], [122, "green"], [123, "blue"], [124, "orange"], [127, "black"], [133, "blue"], [135, "black"], [136, "red"], [137, "black"], [139, "white"], [141, "blue"], [143, "black"], [146, "green"]]}, "A person is more likely to buy shoes that match the color of their shirt.": {"hypothesis": "A person is more likely to buy shoes that match the color of their shirt.", "acc": 0.6589147286821705, "num_visits": 129, "reward": 0.757456768014074, "correct_examples": [[21, "blue"], [22, "blue"], [23, "blue"], [24, "orange"], [26, "black"], [27, "orange"], [28, "red"], [29, "black"], [34, "black"], [35, "black"], [37, "blue"], [38, "orange"], [39, "white"], [41, "green"], [42, "blue"], [43, "blue"], [44, "black"], [45, "red"], [47, "orange"], [48, "blue"], [50, "orange"], [51, "white"], [52, "black"], [53, "green"], [54, "green"], [55, "red"], [56, "red"], [57, "red"], [58, "blue"], [60, "white"], [61, "white"], [63, "orange"], [64, "white"], [65, "red"], [66, "blue"], [67, "green"], [68, "green"], [69, "white"], [70, "white"], [71, "red"], [72, "blue"], [73, "green"], [74, "blue"], [75, "blue"], [76, "black"], [77, "blue"], [78, "green"], [79, "green"], [80, "orange"], [81, "black"], [83, "orange"], [86, "green"], [88, "green"], [92, "blue"], [94, "blue"], [97, "white"], [98, "blue"], [100, "black"], [102, "red"], [104, "red"], [105, "blue"], [107, "white"], [108, "green"], [110, "orange"], [111, "red"], [112, "blue"], [113, "black"], [115, "black"], [116, "white"], [117, "blue"], [118, "orange"], [120, "red"], [121, "green"], [122, "green"], [123, "blue"], [124, "orange"], [127, "black"], [133, "blue"], [135, "black"], [136, "red"], [137, "black"], [139, "white"], [141, "blue"], [143, "black"], [146, "green"]]}, "Men tend to buy shoes that match the color of their shirt.": {"hypothesis": "Men tend to buy shoes that match the color of their shirt.", "acc": 0.6733333333333333, "num_visits": 150, "reward": 0.7647174611865539, "correct_examples": [[1, "red"], [2, "green"], [4, "black"], [5, "green"], [6, "white"], [9, "black"], [10, "green"], [11, "red"], [13, "orange"], [15, "red"], [16, "white"], [19, "green"], [21, "blue"], [22, "blue"], [23, "blue"], [24, "orange"], [25, "black"], [26, "black"], [27, "orange"], [28, "red"], [29, "black"], [33, "black"], [34, "black"], [35, "black"], [37, "blue"], [38, "orange"], [39, "white"], [40, "red"], [41, "green"], [42, "blue"], [43, "blue"], [44, "black"], [45, "red"], [47, "orange"], [50, "orange"], [51, "white"], [52, "black"], [53, "green"], [54, "green"], [55, "red"], [56, "red"], [57, "red"], [58, "blue"], [60, "white"], [61, "white"], [63, "orange"], [64, "white"], [65, "red"], [66, "blue"], [67, "green"], [68, "green"], [69, "white"], [70, "white"], [71, "red"], [72, "blue"], [73, "green"], [74, "blue"], [75, "blue"], [76, "black"], [77, "blue"], [78, "green"], [79, "green"], [80, "orange"], [81, "black"], [83, "orange"], [86, "green"], [88, "green"], [92, "blue"], [94, "blue"], [97, "white"], [98, "blue"], [100, "black"], [102, "red"], [104, "red"], [105, "blue"], [106, "green"], [107, "white"], [108, "green"], [110, "orange"], [111, "red"], [112, "blue"], [113, "black"], [115, "black"], [117, "blue"], [118, "orange"], [120, "red"], [121, "green"], [122, "green"], [123, "blue"], [124, "orange"], [127, "black"], [130, "red"], [133, "blue"], [135, "black"], [136, "red"], [137, "black"], [139, "white"], [141, "blue"], [143, "black"], [145, "black"], [146, "green"]]}, "Tall customers tend to buy shoes that match the color of their shirt.": {"hypothesis": "Tall customers tend to buy shoes that match the color of their shirt.", "acc": 0.6666666666666666, "num_visits": 150, "reward": 0.7580507945198872, "correct_examples": [[1, "red"], [2, "green"], [5, "green"], [6, "white"], [9, "black"], [10, "green"], [13, "orange"], [15, "red"], [16, "white"], [17, "blue"], [19, "green"], [21, "blue"], [22, "blue"], [23, "blue"], [24, "orange"], [25, "black"], [26, "black"], [27, "orange"], [28, "red"], [29, "black"], [30, "white"], [34, "black"], [35, "black"], [37, "blue"], [38, "orange"], [39, "white"], [41, "green"], [42, "blue"], [43, "blue"], [44, "black"], [45, "red"], [47, "orange"], [48, "blue"], [50, "orange"], [51, "white"], [52, "black"], [53, "green"], [54, "green"], [56, "red"], [57, "red"], [58, "blue"], [60, "white"], [61, "white"], [63, "orange"], [64, "white"], [65, "red"], [66, "blue"], [67, "green"], [68, "green"], [69, "white"], [70, "white"], [71, "red"], [72, "blue"], [73, "green"], [74, "blue"], [75, "blue"], [76, "black"], [77, "blue"], [78, "green"], [79, "green"], [80, "orange"], [81, "black"], [83, "orange"], [86, "green"], [87, "blue"], [88, "green"], [91, "green"], [92, "blue"], [94, "blue"], [97, "white"], [98, "blue"], [100, "black"], [102, "red"], [104, "red"], [105, "blue"], [107, "white"], [108, "green"], [110, "orange"], [111, "red"], [112, "blue"], [113, "black"], [115, "black"], [116, "white"], [117, "blue"], [118, "orange"], [120, "red"], [122, "green"], [123, "blue"], [124, "orange"], [125, "green"], [127, "black"], [132, "black"], [133, "blue"], [135, "black"], [136, "red"], [137, "black"], [139, "white"], [141, "blue"], [143, "black"], [146, "green"]]}, "The color of the shoes is often the same as the color of the shirt.": {"hypothesis": "The color of the shoes is often the same as the color of the shirt.", "acc": 0.6466666666666665, "num_visits": 150, "reward": 0.7380507945198871, "correct_examples": [[1, "red"], [2, "green"], [5, "green"], [6, "white"], [9, "black"], [10, "green"], [11, "red"], [13, "orange"], [15, "red"], [16, "white"], [19, "green"], [21, "blue"], [22, "blue"], [23, "blue"], [24, "orange"], [25, "black"], [26, "black"], [27, "orange"], [28, "red"], [29, "black"], [34, "black"], [35, "black"], [37, "blue"], [38, "orange"], [39, "white"], [41, "green"], [42, "blue"], [43, "blue"], [44, "black"], [45, "red"], [47, "orange"], [48, "blue"], [50, "orange"], [51, "white"], [52, "black"], [53, "green"], [54, "green"], [55, "red"], [56, "red"], [57, "red"], [58, "blue"], [60, "white"], [61, "white"], [63, "orange"], [64, "white"], [65, "red"], [66, "blue"], [67, "green"], [68, "green"], [69, "white"], [70, "white"], [71, "red"], [72, "blue"], [73, "green"], [74, "blue"], [75, "blue"], [76, "black"], [77, "blue"], [78, "green"], [79, "green"], [80, "orange"], [81, "black"], [83, "orange"], [86, "green"], [88, "green"], [92, "blue"], [94, "blue"], [97, "white"], [98, "blue"], [100, "black"], [102, "red"], [104, "red"], [105, "blue"], [107, "white"], [108, "green"], [110, "orange"], [111, "red"], [112, "blue"], [113, "black"], [115, "black"], [116, "white"], [117, "blue"], [118, "orange"], [120, "red"], [121, "green"], [122, "green"], [123, "blue"], [124, "orange"], [127, "black"], [133, "blue"], [135, "black"], [136, "red"], [137, "black"], [139, "white"], [141, "blue"], [143, "black"], [146, "green"]]}, "The color of the shoes is likely to match the color of the accessory that is most similar in hue to the customer's clothing.": {"hypothesis": "The color of the shoes is likely to match the color of the accessory that is most similar in hue to the customer's clothing.", "acc": 0.4583333333333333, "num_visits": 48, "reward": 0.6198791745779101, "correct_examples": [[99, "blue"], [101, "green"], [109, "blue"], [93, "green"], [112, "blue"], [114, "red"], [115, "black"], [116, "white"], [119, "blue"], [120, "red"], [121, "green"], [122, "green"], [123, "blue"], [125, "green"], [126, "green"], [128, "orange"], [131, "orange"], [133, "blue"], [135, "black"], [137, "black"], [141, "blue"], [148, "green"]]}, "The color of the shoes is likely to match the color of the item that is most similar in hue to the majority of the customer's outfit.": {"hypothesis": "The color of the shoes is likely to match the color of the item that is most similar in hue to the majority of the customer's outfit.", "acc": 0.5656565656565656, "num_visits": 99, "reward": 0.6781426511495545, "correct_examples": [[42, "blue"], [47, "orange"], [52, "black"], [61, "white"], [63, "orange"], [64, "white"], [66, "blue"], [68, "green"], [69, "white"], [71, "red"], [72, "blue"], [74, "blue"], [75, "blue"], [76, "black"], [77, "blue"], [78, "green"], [80, "orange"], [81, "black"], [82, "blue"], [83, "orange"], [86, "green"], [88, "green"], [92, "blue"], [94, "blue"], [97, "white"], [98, "blue"], [100, "black"], [101, "green"], [104, "red"], [105, "blue"], [106, "green"], [107, "white"], [108, "green"], [110, "orange"], [112, "blue"], [113, "black"], [115, "black"], [116, "white"], [117, "blue"], [118, "orange"], [119, "blue"], [120, "red"], [121, "green"], [122, "green"], [123, "blue"], [127, "black"], [128, "orange"], [129, "orange"], [131, "orange"], [133, "blue"], [135, "black"], [136, "red"], [137, "black"], [139, "white"], [141, "blue"], [143, "black"]]}, "Old customers tend to buy shoes that match the color of their hat or shirt.": {"hypothesis": "Old customers tend to buy shoes that match the color of their hat or shirt.", "acc": 0.5608108108108106, "num_visits": 148, "reward": 0.6528103269495229, "correct_examples": [[0, "green"], [4, "black"], [5, "green"], [6, "white"], [7, "orange"], [8, "red"], [12, "orange"], [17, "blue"], [18, "black"], [19, "green"], [20, "orange"], [21, "blue"], [24, "orange"], [25, "black"], [28, "red"], [29, "black"], [32, "black"], [33, "black"], [34, "black"], [36, "orange"], [37, "blue"], [38, "orange"], [40, "red"], [41, "green"], [43, "blue"], [44, "black"], [48, "blue"], [49, "blue"], [52, "black"], [55, "red"], [56, "red"], [57, "red"], [58, "blue"], [59, "black"], [62, "green"], [68, "green"], [69, "white"], [74, "blue"], [75, "blue"], [76, "black"], [77, "blue"], [78, "green"], [81, "black"], [82, "blue"], [83, "orange"], [84, "red"], [85, "red"], [86, "green"], [87, "blue"], [90, "orange"], [91, "green"], [92, "blue"], [94, "blue"], [95, "red"], [98, "blue"], [103, "black"], [104, "red"], [105, "blue"], [106, "green"], [109, "blue"], [110, "orange"], [114, "red"], [115, "black"], [116, "white"], [118, "orange"], [119, "blue"], [121, "green"], [125, "green"], [126, "green"], [127, "black"], [128, "orange"], [129, "orange"], [131, "orange"], [133, "blue"], [135, "black"], [136, "red"], [137, "black"], [140, "blue"], [141, "blue"], [143, "black"], [145, "black"], [148, "green"], [149, "white"]]}, "The color of the shoes is often a dominant color in the customer's overall appearance.": {"hypothesis": "The color of the shoes is often a dominant color in the customer's overall appearance.", "acc": 0.5084745762711868, "num_visits": 118, "reward": 0.6113692512516286, "correct_examples": [[10, "green"], [11, "red"], [12, "orange"], [13, "orange"], [14, "white"], [15, "red"], [17, "blue"], [18, "black"], [19, "green"], [21, "blue"], [24, "orange"], [25, "black"], [28, "red"], [29, "black"], [32, "black"], [33, "black"], [37, "blue"], [40, "red"], [41, "green"], [43, "blue"], [44, "black"], [47, "orange"], [48, "blue"], [53, "green"], [56, "red"], [57, "red"], [59, "black"], [65, "red"], [66, "blue"], [67, "green"], [68, "green"], [69, "white"], [71, "red"], [74, "blue"], [75, "blue"], [77, "blue"], [78, "green"], [80, "orange"], [81, "black"], [82, "blue"], [83, "orange"], [86, "green"], [88, "green"], [92, "blue"], [93, "green"], [94, "blue"], [95, "red"], [98, "blue"], [100, "black"], [104, "red"], [105, "blue"], [106, "green"], [108, "green"], [130, "red"], [131, "orange"], [133, "blue"], [135, "black"], [136, "red"], [137, "black"], [141, "blue"]]}, "The color of the shoes is likely to match the most prominent color of the customer's outfit.": {"hypothesis": "The color of the shoes is likely to match the most prominent color of the customer's outfit.", "acc": 0.48684210526315796, "num_visits": 76, "reward": 0.6148789860224411, "correct_examples": [[42, "blue"], [47, "orange"], [53, "green"], [64, "white"], [65, "red"], [66, "blue"], [67, "green"], [68, "green"], [69, "white"], [71, "red"], [74, "blue"], [75, "blue"], [77, "blue"], [78, "green"], [80, "orange"], [81, "black"], [82, "blue"], [83, "orange"], [86, "green"], [88, "green"], [92, "blue"], [93, "green"], [94, "blue"], [97, "white"], [98, "blue"], [100, "black"], [104, "red"], [105, "blue"], [106, "green"], [108, "green"], [116, "white"], [117, "blue"], [118, "orange"], [120, "red"], [121, "green"], [122, "green"], [127, "black"]]}, "The color of the shoes is often a dominant color in the customer's outfit.": {"hypothesis": "The color of the shoes is often a dominant color in the customer's outfit.", "acc": 0.45454545454545453, "num_visits": 55, "reward": 0.6054613747565601, "correct_examples": [[6, "white"], [7, "orange"], [9, "black"], [11, "red"], [12, "orange"], [13, "orange"], [15, "red"], [19, "green"], [21, "blue"], [24, "orange"], [25, "black"], [26, "black"], [28, "red"], [29, "black"], [56, "red"], [57, "red"], [74, "blue"], [75, "blue"], [77, "blue"], [78, "green"], [81, "black"], [82, "blue"], [83, "orange"], [86, "green"], [88, "green"]]}, "The color of the shoes is often the same as the most prominent or brightest color in the customer's attire.": {"hypothesis": "The color of the shoes is often the same as the most prominent or brightest color in the customer's attire.", "acc": 0.40625, "num_visits": 32, "reward": 0.6039703340964173, "correct_examples": [[82, "blue"], [85, "red"], [90, "orange"], [94, "blue"], [95, "red"], [96, "orange"], [98, "blue"], [99, "blue"], [104, "red"], [105, "blue"], [106, "green"], [108, "green"], [110, "orange"]]}, "Short customers tend to buy shoes that match the color of their hat.": {"hypothesis": "Short customers tend to buy shoes that match the color of their hat.", "acc": 0.4411764705882353, "num_visits": 34, "reward": 0.6128321876078933, "correct_examples": [[0, "green"], [3, "orange"], [4, "black"], [6, "white"], [7, "orange"], [8, "red"], [12, "orange"], [13, "orange"], [14, "white"], [17, "blue"], [18, "black"], [20, "orange"], [24, "orange"], [25, "black"], [30, "white"]]}, "Young customers tend to buy shoes that match the color of their hat or shirt.": {"hypothesis": "Young customers tend to buy shoes that match the color of their hat or shirt.", "acc": 0.48484848484848486, "num_visits": 66, "reward": 0.6108242933430433, "correct_examples": [[1, "red"], [2, "green"], [4, "black"], [7, "orange"], [8, "red"], [11, "red"], [12, "orange"], [17, "blue"], [18, "black"], [19, "green"], [20, "orange"], [23, "blue"], [24, "orange"], [25, "black"], [28, "red"], [29, "black"], [32, "black"], [33, "black"], [34, "black"], [36, "orange"], [37, "blue"], [38, "orange"], [40, "red"], [41, "green"], [43, "blue"], [44, "black"], [47, "orange"], [48, "blue"], [52, "black"], [56, "red"], [58, "blue"], [59, "black"]]}, "The color of the shoes is often the same as the color of the hat.": {"hypothesis": "The color of the shoes is often the same as the color of the hat.", "acc": 0.46153846153846156, "num_visits": 52, "reward": 0.6051602177304639, "correct_examples": [[0, "green"], [3, "orange"], [4, "black"], [6, "white"], [7, "orange"], [8, "red"], [12, "orange"], [14, "white"], [17, "blue"], [18, "black"], [19, "green"], [20, "orange"], [24, "orange"], [25, "black"], [30, "white"], [31, "white"], [32, "black"], [33, "black"], [36, "orange"], [40, "red"], [48, "blue"], [49, "blue"], [68, "green"], [69, "white"]]}, "Old customers tend to buy shoes that match the color of their hat or shirt, but not necessarily the color of their bag.": {"hypothesis": "Old customers tend to buy shoes that match the color of their hat or shirt, but not necessarily the color of their bag.", "acc": 0.3, "num_visits": 10, "reward": 0.604695424428408, "correct_examples": [[34, "black"], [35, "black"], [36, "orange"]]}, "Young customers tend to buy white shoes regardless of their attire.": {"hypothesis": "Young customers tend to buy white shoes regardless of their attire.", "acc": 0.3076923076923077, "num_visits": 13, "reward": 0.6032782571303559, "correct_examples": [[70, "white"], [82, "blue"], [87, "blue"], [89, "white"]]}, "Young people are more likely to buy shoes that match the color of their hat or shirt.": {"hypothesis": "Young people are more likely to buy shoes that match the color of their hat or shirt.", "acc": 0.42424242424242425, "num_visits": 33, "reward": 0.6030327133060513, "correct_examples": [[20, "orange"], [23, "blue"], [24, "orange"], [28, "red"], [29, "black"], [32, "black"], [33, "black"], [36, "orange"], [40, "red"], [41, "green"], [43, "blue"], [44, "black"], [47, "orange"], [48, "blue"]]}, "Old people are more likely to buy shoes that match the color of their accessories (hat, shirt, or bag).": {"hypothesis": "Old people are more likely to buy shoes that match the color of their accessories (hat, shirt, or bag).", "acc": 0.43243243243243246, "num_visits": 37, "reward": 0.6029654817220883, "correct_examples": [[21, "blue"], [24, "orange"], [26, "black"], [28, "red"], [29, "black"], [33, "black"], [34, "black"], [35, "black"], [38, "orange"], [40, "red"], [41, "green"], [43, "blue"], [56, "red"], [57, "red"], [59, "black"], [60, "white"]]}}