{"Young and short men tend to buy shoes that match the dominant color of their outfit.": {"hypothesis": "Young and short men tend to buy shoes that match the dominant color of their outfit.", "acc": 0.4, "num_visits": 10, "reward": 0.6399262956094041, "correct_examples": [[1, "black"], [3, "blue"], [5, "blue"], [9, "black"]]}, "Customers who wear black shirts tend to buy black shoes, regardless of their age or gender.": {"hypothesis": "Customers who wear black shirts tend to buy black shoes, regardless of their age or gender.", "acc": 0.5, "num_visits": 10, "reward": 0.739926295609404, "correct_examples": [[1, "black"], [2, "blue"], [5, "blue"], [8, "black"], [9, "black"]]}, "Customers who wear green shirts tend to buy green or blue shoes.": {"hypothesis": "Customers who wear green shirts tend to buy green or blue shoes.", "acc": 0.2, "num_visits": 10, "reward": 0.4399262956094041, "correct_examples": [[3, "blue"], [5, "blue"]]}, "Tall customers tend to buy white shoes, regardless of their age or gender.": {"hypothesis": "Tall customers tend to buy white shoes, regardless of their age or gender.", "acc": 0.4, "num_visits": 10, "reward": 0.6399262956094041, "correct_examples": [[0, "white"], [3, "blue"], [4, "white"], [8, "black"]]}, "The color of the shoes is often the same as the color of the hat.": {"hypothesis": "The color of the shoes is often the same as the color of the hat.", "acc": 0.0, "num_visits": 10, "reward": 0.23992629560940407, "correct_examples": []}}