{"**Customers tend to buy shoes that match the color of the item that is closest to their feet.**\nThis hypothesis proposes that the customer's shoe choice is influenced by the item that is physically closest to their feet, which in these examples appears to be the shirt.": {"hypothesis": "**Customers tend to buy shoes that match the color of the item that is closest to their feet.**\nThis hypothesis proposes that the customer's shoe choice is influenced by the item that is physically closest to their feet, which in these examples appears to be the shirt.", "acc": 0.4, "num_visits": 10, "reward": 0.6399262956094041, "correct_examples": [[3, "blue"], [4, "white"], [7, "green"], [9, "black"]]}, "**Customers tend to buy shoes that match the color of the item that is most similar in hue to their skin tone.**\nThis hypothesis suggests that customers choose shoes that complement their skin tone, which may be influenced by the color of their shirt or other factors.": {"hypothesis": "**Customers tend to buy shoes that match the color of the item that is most similar in hue to their skin tone.**\nThis hypothesis suggests that customers choose shoes that complement their skin tone, which may be influenced by the color of their shirt or other factors.", "acc": 0.2, "num_visits": 10, "reward": 0.4399262956094041, "correct_examples": [[1, "black"], [4, "white"]]}, "**Customers tend to buy shoes that match the color of the item that is most neutral or subdued in their outfit.**\nThis hypothesis suggests that customers choose shoes that blend in with the more subdued or neutral elements of their outfit, rather than drawing attention to a bold or bright accessory.\n\nThese hypotheses can be tested and refined further with additional data to determine which one best explains the relationship between the customer's outfit and their shoe choice.": {"hypothesis": "**Customers tend to buy shoes that match the color of the item that is most neutral or subdued in their outfit.**\nThis hypothesis suggests that customers choose shoes that blend in with the more subdued or neutral elements of their outfit, rather than drawing attention to a bold or bright accessory.\n\nThese hypotheses can be tested and refined further with additional data to determine which one best explains the relationship between the customer's outfit and their shoe choice.", "acc": 0.6, "num_visits": 10, "reward": 0.839926295609404, "correct_examples": [[1, "black"], [3, "blue"], [4, "white"], [7, "green"], [8, "black"], [9, "black"]]}, "**Customers tend to buy shoes that match the color of the item that is most contrasting with their hat.**\nThis hypothesis proposes that customers choose shoes that provide a visual contrast to their hat, which may be a way to create a visually appealing outfit.": {"hypothesis": "**Customers tend to buy shoes that match the color of the item that is most contrasting with their hat.**\nThis hypothesis proposes that customers choose shoes that provide a visual contrast to their hat, which may be a way to create a visually appealing outfit.", "acc": 0.4, "num_visits": 10, "reward": 0.6399262956094041, "correct_examples": [[2, "blue"], [4, "white"], [5, "blue"], [9, "black"]]}, "**Customers tend to buy shoes that match the color of their shirt.**\nThis hypothesis suggests that the customer's shirt is the primary influence on their shoe choice, regardless of the color of their hat, bag, or other accessories.": {"hypothesis": "**Customers tend to buy shoes that match the color of their shirt.**\nThis hypothesis suggests that the customer's shirt is the primary influence on their shoe choice, regardless of the color of their hat, bag, or other accessories.", "acc": 0.4, "num_visits": 10, "reward": 0.6399262956094041, "correct_examples": [[3, "blue"], [4, "white"], [7, "green"], [9, "black"]]}}