{"**Customers tend to buy shoes that match the color of the item that is most visible or prominent on their body.** This hypothesis suggests that the customer's shoe choice is influenced by the item that draws the most attention or is most noticeable on their body, which in these examples appears to be the hat or the bag.": {"hypothesis": "**Customers tend to buy shoes that match the color of the item that is most visible or prominent on their body.** This hypothesis suggests that the customer's shoe choice is influenced by the item that draws the most attention or is most noticeable on their body, which in these examples appears to be the hat or the bag.", "acc": 0.4, "num_visits": 10, "reward": 0.6399262956094041, "correct_examples": [[1, "black"], [2, "blue"], [5, "blue"], [6, "blue"]]}, "**Customers tend to buy shoes that match the color of the item that is most similar in size or scale to their feet.** This hypothesis suggests that the customer's shoe choice is influenced by the item that is most similar in size or scale to their feet, which in these examples appears to be the bag.": {"hypothesis": "**Customers tend to buy shoes that match the color of the item that is most similar in size or scale to their feet.** This hypothesis suggests that the customer's shoe choice is influenced by the item that is most similar in size or scale to their feet, which in these examples appears to be the bag.", "acc": 0.6, "num_visits": 10, "reward": 0.839926295609404, "correct_examples": [[1, "black"], [2, "blue"], [3, "blue"], [5, "blue"], [6, "blue"], [8, "black"]]}, "**Customers tend to buy shoes that match the color of the item that is most likely to be noticed by others when they are walking.** This hypothesis suggests that the customer's shoe choice is influenced by the item that is most likely to be noticed by others when they are walking, which in these examples appears to be the shoes themselves or the bag.\n\nThese hypotheses are not mutually exclusive, and it's possible that a combination of factors influences the customer's shoe choice.": {"hypothesis": "**Customers tend to buy shoes that match the color of the item that is most likely to be noticed by others when they are walking.** This hypothesis suggests that the customer's shoe choice is influenced by the item that is most likely to be noticed by others when they are walking, which in these examples appears to be the shoes themselves or the bag.\n\nThese hypotheses are not mutually exclusive, and it's possible that a combination of factors influences the customer's shoe choice.", "acc": 0.4, "num_visits": 10, "reward": 0.6399262956094041, "correct_examples": [[1, "black"], [2, "blue"], [5, "blue"], [6, "blue"]]}, "**Customers tend to buy shoes that match the color of the item that is most associated with their age or demographic group.** This hypothesis proposes that the customer's shoe choice is influenced by the item that is most commonly associated with their age or demographic group, which in these examples appears to be the hat or the bag.": {"hypothesis": "**Customers tend to buy shoes that match the color of the item that is most associated with their age or demographic group.** This hypothesis proposes that the customer's shoe choice is influenced by the item that is most commonly associated with their age or demographic group, which in these examples appears to be the hat or the bag.", "acc": 0.0, "num_visits": 10, "reward": 0.23992629560940407, "correct_examples": []}, "**Customers tend to buy shoes that match the color of the item that is most contrasting with their shirt.** This hypothesis proposes that the customer's shoe choice is influenced by the item that provides the most visual contrast with their shirt, which in these examples appears to be the hat or the bag.": {"hypothesis": "**Customers tend to buy shoes that match the color of the item that is most contrasting with their shirt.** This hypothesis proposes that the customer's shoe choice is influenced by the item that provides the most visual contrast with their shirt, which in these examples appears to be the hat or the bag.", "acc": 0.4, "num_visits": 10, "reward": 0.6399262956094041, "correct_examples": [[1, "black"], [2, "blue"], [5, "blue"], [6, "blue"]]}}