{"**Support for third-party alternatives combined with criticism of libertarian or Republican policies indicates a Democratic voter.**": {"hypothesis": "**Support for third-party alternatives combined with criticism of libertarian or Republican policies indicates a Democratic voter.**", "acc": 0.5, "num_visits": 10, "reward": 0.8514840829471977, "correct_examples": [[128, "likely democratic voter"], [129, "likely democratic voter"], [130, "likely democratic voter"], [135, "likely democratic voter"], [139, "likely democratic voter"]]}, "**Leaning Towards Third-Party Alternatives**: People who explicitly mention leaning towards or considering third-party alternatives, even if they are unsure about their final decision, are more likely to be democratic voters.": {"hypothesis": "**Leaning Towards Third-Party Alternatives**: People who explicitly mention leaning towards or considering third-party alternatives, even if they are unsure about their final decision, are more likely to be democratic voters.", "acc": 0.5454545454545454, "num_visits": 22, "reward": 0.7824250658355649, "correct_examples": [[117, "likely democratic voter"], [121, "likely democratic voter"], [122, "likely third-party/abstain voter"], [125, "likely democratic voter"], [127, "likely democratic voter"], [128, "likely democratic voter"], [129, "likely democratic voter"], [130, "likely democratic voter"], [133, "likely democratic voter"], [134, "likely democratic voter"], [135, "likely democratic voter"], [139, "likely democratic voter"]]}, "**Expression of uncertainty about voting and consideration of non-voting as a form of protest is more likely to indicate a Democratic voter.**": {"hypothesis": "**Expression of uncertainty about voting and consideration of non-voting as a form of protest is more likely to indicate a Democratic voter.**", "acc": 0.4230769230769231, "num_visits": 130, "reward": 0.5205610679673507, "correct_examples": [[2, "likely democratic voter"], [3, "likely democratic voter"], [4, "likely democratic voter"], [7, "likely democratic voter"], [12, "likely democratic voter"], [16, "likely democratic voter"], [19, "likely democratic voter"], [20, "likely democratic voter"], [22, "likely democratic voter"], [23, "likely democratic voter"], [24, "likely democratic voter"], [25, "likely democratic voter"], [31, "likely democratic voter"], [35, "likely democratic voter"], [36, "likely democratic voter"], [38, "likely democratic voter"], [39, "likely democratic voter"], [40, "likely democratic voter"], [41, "likely democratic voter"], [43, "likely democratic voter"], [48, "likely democratic voter"], [50, "likely democratic voter"], [60, "likely democratic voter"], [61, "likely democratic voter"], [62, "likely democratic voter"], [65, "likely democratic voter"], [66, "likely democratic voter"], [69, "likely third-party/abstain voter"], [72, "likely third-party/abstain voter"], [73, "likely democratic voter"], [84, "likely democratic voter"], [86, "likely democratic voter"], [87, "likely democratic voter"], [92, "likely democratic voter"], [93, "likely third-party/abstain voter"], [95, "likely democratic voter"], [96, "likely democratic voter"], [97, "likely democratic voter"], [98, "likely democratic voter"], [99, "likely democratic voter"], [100, "likely democratic voter"], [101, "likely democratic voter"], [104, "likely democratic voter"], [106, "likely third-party/abstain voter"], [108, "likely third-party/abstain voter"], [112, "likely third-party/abstain voter"], [114, "likely democratic voter"], [117, "likely democratic voter"], [121, "likely democratic voter"], [125, "likely democratic voter"], [126, "likely third-party/abstain voter"], [127, "likely democratic voter"], [131, "likely democratic voter"], [133, "likely democratic voter"], [134, "likely democratic voter"]]}, "**Criticism of Mainstream Political Parties and Alignment with Values:** People who criticize mainstream political parties and express a strong alignment with their values, especially when they are unsure about voting, are more likely to be Democratic voters.": {"hypothesis": "**Criticism of Mainstream Political Parties and Alignment with Values:** People who criticize mainstream political parties and express a strong alignment with their values, especially when they are unsure about voting, are more likely to be Democratic voters.", "acc": 0.3924050632911392, "num_visits": 79, "reward": 0.5174574880269592, "correct_examples": [[43, "likely democratic voter"], [47, "likely democratic voter"], [48, "likely democratic voter"], [50, "likely democratic voter"], [57, "likely democratic voter"], [60, "likely democratic voter"], [61, "likely democratic voter"], [62, "likely democratic voter"], [65, "likely democratic voter"], [70, "likely democratic voter"], [72, "likely third-party/abstain voter"], [73, "likely democratic voter"], [75, "likely democratic voter"], [97, "likely democratic voter"], [98, "likely democratic voter"], [99, "likely democratic voter"], [100, "likely democratic voter"], [101, "likely democratic voter"], [102, "likely democratic voter"], [104, "likely democratic voter"], [107, "likely democratic voter"], [109, "likely third-party/abstain voter"], [121, "likely democratic voter"], [125, "likely democratic voter"], [126, "likely third-party/abstain voter"], [127, "likely democratic voter"], [128, "likely democratic voter"], [130, "likely democratic voter"], [133, "likely democratic voter"], [134, "likely democratic voter"], [135, "likely democratic voter"]]}, "**Uncertainty about voting and a leaning towards non-voting as a form of protest is more likely to indicate a Democratic voter.**": {"hypothesis": "**Uncertainty about voting and a leaning towards non-voting as a form of protest is more likely to indicate a Democratic voter.**", "acc": 0.40384615384615385, "num_visits": 104, "reward": 0.5128367411978714, "correct_examples": [[35, "likely democratic voter"], [36, "likely democratic voter"], [38, "likely democratic voter"], [39, "likely democratic voter"], [41, "likely democratic voter"], [43, "likely democratic voter"], [48, "likely democratic voter"], [50, "likely democratic voter"], [60, "likely democratic voter"], [61, "likely democratic voter"], [62, "likely democratic voter"], [65, "likely democratic voter"], [66, "likely democratic voter"], [69, "likely third-party/abstain voter"], [72, "likely third-party/abstain voter"], [73, "likely democratic voter"], [75, "likely democratic voter"], [78, "likely third-party/abstain voter"], [84, "likely democratic voter"], [86, "likely democratic voter"], [87, "likely democratic voter"], [92, "likely democratic voter"], [93, "likely third-party/abstain voter"], [95, "likely democratic voter"], [96, "likely democratic voter"], [97, "likely democratic voter"], [98, "likely democratic voter"], [99, "likely democratic voter"], [100, "likely democratic voter"], [101, "likely democratic voter"], [104, "likely democratic voter"], [106, "likely third-party/abstain voter"], [112, "likely third-party/abstain voter"], [114, "likely democratic voter"], [117, "likely democratic voter"], [121, "likely democratic voter"], [125, "likely democratic voter"], [126, "likely third-party/abstain voter"], [127, "likely democratic voter"], [131, "likely democratic voter"], [133, "likely democratic voter"], [134, "likely democratic voter"]]}, "**Promotion of Non-Voting as Protest**: People who express a preference for non-voting as a form of protest or who are considering not voting due to frustration with the political system are more likely to be democratic voters.": {"hypothesis": "**Promotion of Non-Voting as Protest**: People who express a preference for non-voting as a form of protest or who are considering not voting due to frustration with the political system are more likely to be democratic voters.", "acc": 0.2727272727272727, "num_visits": 22, "reward": 0.5096977931082922, "correct_examples": [[121, "likely democratic voter"], [125, "likely democratic voter"], [127, "likely democratic voter"], [131, "likely democratic voter"], [133, "likely democratic voter"], [134, "likely democratic voter"]]}, "**Criticism of Libertarian Policies**: If a tweet includes criticism of libertarian policies or expresses frustration with libertarian advocacy, the person is likely a Democratic voter.": {"hypothesis": "**Criticism of Libertarian Policies**: If a tweet includes criticism of libertarian policies or expresses frustration with libertarian advocacy, the person is likely a Democratic voter.", "acc": 0.32432432432432434, "num_visits": 37, "reward": 0.5070521980284783, "correct_examples": [[96, "likely democratic voter"], [97, "likely democratic voter"], [102, "likely democratic voter"], [95, "likely democratic voter"], [104, "likely democratic voter"], [106, "likely third-party/abstain voter"], [108, "likely third-party/abstain voter"], [109, "likely third-party/abstain voter"], [126, "likely third-party/abstain voter"], [133, "likely democratic voter"], [134, "likely democratic voter"], [135, "likely democratic voter"]]}, "**Expression of frustration with the two-party system and a desire for third-party alternatives is more common among Republican voters.**": {"hypothesis": "**Expression of frustration with the two-party system and a desire for third-party alternatives is more common among Republican voters.**", "acc": 0.3942307692307692, "num_visits": 104, "reward": 0.5032213565824868, "correct_examples": [[32, "likely republican voter"], [37, "likely republican voter"], [39, "likely democratic voter"], [42, "likely republican voter"], [44, "likely republican voter"], [49, "likely republican voter"], [52, "likely republican voter"], [54, "likely republican voter"], [55, "likely third-party/abstain voter"], [59, "likely republican voter"], [61, "likely democratic voter"], [62, "likely democratic voter"], [64, "likely republican voter"], [67, "likely republican voter"], [68, "likely republican voter"], [71, "likely republican voter"], [72, "likely third-party/abstain voter"], [73, "likely democratic voter"], [74, "likely third-party/abstain voter"], [76, "likely republican voter"], [79, "likely republican voter"], [80, "likely third-party/abstain voter"], [81, "likely third-party/abstain voter"], [84, "likely democratic voter"], [86, "likely democratic voter"], [88, "likely republican voter"], [90, "likely third-party/abstain voter"], [94, "likely republican voter"], [96, "likely democratic voter"], [97, "likely democratic voter"], [100, "likely democratic voter"], [101, "likely democratic voter"], [108, "likely third-party/abstain voter"], [109, "likely third-party/abstain voter"], [113, "likely republican voter"], [120, "likely republican voter"], [122, "likely third-party/abstain voter"], [126, "likely third-party/abstain voter"], [134, "likely democratic voter"], [136, "likely republican voter"], [137, "likely republican voter"]]}, "**Frustration with Current Politics and Uncertainty About Voting**: If a tweet expresses significant frustration with the current state of politics and uncertainty about voting, the person is likely to be a Democratic voter, as this sentiment is often associated with a desire for change and a willingness to consider multiple options, including non-voting or third-party candidates.": {"hypothesis": "**Frustration with Current Politics and Uncertainty About Voting**: If a tweet expresses significant frustration with the current state of politics and uncertainty about voting, the person is likely to be a Democratic voter, as this sentiment is often associated with a desire for change and a willingness to consider multiple options, including non-voting or third-party candidates.", "acc": 0.39655172413793105, "num_visits": 116, "reward": 0.4997510043100199, "correct_examples": [[20, "likely democratic voter"], [22, "likely democratic voter"], [23, "likely democratic voter"], [24, "likely democratic voter"], [25, "likely democratic voter"], [31, "likely democratic voter"], [35, "likely democratic voter"], [36, "likely democratic voter"], [38, "likely democratic voter"], [39, "likely democratic voter"], [40, "likely democratic voter"], [41, "likely democratic voter"], [43, "likely democratic voter"], [48, "likely democratic voter"], [50, "likely democratic voter"], [60, "likely democratic voter"], [61, "likely democratic voter"], [62, "likely democratic voter"], [65, "likely democratic voter"], [66, "likely democratic voter"], [69, "likely third-party/abstain voter"], [72, "likely third-party/abstain voter"], [73, "likely democratic voter"], [75, "likely democratic voter"], [78, "likely third-party/abstain voter"], [84, "likely democratic voter"], [86, "likely democratic voter"], [87, "likely democratic voter"], [97, "likely democratic voter"], [98, "likely democratic voter"], [99, "likely democratic voter"], [100, "likely democratic voter"], [101, "likely democratic voter"], [104, "likely democratic voter"], [105, "likely third-party/abstain voter"], [106, "likely third-party/abstain voter"], [109, "likely third-party/abstain voter"], [112, "likely third-party/abstain voter"], [114, "likely democratic voter"], [121, "likely democratic voter"], [125, "likely democratic voter"], [126, "likely third-party/abstain voter"], [127, "likely democratic voter"], [131, "likely democratic voter"], [133, "likely democratic voter"], [134, "likely democratic voter"]]}, "**Positive or Negative Sentiment Towards Bipartisan Efforts**: People who express positive sentiment towards bipartisan efforts, such as the passage of the bipartisan infrastructure bill, are more likely to be democratic voters. Conversely, those who express frustration with the lack of celebration of such efforts are more likely to be republican voters.": {"hypothesis": "**Positive or Negative Sentiment Towards Bipartisan Efforts**: People who express positive sentiment towards bipartisan efforts, such as the passage of the bipartisan infrastructure bill, are more likely to be democratic voters. Conversely, those who express frustration with the lack of celebration of such efforts are more likely to be republican voters.", "acc": 0.32653061224489793, "num_visits": 49, "reward": 0.48484853840473396, "correct_examples": [[53, "likely third-party/abstain voter"], [55, "likely third-party/abstain voter"], [57, "likely democratic voter"], [61, "likely democratic voter"], [62, "likely democratic voter"], [69, "likely third-party/abstain voter"], [72, "likely third-party/abstain voter"], [73, "likely democratic voter"], [74, "likely third-party/abstain voter"], [78, "likely third-party/abstain voter"], [80, "likely third-party/abstain voter"], [81, "likely third-party/abstain voter"], [86, "likely democratic voter"], [90, "likely third-party/abstain voter"], [93, "likely third-party/abstain voter"], [126, "likely third-party/abstain voter"]]}, "**Criticism of Mainstream Political Parties**: People who strongly criticize mainstream political parties and express support for candidates who challenge the status quo are more likely to be democratic voters. For example, criticizing the promotion of universal healthcare from the other side while supporting candidates who criticize mainstream parties suggests a democratic voter.": {"hypothesis": "**Criticism of Mainstream Political Parties**: People who strongly criticize mainstream political parties and express support for candidates who challenge the status quo are more likely to be democratic voters. For example, criticizing the promotion of universal healthcare from the other side while supporting candidates who criticize mainstream parties suggests a democratic voter.", "acc": 0.32653061224489793, "num_visits": 49, "reward": 0.48374142687618726, "correct_examples": [[55, "likely third-party/abstain voter"], [57, "likely democratic voter"], [61, "likely democratic voter"], [62, "likely democratic voter"], [65, "likely democratic voter"], [70, "likely democratic voter"], [73, "likely democratic voter"], [78, "likely third-party/abstain voter"], [80, "likely third-party/abstain voter"], [100, "likely democratic voter"], [101, "likely democratic voter"], [102, "likely democratic voter"], [104, "likely democratic voter"], [106, "likely third-party/abstain voter"], [107, "likely democratic voter"], [109, "likely third-party/abstain voter"]]}, "**Criticism of Specific Policies and Stances**: People who criticize specific policies or stances of one major party while supporting the other are more likely to be aligned with the party they support. For example, criticizing the lack of praise for Biden's climate change policy while supporting conservative values suggests a third-party or abstain voter.": {"hypothesis": "**Criticism of Specific Policies and Stances**: People who criticize specific policies or stances of one major party while supporting the other are more likely to be aligned with the party they support. For example, criticizing the lack of praise for Biden's climate change policy while supporting conservative values suggests a third-party or abstain voter.", "acc": 0.3389830508474576, "num_visits": 59, "reward": 0.48336925796003627, "correct_examples": [[53, "likely third-party/abstain voter"], [55, "likely third-party/abstain voter"], [56, "likely third-party/abstain voter"], [58, "likely third-party/abstain voter"], [62, "likely democratic voter"], [63, "likely third-party/abstain voter"], [69, "likely third-party/abstain voter"], [72, "likely third-party/abstain voter"], [73, "likely democratic voter"], [74, "likely third-party/abstain voter"], [78, "likely third-party/abstain voter"], [80, "likely third-party/abstain voter"], [81, "likely third-party/abstain voter"], [86, "likely democratic voter"], [89, "likely third-party/abstain voter"], [90, "likely third-party/abstain voter"], [93, "likely third-party/abstain voter"], [101, "likely democratic voter"], [122, "likely third-party/abstain voter"], [126, "likely third-party/abstain voter"]]}, "**Frustration with specific political events, such as the lack of criticism of Supreme Court decisions favoring conservatives or the government shutdown orchestrated by Republicans, is a strong indicator of a Republican voter.**": {"hypothesis": "**Frustration with specific political events, such as the lack of criticism of Supreme Court decisions favoring conservatives or the government shutdown orchestrated by Republicans, is a strong indicator of a Republican voter.**", "acc": 0.16666666666666666, "num_visits": 12, "reward": 0.48302685974613135, "correct_examples": [[105, "likely third-party/abstain voter"], [108, "likely third-party/abstain voter"]]}, "**Celebration of bipartisan achievements, such as the passage of the bipartisan infrastructure bill, while criticizing mainstream parties, is a strong indicator of a Democratic voter.**": {"hypothesis": "**Celebration of bipartisan achievements, such as the passage of the bipartisan infrastructure bill, while criticizing mainstream parties, is a strong indicator of a Democratic voter.**", "acc": 0.2, "num_visits": 15, "reward": 0.48296115884025664, "correct_examples": [[105, "likely third-party/abstain voter"], [107, "likely democratic voter"], [108, "likely third-party/abstain voter"]]}, "**Endorsement of Conservative Values with Specific Policy Support**: If a tweet endorses conservative values but also expresses strong support for specific policies that are typically associated with the Democratic Party (e.g., universal healthcare), the person is likely a third-party or abstain voter.": {"hypothesis": "**Endorsement of Conservative Values with Specific Policy Support**: If a tweet endorses conservative values but also expresses strong support for specific policies that are typically associated with the Democratic Party (e.g., universal healthcare), the person is likely a third-party or abstain voter.", "acc": 0.30952380952380953, "num_visits": 42, "reward": 0.48065417137984295, "correct_examples": [[89, "likely third-party/abstain voter"], [91, "likely third-party/abstain voter"], [103, "likely third-party/abstain voter"], [105, "likely third-party/abstain voter"], [106, "likely third-party/abstain voter"], [108, "likely third-party/abstain voter"], [109, "likely third-party/abstain voter"], [112, "likely third-party/abstain voter"], [118, "likely third-party/abstain voter"], [122, "likely third-party/abstain voter"], [124, "likely third-party/abstain voter"], [126, "likely third-party/abstain voter"], [132, "likely third-party/abstain voter"]]}, "**Criticism of Mainstream Political Parties and Specific Policy Frustrations**: People who criticize mainstream political parties and express specific frustrations with policies or actions (e.g., lack of third-party debate presence) are more likely to be Democratic voters.": {"hypothesis": "**Criticism of Mainstream Political Parties and Specific Policy Frustrations**: People who criticize mainstream political parties and express specific frustrations with policies or actions (e.g., lack of third-party debate presence) are more likely to be Democratic voters.", "acc": 0.2972972972972973, "num_visits": 37, "reward": 0.47975894978745914, "correct_examples": [[70, "likely democratic voter"], [74, "likely third-party/abstain voter"], [100, "likely democratic voter"], [101, "likely democratic voter"], [102, "likely democratic voter"], [104, "likely democratic voter"], [106, "likely third-party/abstain voter"], [107, "likely democratic voter"], [111, "likely democratic voter"], [112, "likely third-party/abstain voter"], [115, "likely democratic voter"]]}, "**Mention of Support for Democratic Policies or Candidates**: If a tweet expresses support for Democratic policies or candidates, especially in the context of specific issues like healthcare, climate change, or social justice, the person is likely a Democratic voter.": {"hypothesis": "**Mention of Support for Democratic Policies or Candidates**: If a tweet expresses support for Democratic policies or candidates, especially in the context of specific issues like healthcare, climate change, or social justice, the person is likely a Democratic voter.", "acc": 0.28125, "num_visits": 32, "reward": 0.4774493104353088, "correct_examples": [[96, "likely democratic voter"], [97, "likely democratic voter"], [105, "likely third-party/abstain voter"], [106, "likely third-party/abstain voter"], [108, "likely third-party/abstain voter"], [109, "likely third-party/abstain voter"], [112, "likely third-party/abstain voter"], [118, "likely third-party/abstain voter"], [122, "likely third-party/abstain voter"]]}, "**Criticism of specific Republican actions (e.g., government shutdown) in the context of supporting a Democratic candidate is more common among third-party/abstain voters.**": {"hypothesis": "**Criticism of specific Republican actions (e.g., government shutdown) in the context of supporting a Democratic candidate is more common among third-party/abstain voters.**", "acc": 0.2592592592592593, "num_visits": 27, "reward": 0.473165660186145, "correct_examples": [[82, "likely third-party/abstain voter"], [83, "likely third-party/abstain voter"], [85, "likely third-party/abstain voter"], [90, "likely third-party/abstain voter"], [91, "likely third-party/abstain voter"], [93, "likely third-party/abstain voter"], [101, "likely democratic voter"]]}, "**Support for Specific Policies**: People who strongly support policies such as universal healthcare, opposing tax cuts for corporations, and criticizing mainstream political parties are more likely to be third-party or abstain voters.": {"hypothesis": "**Support for Specific Policies**: People who strongly support policies such as universal healthcare, opposing tax cuts for corporations, and criticizing mainstream political parties are more likely to be third-party or abstain voters.", "acc": 0.1875, "num_visits": 16, "reward": 0.4653725658521733, "correct_examples": [[118, "likely third-party/abstain voter"], [122, "likely third-party/abstain voter"], [124, "likely third-party/abstain voter"]]}, "**Expression of Frustration with Major Parties**: People who express frustration with the two major parties (Democrats and Republicans) and a desire to break away from the two-party system are more likely to be third-party or abstain voters.": {"hypothesis": "**Expression of Frustration with Major Parties**: People who express frustration with the two major parties (Democrats and Republicans) and a desire to break away from the two-party system are more likely to be third-party or abstain voters.", "acc": 0.1875, "num_visits": 16, "reward": 0.4651709477153976, "correct_examples": [[118, "likely third-party/abstain voter"], [122, "likely third-party/abstain voter"], [124, "likely third-party/abstain voter"]]}}