{"**Support for Conservative Values and Criticism of Libertarian Policies**: People who express strong support for conservative values but also criticize libertarian policies are more likely to be third-party or abstain voters, particularly if they mention specific issues like climate change initiatives and the defense of Second Amendment rights.": {"hypothesis": "**Support for Conservative Values and Criticism of Libertarian Policies**: People who express strong support for conservative values but also criticize libertarian policies are more likely to be third-party or abstain voters, particularly if they mention specific issues like climate change initiatives and the defense of Second Amendment rights.", "acc": 0.5, "num_visits": 10, "reward": 0.8639477080072093, "correct_examples": [[194, "likely third-party/abstain voter"], [195, "likely third-party/abstain voter"], [184, "likely third-party/abstain voter"], [185, "likely third-party/abstain voter"], [190, "likely third-party/abstain voter"]]}, "**Criticism of Mainstream Political Parties and Progressive Stances**: People who criticize mainstream political parties and express strong support for progressive stances, such as opposing tax cuts for corporations, supporting immigration reform, and advocating for universal healthcare, are more likely to be third-party or abstain voters, especially if they also express frustration with conservative policies or actions.": {"hypothesis": "**Criticism of Mainstream Political Parties and Progressive Stances**: People who criticize mainstream political parties and express strong support for progressive stances, such as opposing tax cuts for corporations, supporting immigration reform, and advocating for universal healthcare, are more likely to be third-party or abstain voters, especially if they also express frustration with conservative policies or actions.", "acc": 0.4, "num_visits": 10, "reward": 0.7639477080072093, "correct_examples": [[195, "likely third-party/abstain voter"], [184, "likely third-party/abstain voter"], [185, "likely third-party/abstain voter"], [190, "likely third-party/abstain voter"]]}, "**Frustration with the Two-Party System and Support for Third-Party Candidates**: People who express frustration with the two-party system and a desire to support third-party candidates are more likely to be Republican voters if they also express specific frustrations with Democratic policies or actions, such as the lack of celebration of bipartisan achievements.": {"hypothesis": "**Frustration with the Two-Party System and Support for Third-Party Candidates**: People who express frustration with the two-party system and a desire to support third-party candidates are more likely to be Republican voters if they also express specific frustrations with Democratic policies or actions, such as the lack of celebration of bipartisan achievements.", "acc": 0.3, "num_visits": 10, "reward": 0.6639477080072094, "correct_examples": [[192, "likely republican voter"], [199, "likely republican voter"], [184, "likely third-party/abstain voter"]]}, "**Leaning Towards Third-Party Alternatives**: People who explicitly mention leaning towards or considering third-party alternatives, even if they are unsure about their final decision, are more likely to be democratic voters.": {"hypothesis": "**Leaning Towards Third-Party Alternatives**: People who explicitly mention leaning towards or considering third-party alternatives, even if they are unsure about their final decision, are more likely to be democratic voters.", "acc": 0.5121951219512193, "num_visits": 82, "reward": 0.639291174625287, "correct_examples": [[117, "likely democratic voter"], [121, "likely democratic voter"], [122, "likely third-party/abstain voter"], [125, "likely democratic voter"], [127, "likely democratic voter"], [128, "likely democratic voter"], [129, "likely democratic voter"], [130, "likely democratic voter"], [133, "likely democratic voter"], [134, "likely democratic voter"], [135, "likely democratic voter"], [139, "likely democratic voter"], [142, "likely democratic voter"], [145, "likely democratic voter"], [146, "likely democratic voter"], [148, "likely democratic voter"], [149, "likely democratic voter"], [151, "likely democratic voter"], [153, "likely democratic voter"], [154, "likely democratic voter"], [155, "likely democratic voter"], [157, "likely democratic voter"], [158, "likely democratic voter"], [160, "likely democratic voter"], [161, "likely democratic voter"], [163, "likely democratic voter"], [166, "likely democratic voter"], [169, "likely democratic voter"], [170, "likely democratic voter"], [173, "likely democratic voter"], [175, "likely democratic voter"], [176, "likely democratic voter"], [177, "likely democratic voter"], [178, "likely democratic voter"], [179, "likely democratic voter"], [181, "likely democratic voter"], [186, "likely democratic voter"], [189, "likely democratic voter"], [191, "likely democratic voter"], [193, "likely democratic voter"], [196, "likely democratic voter"], [198, "likely democratic voter"]]}, "**Criticism of Mainstream Political Parties and Alignment with Values:** People who criticize mainstream political parties and express a strong alignment with their values, especially when they are unsure about voting, are more likely to be Democratic voters.": {"hypothesis": "**Criticism of Mainstream Political Parties and Alignment with Values:** People who criticize mainstream political parties and express a strong alignment with their values, especially when they are unsure about voting, are more likely to be Democratic voters.", "acc": 0.43165467625899273, "num_visits": 139, "reward": 0.5292730545571452, "correct_examples": [[43, "likely democratic voter"], [47, "likely democratic voter"], [48, "likely democratic voter"], [50, "likely democratic voter"], [57, "likely democratic voter"], [60, "likely democratic voter"], [61, "likely democratic voter"], [62, "likely democratic voter"], [65, "likely democratic voter"], [70, "likely democratic voter"], [72, "likely third-party/abstain voter"], [73, "likely democratic voter"], [75, "likely democratic voter"], [97, "likely democratic voter"], [98, "likely democratic voter"], [99, "likely democratic voter"], [100, "likely democratic voter"], [101, "likely democratic voter"], [102, "likely democratic voter"], [104, "likely democratic voter"], [107, "likely democratic voter"], [109, "likely third-party/abstain voter"], [121, "likely democratic voter"], [125, "likely democratic voter"], [126, "likely third-party/abstain voter"], [127, "likely democratic voter"], [128, "likely democratic voter"], [130, "likely democratic voter"], [133, "likely democratic voter"], [134, "likely democratic voter"], [135, "likely democratic voter"], [141, "likely democratic voter"], [142, "likely democratic voter"], [145, "likely democratic voter"], [146, "likely democratic voter"], [148, "likely democratic voter"], [149, "likely democratic voter"], [151, "likely democratic voter"], [153, "likely democratic voter"], [154, "likely democratic voter"], [155, "likely democratic voter"], [157, "likely democratic voter"], [160, "likely democratic voter"], [161, "likely democratic voter"], [162, "likely democratic voter"], [163, "likely democratic voter"], [169, "likely democratic voter"], [170, "likely democratic voter"], [173, "likely democratic voter"], [175, "likely democratic voter"], [176, "likely democratic voter"], [178, "likely democratic voter"], [179, "likely democratic voter"], [181, "likely democratic voter"], [188, "likely democratic voter"], [189, "likely democratic voter"], [191, "likely democratic voter"], [193, "likely democratic voter"], [196, "likely democratic voter"], [198, "likely democratic voter"]]}, "**Support for third-party alternatives combined with criticism of libertarian or Republican policies indicates a Democratic voter.**": {"hypothesis": "**Support for third-party alternatives combined with criticism of libertarian or Republican policies indicates a Democratic voter.**", "acc": 0.38571428571428573, "num_visits": 70, "reward": 0.5232735893741467, "correct_examples": [[128, "likely democratic voter"], [129, "likely democratic voter"], [130, "likely democratic voter"], [135, "likely democratic voter"], [139, "likely democratic voter"], [142, "likely democratic voter"], [146, "likely democratic voter"], [148, "likely democratic voter"], [149, "likely democratic voter"], [153, "likely democratic voter"], [154, "likely democratic voter"], [155, "likely democratic voter"], [158, "likely democratic voter"], [160, "likely democratic voter"], [161, "likely democratic voter"], [162, "likely democratic voter"], [166, "likely democratic voter"], [169, "likely democratic voter"], [171, "likely democratic voter"], [173, "likely democratic voter"], [176, "likely democratic voter"], [179, "likely democratic voter"], [181, "likely democratic voter"], [189, "likely democratic voter"], [191, "likely democratic voter"], [193, "likely democratic voter"], [198, "likely democratic voter"]]}, "**Uncertainty about voting and a leaning towards non-voting as a form of protest is more likely to indicate a Democratic voter.**": {"hypothesis": "**Uncertainty about voting and a leaning towards non-voting as a form of protest is more likely to indicate a Democratic voter.**", "acc": 0.4329268292682927, "num_visits": 164, "reward": 0.5227973099761686, "correct_examples": [[35, "likely democratic voter"], [36, "likely democratic voter"], [38, "likely democratic voter"], [39, "likely democratic voter"], [41, "likely democratic voter"], [43, "likely democratic voter"], [48, "likely democratic voter"], [50, "likely democratic voter"], [60, "likely democratic voter"], [61, "likely democratic voter"], [62, "likely democratic voter"], [65, "likely democratic voter"], [66, "likely democratic voter"], [69, "likely third-party/abstain voter"], [72, "likely third-party/abstain voter"], [73, "likely democratic voter"], [75, "likely democratic voter"], [78, "likely third-party/abstain voter"], [84, "likely democratic voter"], [86, "likely democratic voter"], [87, "likely democratic voter"], [92, "likely democratic voter"], [93, "likely third-party/abstain voter"], [95, "likely democratic voter"], [96, "likely democratic voter"], [97, "likely democratic voter"], [98, "likely democratic voter"], [99, "likely democratic voter"], [100, "likely democratic voter"], [101, "likely democratic voter"], [104, "likely democratic voter"], [106, "likely third-party/abstain voter"], [112, "likely third-party/abstain voter"], [114, "likely democratic voter"], [117, "likely democratic voter"], [121, "likely democratic voter"], [125, "likely democratic voter"], [126, "likely third-party/abstain voter"], [127, "likely democratic voter"], [131, "likely democratic voter"], [133, "likely democratic voter"], [134, "likely democratic voter"], [141, "likely democratic voter"], [142, "likely democratic voter"], [144, "likely third-party/abstain voter"], [145, "likely democratic voter"], [146, "likely democratic voter"], [148, "likely democratic voter"], [149, "likely democratic voter"], [151, "likely democratic voter"], [154, "likely democratic voter"], [155, "likely democratic voter"], [157, "likely democratic voter"], [160, "likely democratic voter"], [161, "likely democratic voter"], [162, "likely democratic voter"], [163, "likely democratic voter"], [167, "likely democratic voter"], [169, "likely democratic voter"], [173, "likely democratic voter"], [175, "likely democratic voter"], [176, "likely democratic voter"], [177, "likely democratic voter"], [178, "likely democratic voter"], [179, "likely democratic voter"], [181, "likely democratic voter"], [188, "likely democratic voter"], [191, "likely democratic voter"], [193, "likely democratic voter"], [196, "likely democratic voter"], [198, "likely democratic voter"]]}, "**Frustration with Current Politics and Uncertainty About Voting**: If a tweet expresses significant frustration with the current state of politics and uncertainty about voting, the person is likely to be a Democratic voter, as this sentiment is often associated with a desire for change and a willingness to consider multiple options, including non-voting or third-party candidates.": {"hypothesis": "**Frustration with Current Politics and Uncertainty About Voting**: If a tweet expresses significant frustration with the current state of politics and uncertainty about voting, the person is likely to be a Democratic voter, as this sentiment is often associated with a desire for change and a willingness to consider multiple options, including non-voting or third-party candidates.", "acc": 0.4176470588235294, "num_visits": 170, "reward": 0.5059173436655987, "correct_examples": [[20, "likely democratic voter"], [22, "likely democratic voter"], [23, "likely democratic voter"], [24, "likely democratic voter"], [25, "likely democratic voter"], [31, "likely democratic voter"], [35, "likely democratic voter"], [36, "likely democratic voter"], [38, "likely democratic voter"], [39, "likely democratic voter"], [40, "likely democratic voter"], [41, "likely democratic voter"], [43, "likely democratic voter"], [48, "likely democratic voter"], [50, "likely democratic voter"], [60, "likely democratic voter"], [61, "likely democratic voter"], [62, "likely democratic voter"], [65, "likely democratic voter"], [66, "likely democratic voter"], [69, "likely third-party/abstain voter"], [72, "likely third-party/abstain voter"], [73, "likely democratic voter"], [75, "likely democratic voter"], [78, "likely third-party/abstain voter"], [84, "likely democratic voter"], [86, "likely democratic voter"], [87, "likely democratic voter"], [97, "likely democratic voter"], [98, "likely democratic voter"], [99, "likely democratic voter"], [100, "likely democratic voter"], [101, "likely democratic voter"], [104, "likely democratic voter"], [105, "likely third-party/abstain voter"], [106, "likely third-party/abstain voter"], [109, "likely third-party/abstain voter"], [112, "likely third-party/abstain voter"], [114, "likely democratic voter"], [121, "likely democratic voter"], [125, "likely democratic voter"], [126, "likely third-party/abstain voter"], [127, "likely democratic voter"], [131, "likely democratic voter"], [133, "likely democratic voter"], [134, "likely democratic voter"], [141, "likely democratic voter"], [142, "likely democratic voter"], [145, "likely democratic voter"], [146, "likely democratic voter"], [148, "likely democratic voter"], [149, "likely democratic voter"], [151, "likely democratic voter"], [154, "likely democratic voter"], [155, "likely democratic voter"], [157, "likely democratic voter"], [167, "likely democratic voter"], [169, "likely democratic voter"], [173, "likely democratic voter"], [175, "likely democratic voter"], [176, "likely democratic voter"], [177, "likely democratic voter"], [178, "likely democratic voter"], [179, "likely democratic voter"], [181, "likely democratic voter"], [183, "likely third-party/abstain voter"], [188, "likely democratic voter"], [191, "likely democratic voter"], [193, "likely democratic voter"], [196, "likely democratic voter"], [198, "likely democratic voter"]]}, "**Promotion of Non-Voting as Protest**: People who express a preference for non-voting as a form of protest or who are considering not voting due to frustration with the political system are more likely to be democratic voters.": {"hypothesis": "**Promotion of Non-Voting as Protest**: People who express a preference for non-voting as a form of protest or who are considering not voting due to frustration with the political system are more likely to be democratic voters.", "acc": 0.37804878048780494, "num_visits": 82, "reward": 0.5051448331618726, "correct_examples": [[121, "likely democratic voter"], [125, "likely democratic voter"], [127, "likely democratic voter"], [131, "likely democratic voter"], [133, "likely democratic voter"], [134, "likely democratic voter"], [141, "likely democratic voter"], [142, "likely democratic voter"], [144, "likely third-party/abstain voter"], [148, "likely democratic voter"], [149, "likely democratic voter"], [151, "likely democratic voter"], [154, "likely democratic voter"], [155, "likely democratic voter"], [157, "likely democratic voter"], [160, "likely democratic voter"], [161, "likely democratic voter"], [162, "likely democratic voter"], [163, "likely democratic voter"], [167, "likely democratic voter"], [173, "likely democratic voter"], [175, "likely democratic voter"], [176, "likely democratic voter"], [177, "likely democratic voter"], [178, "likely democratic voter"], [179, "likely democratic voter"], [181, "likely democratic voter"], [188, "likely democratic voter"], [193, "likely democratic voter"], [196, "likely democratic voter"], [198, "likely democratic voter"]]}, "**Expression of uncertainty about voting and consideration of non-voting as a form of protest is more likely to indicate a Democratic voter.**": {"hypothesis": "**Expression of uncertainty about voting and consideration of non-voting as a form of protest is more likely to indicate a Democratic voter.**", "acc": 0.41621621621621624, "num_visits": 185, "reward": 0.5008323395803425, "correct_examples": [[2, "likely democratic voter"], [3, "likely democratic voter"], [4, "likely democratic voter"], [7, "likely democratic voter"], [12, "likely democratic voter"], [16, "likely democratic voter"], [19, "likely democratic voter"], [20, "likely democratic voter"], [22, "likely democratic voter"], [23, "likely democratic voter"], [24, "likely democratic voter"], [25, "likely democratic voter"], [31, "likely democratic voter"], [35, "likely democratic voter"], [36, "likely democratic voter"], [38, "likely democratic voter"], [39, "likely democratic voter"], [40, "likely democratic voter"], [41, "likely democratic voter"], [43, "likely democratic voter"], [48, "likely democratic voter"], [50, "likely democratic voter"], [60, "likely democratic voter"], [61, "likely democratic voter"], [62, "likely democratic voter"], [65, "likely democratic voter"], [66, "likely democratic voter"], [69, "likely third-party/abstain voter"], [72, "likely third-party/abstain voter"], [73, "likely democratic voter"], [84, "likely democratic voter"], [86, "likely democratic voter"], [87, "likely democratic voter"], [92, "likely democratic voter"], [93, "likely third-party/abstain voter"], [95, "likely democratic voter"], [96, "likely democratic voter"], [97, "likely democratic voter"], [98, "likely democratic voter"], [99, "likely democratic voter"], [100, "likely democratic voter"], [101, "likely democratic voter"], [104, "likely democratic voter"], [106, "likely third-party/abstain voter"], [108, "likely third-party/abstain voter"], [112, "likely third-party/abstain voter"], [114, "likely democratic voter"], [117, "likely democratic voter"], [121, "likely democratic voter"], [125, "likely democratic voter"], [126, "likely third-party/abstain voter"], [127, "likely democratic voter"], [131, "likely democratic voter"], [133, "likely democratic voter"], [134, "likely democratic voter"], [141, "likely democratic voter"], [142, "likely democratic voter"], [145, "likely democratic voter"], [146, "likely democratic voter"], [148, "likely democratic voter"], [149, "likely democratic voter"], [151, "likely democratic voter"], [155, "likely democratic voter"], [157, "likely democratic voter"], [167, "likely democratic voter"], [169, "likely democratic voter"], [175, "likely democratic voter"], [176, "likely democratic voter"], [177, "likely democratic voter"], [178, "likely democratic voter"], [179, "likely democratic voter"], [181, "likely democratic voter"], [188, "likely democratic voter"], [191, "likely democratic voter"], [193, "likely democratic voter"], [196, "likely democratic voter"], [198, "likely democratic voter"]]}, "**Frustration with Government Shutdowns and Support for Third-Party Alternatives**: People who express frustration with government shutdowns orchestrated by Republicans and support third-party alternatives are more likely to be Republican voters if they also express a desire to break away from the two-party system and support candidates who represent the people.": {"hypothesis": "**Frustration with Government Shutdowns and Support for Third-Party Alternatives**: People who express frustration with government shutdowns orchestrated by Republicans and support third-party alternatives are more likely to be Republican voters if they also express a desire to break away from the two-party system and support candidates who represent the people.", "acc": 0.1, "num_visits": 10, "reward": 0.4639477080072093, "correct_examples": [[184, "likely third-party/abstain voter"]]}, "**Advocacy for Third-Party Alternatives and Frustration with Debate Presence**: People who strongly advocate for third-party alternatives and express frustration with the lack of third-party debate presence are more likely to be Democratic voters if they also express support for social justice initiatives and a desire to break away from the two-party system.": {"hypothesis": "**Advocacy for Third-Party Alternatives and Frustration with Debate Presence**: People who strongly advocate for third-party alternatives and express frustration with the lack of third-party debate presence are more likely to be Democratic voters if they also express support for social justice initiatives and a desire to break away from the two-party system.", "acc": 0.1, "num_visits": 10, "reward": 0.4639477080072093, "correct_examples": [[184, "likely third-party/abstain voter"]]}, "**Expression of frustration with the two-party system and a desire for third-party alternatives is more common among Republican voters.**": {"hypothesis": "**Expression of frustration with the two-party system and a desire for third-party alternatives is more common among Republican voters.**", "acc": 0.35772357723577236, "num_visits": 123, "reward": 0.46149706969355875, "correct_examples": [[32, "likely republican voter"], [37, "likely republican voter"], [39, "likely democratic voter"], [42, "likely republican voter"], [44, "likely republican voter"], [49, "likely republican voter"], [52, "likely republican voter"], [54, "likely republican voter"], [55, "likely third-party/abstain voter"], [59, "likely republican voter"], [61, "likely democratic voter"], [62, "likely democratic voter"], [64, "likely republican voter"], [67, "likely republican voter"], [68, "likely republican voter"], [71, "likely republican voter"], [72, "likely third-party/abstain voter"], [73, "likely democratic voter"], [74, "likely third-party/abstain voter"], [76, "likely republican voter"], [79, "likely republican voter"], [80, "likely third-party/abstain voter"], [81, "likely third-party/abstain voter"], [84, "likely democratic voter"], [86, "likely democratic voter"], [88, "likely republican voter"], [90, "likely third-party/abstain voter"], [94, "likely republican voter"], [96, "likely democratic voter"], [97, "likely democratic voter"], [100, "likely democratic voter"], [101, "likely democratic voter"], [108, "likely third-party/abstain voter"], [109, "likely third-party/abstain voter"], [113, "likely republican voter"], [120, "likely republican voter"], [122, "likely third-party/abstain voter"], [126, "likely third-party/abstain voter"], [134, "likely democratic voter"], [136, "likely republican voter"], [137, "likely republican voter"], [144, "likely third-party/abstain voter"], [197, "likely republican voter"], [199, "likely republican voter"]]}, "**Criticism of Mainstream Political Parties**: People who strongly criticize mainstream political parties and express support for candidates who challenge the status quo are more likely to be democratic voters. For example, criticizing the promotion of universal healthcare from the other side while supporting candidates who criticize mainstream parties suggests a democratic voter.": {"hypothesis": "**Criticism of Mainstream Political Parties**: People who strongly criticize mainstream political parties and express support for candidates who challenge the status quo are more likely to be democratic voters. For example, criticizing the promotion of universal healthcare from the other side while supporting candidates who criticize mainstream parties suggests a democratic voter.", "acc": 0.30357142857142855, "num_visits": 56, "reward": 0.4540939383859586, "correct_examples": [[55, "likely third-party/abstain voter"], [57, "likely democratic voter"], [61, "likely democratic voter"], [62, "likely democratic voter"], [65, "likely democratic voter"], [70, "likely democratic voter"], [73, "likely democratic voter"], [78, "likely third-party/abstain voter"], [80, "likely third-party/abstain voter"], [100, "likely democratic voter"], [101, "likely democratic voter"], [102, "likely democratic voter"], [104, "likely democratic voter"], [106, "likely third-party/abstain voter"], [107, "likely democratic voter"], [109, "likely third-party/abstain voter"], [147, "likely third-party/abstain voter"]]}, "**Endorsement of Conservative Values with Specific Policy Support**: If a tweet endorses conservative values but also expresses strong support for specific policies that are typically associated with the Democratic Party (e.g., universal healthcare), the person is likely a third-party or abstain voter.": {"hypothesis": "**Endorsement of Conservative Values with Specific Policy Support**: If a tweet endorses conservative values but also expresses strong support for specific policies that are typically associated with the Democratic Party (e.g., universal healthcare), the person is likely a third-party or abstain voter.", "acc": 0.2826086956521739, "num_visits": 46, "reward": 0.4520579911453722, "correct_examples": [[89, "likely third-party/abstain voter"], [91, "likely third-party/abstain voter"], [103, "likely third-party/abstain voter"], [105, "likely third-party/abstain voter"], [106, "likely third-party/abstain voter"], [108, "likely third-party/abstain voter"], [109, "likely third-party/abstain voter"], [112, "likely third-party/abstain voter"], [118, "likely third-party/abstain voter"], [122, "likely third-party/abstain voter"], [124, "likely third-party/abstain voter"], [126, "likely third-party/abstain voter"], [132, "likely third-party/abstain voter"]]}, "**Advocacy for Third-Party Alternatives and Criticism of Social Justice Initiatives**: People who advocate for third-party alternatives and criticize social justice initiatives are more likely to be Democratic voters, particularly if they also condemn actions like the government shutdown orchestrated by Republicans.": {"hypothesis": "**Advocacy for Third-Party Alternatives and Criticism of Social Justice Initiatives**: People who advocate for third-party alternatives and criticize social justice initiatives are more likely to be Democratic voters, particularly if they also condemn actions like the government shutdown orchestrated by Republicans.", "acc": 0.2826086956521739, "num_visits": 46, "reward": 0.45197636008871145, "correct_examples": [[144, "likely third-party/abstain voter"], [147, "likely third-party/abstain voter"], [153, "likely democratic voter"], [158, "likely democratic voter"], [160, "likely democratic voter"], [161, "likely democratic voter"], [166, "likely democratic voter"], [170, "likely democratic voter"], [173, "likely democratic voter"], [176, "likely democratic voter"], [179, "likely democratic voter"], [181, "likely democratic voter"], [183, "likely third-party/abstain voter"]]}, "**Positive or Negative Sentiment Towards Bipartisan Efforts**: People who express positive sentiment towards bipartisan efforts, such as the passage of the bipartisan infrastructure bill, are more likely to be democratic voters. Conversely, those who express frustration with the lack of celebration of such efforts are more likely to be republican voters.": {"hypothesis": "**Positive or Negative Sentiment Towards Bipartisan Efforts**: People who express positive sentiment towards bipartisan efforts, such as the passage of the bipartisan infrastructure bill, are more likely to be democratic voters. Conversely, those who express frustration with the lack of celebration of such efforts are more likely to be republican voters.", "acc": 0.2982456140350877, "num_visits": 57, "reward": 0.45068653394771213, "correct_examples": [[53, "likely third-party/abstain voter"], [55, "likely third-party/abstain voter"], [57, "likely democratic voter"], [61, "likely democratic voter"], [62, "likely democratic voter"], [69, "likely third-party/abstain voter"], [72, "likely third-party/abstain voter"], [73, "likely democratic voter"], [74, "likely third-party/abstain voter"], [78, "likely third-party/abstain voter"], [80, "likely third-party/abstain voter"], [81, "likely third-party/abstain voter"], [86, "likely democratic voter"], [90, "likely third-party/abstain voter"], [93, "likely third-party/abstain voter"], [126, "likely third-party/abstain voter"], [147, "likely third-party/abstain voter"]]}, "**Criticism of Specific Policies and Stances**: People who criticize specific policies or stances of one major party while supporting the other are more likely to be aligned with the party they support. For example, criticizing the lack of praise for Biden's climate change policy while supporting conservative values suggests a third-party or abstain voter.": {"hypothesis": "**Criticism of Specific Policies and Stances**: People who criticize specific policies or stances of one major party while supporting the other are more likely to be aligned with the party they support. For example, criticizing the lack of praise for Biden's climate change policy while supporting conservative values suggests a third-party or abstain voter.", "acc": 0.3076923076923077, "num_visits": 65, "reward": 0.45030888660091273, "correct_examples": [[53, "likely third-party/abstain voter"], [55, "likely third-party/abstain voter"], [56, "likely third-party/abstain voter"], [58, "likely third-party/abstain voter"], [62, "likely democratic voter"], [63, "likely third-party/abstain voter"], [69, "likely third-party/abstain voter"], [72, "likely third-party/abstain voter"], [73, "likely democratic voter"], [74, "likely third-party/abstain voter"], [78, "likely third-party/abstain voter"], [80, "likely third-party/abstain voter"], [81, "likely third-party/abstain voter"], [86, "likely democratic voter"], [89, "likely third-party/abstain voter"], [90, "likely third-party/abstain voter"], [93, "likely third-party/abstain voter"], [101, "likely democratic voter"], [122, "likely third-party/abstain voter"], [126, "likely third-party/abstain voter"]]}, "**Support for Conservative Values and Criticism of Social Justice Initiatives**: People who strongly support conservative values and express frustration with social justice initiatives are more likely to be Democratic voters.": {"hypothesis": "**Support for Conservative Values and Criticism of Social Justice Initiatives**: People who strongly support conservative values and express frustration with social justice initiatives are more likely to be Democratic voters.", "acc": 0.14285714285714285, "num_visits": 14, "reward": 0.4497133085161109, "correct_examples": [[165, "likely third-party/abstain voter"], [183, "likely third-party/abstain voter"]]}, "**Criticism of Libertarian Policies**: If a tweet includes criticism of libertarian policies or expresses frustration with libertarian advocacy, the person is likely a Democratic voter.": {"hypothesis": "**Criticism of Libertarian Policies**: If a tweet includes criticism of libertarian policies or expresses frustration with libertarian advocacy, the person is likely a Democratic voter.", "acc": 0.28846153846153844, "num_visits": 52, "reward": 0.44791172104059024, "correct_examples": [[96, "likely democratic voter"], [97, "likely democratic voter"], [102, "likely democratic voter"], [95, "likely democratic voter"], [104, "likely democratic voter"], [106, "likely third-party/abstain voter"], [108, "likely third-party/abstain voter"], [109, "likely third-party/abstain voter"], [126, "likely third-party/abstain voter"], [133, "likely democratic voter"], [134, "likely democratic voter"], [135, "likely democratic voter"], [140, "likely democratic voter"], [179, "likely democratic voter"], [181, "likely democratic voter"]]}}