{"**Criticism of Mainstream Political Parties and Alignment with Values:** People who criticize mainstream political parties and express a strong alignment with their values, especially when they are unsure about voting, are more likely to be Democratic voters.": {"hypothesis": "**Criticism of Mainstream Political Parties and Alignment with Values:** People who criticize mainstream political parties and express a strong alignment with their values, especially when they are unsure about voting, are more likely to be Democratic voters.", "acc": 0.2777777777777778, "num_visits": 18, "reward": 0.5162434916603592, "correct_examples": [[43, "likely democratic voter"], [47, "likely democratic voter"], [48, "likely democratic voter"], [50, "likely democratic voter"], [57, "likely democratic voter"]]}, "**Frustration with Current Politics and Uncertainty About Voting**: If a tweet expresses significant frustration with the current state of politics and uncertainty about voting, the person is likely to be a Democratic voter, as this sentiment is often associated with a desire for change and a willingness to consider multiple options, including non-voting or third-party candidates.": {"hypothesis": "**Frustration with Current Politics and Uncertainty About Voting**: If a tweet expresses significant frustration with the current state of politics and uncertainty about voting, the person is likely to be a Democratic voter, as this sentiment is often associated with a desire for change and a willingness to consider multiple options, including non-voting or third-party candidates.", "acc": 0.375, "num_visits": 40, "reward": 0.5349676639633402, "correct_examples": [[20, "likely democratic voter"], [22, "likely democratic voter"], [23, "likely democratic voter"], [24, "likely democratic voter"], [25, "likely democratic voter"], [31, "likely democratic voter"], [35, "likely democratic voter"], [36, "likely democratic voter"], [38, "likely democratic voter"], [39, "likely democratic voter"], [40, "likely democratic voter"], [41, "likely democratic voter"], [43, "likely democratic voter"], [48, "likely democratic voter"], [50, "likely democratic voter"]]}, "**Uncertainty about voting and a leaning towards non-voting as a form of protest is more likely to indicate a Democratic voter.**": {"hypothesis": "**Uncertainty about voting and a leaning towards non-voting as a form of protest is more likely to indicate a Democratic voter.**", "acc": 0.2857142857142857, "num_visits": 28, "reward": 0.4769122142516604, "correct_examples": [[35, "likely democratic voter"], [36, "likely democratic voter"], [38, "likely democratic voter"], [39, "likely democratic voter"], [41, "likely democratic voter"], [43, "likely democratic voter"], [48, "likely democratic voter"], [50, "likely democratic voter"]]}, "**Expression of uncertainty about voting and consideration of non-voting as a form of protest is more likely to indicate a Democratic voter.**": {"hypothesis": "**Expression of uncertainty about voting and consideration of non-voting as a form of protest is more likely to indicate a Democratic voter.**", "acc": 0.36666666666666664, "num_visits": 60, "reward": 0.4972797173517293, "correct_examples": [[2, "likely democratic voter"], [3, "likely democratic voter"], [4, "likely democratic voter"], [7, "likely democratic voter"], [12, "likely democratic voter"], [16, "likely democratic voter"], [19, "likely democratic voter"], [20, "likely democratic voter"], [22, "likely democratic voter"], [23, "likely democratic voter"], [24, "likely democratic voter"], [25, "likely democratic voter"], [31, "likely democratic voter"], [35, "likely democratic voter"], [36, "likely democratic voter"], [38, "likely democratic voter"], [39, "likely democratic voter"], [40, "likely democratic voter"], [41, "likely democratic voter"], [43, "likely democratic voter"], [48, "likely democratic voter"], [50, "likely democratic voter"]]}, "**Mention of non-voting as a form of protest and alignment with values is more likely to indicate a Democratic voter.**": {"hypothesis": "**Mention of non-voting as a form of protest and alignment with values is more likely to indicate a Democratic voter.**", "acc": 0.3333333333333333, "num_visits": 60, "reward": 0.463946384018396, "correct_examples": [[2, "likely democratic voter"], [3, "likely democratic voter"], [4, "likely democratic voter"], [7, "likely democratic voter"], [20, "likely democratic voter"], [22, "likely democratic voter"], [23, "likely democratic voter"], [24, "likely democratic voter"], [25, "likely democratic voter"], [31, "likely democratic voter"], [35, "likely democratic voter"], [36, "likely democratic voter"], [38, "likely democratic voter"], [39, "likely democratic voter"], [40, "likely democratic voter"], [41, "likely democratic voter"], [43, "likely democratic voter"], [47, "likely democratic voter"], [48, "likely democratic voter"], [50, "likely democratic voter"]]}, "**Expression of frustration with the two-party system and a desire for third-party alternatives is more common among Republican voters.**": {"hypothesis": "**Expression of frustration with the two-party system and a desire for third-party alternatives is more common among Republican voters.**", "acc": 0.35714285714285715, "num_visits": 28, "reward": 0.5483407856802318, "correct_examples": [[32, "likely republican voter"], [37, "likely republican voter"], [39, "likely democratic voter"], [42, "likely republican voter"], [44, "likely republican voter"], [49, "likely republican voter"], [52, "likely republican voter"], [54, "likely republican voter"], [55, "likely third-party/abstain voter"], [59, "likely republican voter"]]}, "**Support for Non-Voting as a Form of Protest**: If a tweet expresses support for non-voting as a form of protest, the person is likely to be a Democratic voter, especially if the tweet also criticizes specific Republican policies or actions, indicating a strong dissatisfaction with the current political landscape.": {"hypothesis": "**Support for Non-Voting as a Form of Protest**: If a tweet expresses support for non-voting as a form of protest, the person is likely to be a Democratic voter, especially if the tweet also criticizes specific Republican policies or actions, indicating a strong dissatisfaction with the current political landscape.", "acc": 0.25, "num_visits": 40, "reward": 0.40996766396334017, "correct_examples": [[20, "likely democratic voter"], [24, "likely democratic voter"], [25, "likely democratic voter"], [31, "likely democratic voter"], [35, "likely democratic voter"], [39, "likely democratic voter"], [40, "likely democratic voter"], [43, "likely democratic voter"], [48, "likely democratic voter"], [50, "likely democratic voter"]]}, "**Emphasis on Conservative Values**: If a tweet emphasizes support for conservative values, such as fiscal responsibility, traditional values, or strong national defense, the person is likely to be a Democratic voter, despite the apparent contradiction, due to the context of the tweet and the specific issues mentioned.": {"hypothesis": "**Emphasis on Conservative Values**: If a tweet emphasizes support for conservative values, such as fiscal responsibility, traditional values, or strong national defense, the person is likely to be a Democratic voter, despite the apparent contradiction, due to the context of the tweet and the specific issues mentioned.", "acc": 0.225, "num_visits": 40, "reward": 0.3849676639633402, "correct_examples": [[20, "likely democratic voter"], [22, "likely democratic voter"], [25, "likely democratic voter"], [30, "likely democratic voter"], [31, "likely democratic voter"], [34, "likely democratic voter"], [39, "likely democratic voter"], [40, "likely democratic voter"], [55, "likely third-party/abstain voter"]]}, "**Praise for Biden's Climate Change Policy and Criticism of Conservative Supreme Court Decisions:** People who praise Biden's climate change policy and criticize conservative Supreme Court decisions are more likely to be Republican voters.": {"hypothesis": "**Praise for Biden's Climate Change Policy and Criticism of Conservative Supreme Court Decisions:** People who praise Biden's climate change policy and criticize conservative Supreme Court decisions are more likely to be Republican voters.", "acc": 0.09090909090909091, "num_visits": 11, "reward": 0.39129868314920935, "correct_examples": [[46, "likely third-party/abstain voter"]]}, "**Advocacy for Universal Healthcare and Support for Bipartisan Achievements:** People who advocate for universal healthcare and express support for bipartisan achievements, such as the infrastructure bill, are more likely to be Democratic voters.": {"hypothesis": "**Advocacy for Universal Healthcare and Support for Bipartisan Achievements:** People who advocate for universal healthcare and express support for bipartisan achievements, such as the infrastructure bill, are more likely to be Democratic voters.", "acc": 0.09090909090909091, "num_visits": 11, "reward": 0.39129868314920935, "correct_examples": [[46, "likely third-party/abstain voter"]]}, "**Support for Gun Rights and Criticism of Universal Healthcare:** People who strongly support gun rights and criticize the promotion of universal healthcare, even if they praise policies like climate change, are more likely to be third-party or abstain voters.": {"hypothesis": "**Support for Gun Rights and Criticism of Universal Healthcare:** People who strongly support gun rights and criticize the promotion of universal healthcare, even if they praise policies like climate change, are more likely to be third-party or abstain voters.", "acc": 0.17647058823529413, "num_visits": 17, "reward": 0.42184978345046037, "correct_examples": [[51, "likely third-party/abstain voter"], [53, "likely third-party/abstain voter"], [55, "likely third-party/abstain voter"]]}, "**Mention of Democratic or Progressive Values**: If a tweet expresses support for or alignment with Democratic or progressive values, such as universal healthcare, social justice, or environmental policies, the person is likely to be a Democratic voter.": {"hypothesis": "**Mention of Democratic or Progressive Values**: If a tweet expresses support for or alignment with Democratic or progressive values, such as universal healthcare, social justice, or environmental policies, the person is likely to be a Democratic voter.", "acc": 0.23076923076923078, "num_visits": 39, "reward": 0.3927747815253166, "correct_examples": [[20, "likely democratic voter"], [25, "likely democratic voter"], [31, "likely democratic voter"], [33, "likely third-party/abstain voter"], [39, "likely democratic voter"], [40, "likely democratic voter"], [46, "likely third-party/abstain voter"], [53, "likely third-party/abstain voter"], [55, "likely third-party/abstain voter"]]}, "**Frustration with the Two-Party System**: Individuals who frequently express frustration with the two-party system and advocate for third-party alternatives are more likely to be Democratic voters, especially if they mention specific progressive policies they support.": {"hypothesis": "**Frustration with the Two-Party System**: Individuals who frequently express frustration with the two-party system and advocate for third-party alternatives are more likely to be Democratic voters, especially if they mention specific progressive policies they support.", "acc": 0.21052631578947367, "num_visits": 38, "reward": 0.3717560415361594, "correct_examples": [[10, "likely democratic voter"], [14, "likely democratic voter"], [15, "likely democratic voter"], [20, "likely democratic voter"], [24, "likely democratic voter"], [31, "likely democratic voter"], [40, "likely democratic voter"], [47, "likely democratic voter"]]}, "**Uncertainty and Frustration with Politics**: People who express uncertainty about their vote and significant frustration with the current state of politics, but lean towards conservative values, are more likely to be Democratic voters, especially if they mention specific issues they care about.": {"hypothesis": "**Uncertainty and Frustration with Politics**: People who express uncertainty about their vote and significant frustration with the current state of politics, but lean towards conservative values, are more likely to be Democratic voters, especially if they mention specific issues they care about.", "acc": 0.1875, "num_visits": 32, "reward": 0.35838166634498514, "correct_examples": [[12, "likely democratic voter"], [20, "likely democratic voter"], [25, "likely democratic voter"], [31, "likely democratic voter"], [39, "likely democratic voter"], [40, "likely democratic voter"]]}, "**Praise for Bipartisan Efforts**: People who praise bipartisan efforts, such as the passage of the bipartisan infrastructure bill, are more likely to be Democratic voters, even if they express some conservative leanings.": {"hypothesis": "**Praise for Bipartisan Efforts**: People who praise bipartisan efforts, such as the passage of the bipartisan infrastructure bill, are more likely to be Democratic voters, even if they express some conservative leanings.", "acc": 0.1724137931034483, "num_visits": 29, "reward": 0.35697393465584276, "correct_examples": [[25, "likely democratic voter"], [26, "likely third-party/abstain voter"], [31, "likely democratic voter"], [33, "likely third-party/abstain voter"], [39, "likely democratic voter"]]}, "**Praising specific policies or actions of a Democratic administration, while still expressing frustration with the two-party system, is more likely to indicate a Democratic voter.**": {"hypothesis": "**Praising specific policies or actions of a Democratic administration, while still expressing frustration with the two-party system, is more likely to indicate a Democratic voter.**", "acc": 0.11764705882352941, "num_visits": 17, "reward": 0.3568805252173501, "correct_examples": [[34, "likely democratic voter"], [39, "likely democratic voter"]]}, "**Strong support for conservative values and policies, even when there is criticism of the two-party system, is more likely to indicate a Democratic voter.**": {"hypothesis": "**Strong support for conservative values and policies, even when there is criticism of the two-party system, is more likely to indicate a Democratic voter.**", "acc": 0.07692307692307693, "num_visits": 13, "reward": 0.35189949663674025, "correct_examples": [[34, "likely democratic voter"]]}, "**Criticism of mainstream political parties, especially in the context of opposing tax cuts for corporations and social justice initiatives, is more likely to indicate a third-party or abstain voter.**": {"hypothesis": "**Criticism of mainstream political parties, especially in the context of opposing tax cuts for corporations and social justice initiatives, is more likely to indicate a third-party or abstain voter.**", "acc": 0.07692307692307693, "num_visits": 13, "reward": 0.3512061636106249, "correct_examples": [[33, "likely third-party/abstain voter"]]}, "**Frustration with the Two-Party System and Support for Third-Party Candidates:** People who express frustration with the two-party system and a desire to support third-party candidates are more likely to be Republican voters.": {"hypothesis": "**Frustration with the Two-Party System and Support for Third-Party Candidates:** People who express frustration with the two-party system and a desire to support third-party candidates are more likely to be Republican voters.", "acc": 0.0, "num_visits": 10, "reward": 0.31429459582457936, "correct_examples": []}, "**Mention of supporting immigration reform or universal healthcare is more likely to indicate a Democratic voter.**": {"hypothesis": "**Mention of supporting immigration reform or universal healthcare is more likely to indicate a Democratic voter.**", "acc": 0.15, "num_visits": 40, "reward": 0.3028412088223299, "correct_examples": [[4, "likely democratic voter"], [6, "likely third-party/abstain voter"], [20, "likely democratic voter"], [25, "likely democratic voter"], [31, "likely democratic voter"], [40, "likely democratic voter"]]}}