{"**Expression of uncertainty about voting and consideration of non-voting as a form of protest is more likely to indicate a Democratic voter.**": {"hypothesis": "**Expression of uncertainty about voting and consideration of non-voting as a form of protest is more likely to indicate a Democratic voter.**", "acc": 0.4, "num_visits": 10, "reward": 0.6399262956094041, "correct_examples": [[2, "likely democratic voter"], [3, "likely democratic voter"], [4, "likely democratic voter"], [7, "likely democratic voter"]]}, "**Frustration with the lack of celebration of bipartisan achievements (e.g., the infrastructure bill) is more likely to indicate a Republican voter.**": {"hypothesis": "**Frustration with the lack of celebration of bipartisan achievements (e.g., the infrastructure bill) is more likely to indicate a Republican voter.**", "acc": 0.2, "num_visits": 10, "reward": 0.4399262956094041, "correct_examples": [[4, "likely democratic voter"], [6, "likely third-party/abstain voter"]]}, "**Mention of the Second Amendment and defense of gun rights is more likely to indicate a Republican voter.**": {"hypothesis": "**Mention of the Second Amendment and defense of gun rights is more likely to indicate a Republican voter.**", "acc": 0.2, "num_visits": 10, "reward": 0.4399262956094041, "correct_examples": [[4, "likely democratic voter"], [6, "likely third-party/abstain voter"]]}, "**Criticism of the Supreme Court decision that favored conservatives is more likely to indicate a Democratic voter.**": {"hypothesis": "**Criticism of the Supreme Court decision that favored conservatives is more likely to indicate a Democratic voter.**", "acc": 0.2, "num_visits": 10, "reward": 0.4399262956094041, "correct_examples": [[4, "likely democratic voter"], [6, "likely third-party/abstain voter"]]}, "**Mention of supporting immigration reform or universal healthcare is more likely to indicate a Democratic voter.**": {"hypothesis": "**Mention of supporting immigration reform or universal healthcare is more likely to indicate a Democratic voter.**", "acc": 0.2, "num_visits": 10, "reward": 0.4399262956094041, "correct_examples": [[4, "likely democratic voter"], [6, "likely third-party/abstain voter"]]}, "**Support for third-party candidates and a focus on policies like universal healthcare is more likely to indicate a third-party or abstain voter.**": {"hypothesis": "**Support for third-party candidates and a focus on policies like universal healthcare is more likely to indicate a third-party or abstain voter.**", "acc": 0.2, "num_visits": 10, "reward": 0.4399262956094041, "correct_examples": [[4, "likely democratic voter"], [6, "likely third-party/abstain voter"]]}, "**Frustration with the two-party system and a desire to break away from it is more likely to indicate a third-party or abstain voter.**": {"hypothesis": "**Frustration with the two-party system and a desire to break away from it is more likely to indicate a third-party or abstain voter.**", "acc": 0.2, "num_visits": 10, "reward": 0.4399262956094041, "correct_examples": [[4, "likely democratic voter"], [6, "likely third-party/abstain voter"]]}, "**Criticism of the two-party system and a desire for change, without specific policy mentions, is more likely to indicate a Republican voter.**": {"hypothesis": "**Criticism of the two-party system and a desire for change, without specific policy mentions, is more likely to indicate a Republican voter.**", "acc": 0.1, "num_visits": 10, "reward": 0.33992629560940407, "correct_examples": [[4, "likely democratic voter"]]}, "**Mention of non-voting as a form of protest and alignment with values is more likely to indicate a Democratic voter.**": {"hypothesis": "**Mention of non-voting as a form of protest and alignment with values is more likely to indicate a Democratic voter.**", "acc": 0.4, "num_visits": 10, "reward": 0.6399262956094041, "correct_examples": [[2, "likely democratic voter"], [3, "likely democratic voter"], [4, "likely democratic voter"], [7, "likely democratic voter"]]}, "**Strong endorsement of Democratic candidates and policies is more likely to indicate a Democratic voter.**": {"hypothesis": "**Strong endorsement of Democratic candidates and policies is more likely to indicate a Democratic voter.**", "acc": 0.2, "num_visits": 10, "reward": 0.4399262956094041, "correct_examples": [[4, "likely democratic voter"], [6, "likely third-party/abstain voter"]]}}