{"**Criticism of Libertarian Policies**: If a tweet includes criticism of libertarian policies or expresses frustration with libertarian advocacy, the person is likely a Democratic voter.": {"hypothesis": "**Criticism of Libertarian Policies**: If a tweet includes criticism of libertarian policies or expresses frustration with libertarian advocacy, the person is likely a Democratic voter.", "acc": 0.47058823529411764, "num_visits": 17, "reward": 0.7335040226893466, "correct_examples": [[96, "likely democratic voter"], [97, "likely democratic voter"], [102, "likely democratic voter"], [95, "likely democratic voter"], [104, "likely democratic voter"], [106, "likely third-party/abstain voter"], [108, "likely third-party/abstain voter"], [109, "likely third-party/abstain voter"]]}, "**Criticism of Mainstream Political Parties and Specific Policy Frustrations**: People who criticize mainstream political parties and express specific frustrations with policies or actions (e.g., lack of third-party debate presence) are more likely to be Democratic voters.": {"hypothesis": "**Criticism of Mainstream Political Parties and Specific Policy Frustrations**: People who criticize mainstream political parties and express specific frustrations with policies or actions (e.g., lack of third-party debate presence) are more likely to be Democratic voters.", "acc": 0.38095238095238093, "num_visits": 21, "reward": 0.6175070249413901, "correct_examples": [[70, "likely democratic voter"], [74, "likely third-party/abstain voter"], [100, "likely democratic voter"], [101, "likely democratic voter"], [102, "likely democratic voter"], [104, "likely democratic voter"], [106, "likely third-party/abstain voter"], [107, "likely democratic voter"]]}, "**Criticism of Mainstream Political Parties and Alignment with Values:** People who criticize mainstream political parties and express a strong alignment with their values, especially when they are unsure about voting, are more likely to be Democratic voters.": {"hypothesis": "**Criticism of Mainstream Political Parties and Alignment with Values:** People who criticize mainstream political parties and express a strong alignment with their values, especially when they are unsure about voting, are more likely to be Democratic voters.", "acc": 0.4230769230769231, "num_visits": 52, "reward": 0.5734047757758788, "correct_examples": [[43, "likely democratic voter"], [47, "likely democratic voter"], [48, "likely democratic voter"], [50, "likely democratic voter"], [57, "likely democratic voter"], [60, "likely democratic voter"], [61, "likely democratic voter"], [62, "likely democratic voter"], [65, "likely democratic voter"], [70, "likely democratic voter"], [72, "likely third-party/abstain voter"], [73, "likely democratic voter"], [75, "likely democratic voter"], [97, "likely democratic voter"], [98, "likely democratic voter"], [99, "likely democratic voter"], [100, "likely democratic voter"], [101, "likely democratic voter"], [102, "likely democratic voter"], [104, "likely democratic voter"], [107, "likely democratic voter"], [109, "likely third-party/abstain voter"]]}, "**Uncertainty about voting and a leaning towards non-voting as a form of protest is more likely to indicate a Democratic voter.**": {"hypothesis": "**Uncertainty about voting and a leaning towards non-voting as a form of protest is more likely to indicate a Democratic voter.**", "acc": 0.43243243243243246, "num_visits": 74, "reward": 0.5584483093519111, "correct_examples": [[35, "likely democratic voter"], [36, "likely democratic voter"], [38, "likely democratic voter"], [39, "likely democratic voter"], [41, "likely democratic voter"], [43, "likely democratic voter"], [48, "likely democratic voter"], [50, "likely democratic voter"], [60, "likely democratic voter"], [61, "likely democratic voter"], [62, "likely democratic voter"], [65, "likely democratic voter"], [66, "likely democratic voter"], [69, "likely third-party/abstain voter"], [72, "likely third-party/abstain voter"], [73, "likely democratic voter"], [75, "likely democratic voter"], [78, "likely third-party/abstain voter"], [84, "likely democratic voter"], [86, "likely democratic voter"], [87, "likely democratic voter"], [92, "likely democratic voter"], [93, "likely third-party/abstain voter"], [95, "likely democratic voter"], [96, "likely democratic voter"], [97, "likely democratic voter"], [98, "likely democratic voter"], [99, "likely democratic voter"], [100, "likely democratic voter"], [101, "likely democratic voter"], [104, "likely democratic voter"], [106, "likely third-party/abstain voter"]]}, "**Expression of frustration with the two-party system and a desire for third-party alternatives is more common among Republican voters.**": {"hypothesis": "**Expression of frustration with the two-party system and a desire for third-party alternatives is more common among Republican voters.**", "acc": 0.4358974358974359, "num_visits": 78, "reward": 0.5586396136443401, "correct_examples": [[32, "likely republican voter"], [37, "likely republican voter"], [39, "likely democratic voter"], [42, "likely republican voter"], [44, "likely republican voter"], [49, "likely republican voter"], [52, "likely republican voter"], [54, "likely republican voter"], [55, "likely third-party/abstain voter"], [59, "likely republican voter"], [61, "likely democratic voter"], [62, "likely democratic voter"], [64, "likely republican voter"], [67, "likely republican voter"], [68, "likely republican voter"], [71, "likely republican voter"], [72, "likely third-party/abstain voter"], [73, "likely democratic voter"], [74, "likely third-party/abstain voter"], [76, "likely republican voter"], [79, "likely republican voter"], [80, "likely third-party/abstain voter"], [81, "likely third-party/abstain voter"], [84, "likely democratic voter"], [86, "likely democratic voter"], [88, "likely republican voter"], [90, "likely third-party/abstain voter"], [94, "likely republican voter"], [96, "likely democratic voter"], [97, "likely democratic voter"], [100, "likely democratic voter"], [101, "likely democratic voter"], [108, "likely third-party/abstain voter"], [109, "likely third-party/abstain voter"]]}, "**Expression of uncertainty about voting and consideration of non-voting as a form of protest is more likely to indicate a Democratic voter.**": {"hypothesis": "**Expression of uncertainty about voting and consideration of non-voting as a form of protest is more likely to indicate a Democratic voter.**", "acc": 0.45, "num_visits": 100, "reward": 0.5584029562072965, "correct_examples": [[2, "likely democratic voter"], [3, "likely democratic voter"], [4, "likely democratic voter"], [7, "likely democratic voter"], [12, "likely democratic voter"], [16, "likely democratic voter"], [19, "likely democratic voter"], [20, "likely democratic voter"], [22, "likely democratic voter"], [23, "likely democratic voter"], [24, "likely democratic voter"], [25, "likely democratic voter"], [31, "likely democratic voter"], [35, "likely democratic voter"], [36, "likely democratic voter"], [38, "likely democratic voter"], [39, "likely democratic voter"], [40, "likely democratic voter"], [41, "likely democratic voter"], [43, "likely democratic voter"], [48, "likely democratic voter"], [50, "likely democratic voter"], [60, "likely democratic voter"], [61, "likely democratic voter"], [62, "likely democratic voter"], [65, "likely democratic voter"], [66, "likely democratic voter"], [69, "likely third-party/abstain voter"], [72, "likely third-party/abstain voter"], [73, "likely democratic voter"], [84, "likely democratic voter"], [86, "likely democratic voter"], [87, "likely democratic voter"], [92, "likely democratic voter"], [93, "likely third-party/abstain voter"], [95, "likely democratic voter"], [96, "likely democratic voter"], [97, "likely democratic voter"], [98, "likely democratic voter"], [99, "likely democratic voter"], [100, "likely democratic voter"], [101, "likely democratic voter"], [104, "likely democratic voter"], [106, "likely third-party/abstain voter"], [108, "likely third-party/abstain voter"]]}, "**Criticism of Mainstream Political Parties**: People who strongly criticize mainstream political parties and express support for candidates who challenge the status quo are more likely to be democratic voters. For example, criticizing the promotion of universal healthcare from the other side while supporting candidates who criticize mainstream parties suggests a democratic voter.": {"hypothesis": "**Criticism of Mainstream Political Parties**: People who strongly criticize mainstream political parties and express support for candidates who challenge the status quo are more likely to be democratic voters. For example, criticizing the promotion of universal healthcare from the other side while supporting candidates who criticize mainstream parties suggests a democratic voter.", "acc": 0.4, "num_visits": 40, "reward": 0.5714001233552725, "correct_examples": [[55, "likely third-party/abstain voter"], [57, "likely democratic voter"], [61, "likely democratic voter"], [62, "likely democratic voter"], [65, "likely democratic voter"], [70, "likely democratic voter"], [73, "likely democratic voter"], [78, "likely third-party/abstain voter"], [80, "likely third-party/abstain voter"], [100, "likely democratic voter"], [101, "likely democratic voter"], [102, "likely democratic voter"], [104, "likely democratic voter"], [106, "likely third-party/abstain voter"], [107, "likely democratic voter"], [109, "likely third-party/abstain voter"]]}, "**Mention of Support for Democratic Policies or Candidates**: If a tweet expresses support for Democratic policies or candidates, especially in the context of specific issues like healthcare, climate change, or social justice, the person is likely a Democratic voter.": {"hypothesis": "**Mention of Support for Democratic Policies or Candidates**: If a tweet expresses support for Democratic policies or candidates, especially in the context of specific issues like healthcare, climate change, or social justice, the person is likely a Democratic voter.", "acc": 0.375, "num_visits": 16, "reward": 0.6460073905182413, "correct_examples": [[96, "likely democratic voter"], [97, "likely democratic voter"], [105, "likely third-party/abstain voter"], [106, "likely third-party/abstain voter"], [108, "likely third-party/abstain voter"], [109, "likely third-party/abstain voter"]]}, "**Endorsement of Conservative Values with Specific Policy Support**: If a tweet endorses conservative values but also expresses strong support for specific policies that are typically associated with the Democratic Party (e.g., universal healthcare), the person is likely a third-party or abstain voter.": {"hypothesis": "**Endorsement of Conservative Values with Specific Policy Support**: If a tweet endorses conservative values but also expresses strong support for specific policies that are typically associated with the Democratic Party (e.g., universal healthcare), the person is likely a third-party or abstain voter.", "acc": 0.4117647058823529, "num_visits": 17, "reward": 0.6746804932775818, "correct_examples": [[89, "likely third-party/abstain voter"], [91, "likely third-party/abstain voter"], [103, "likely third-party/abstain voter"], [105, "likely third-party/abstain voter"], [106, "likely third-party/abstain voter"], [108, "likely third-party/abstain voter"], [109, "likely third-party/abstain voter"]]}, "**Frustration with Current Politics and Uncertainty About Voting**: If a tweet expresses significant frustration with the current state of politics and uncertainty about voting, the person is likely to be a Democratic voter, as this sentiment is often associated with a desire for change and a willingness to consider multiple options, including non-voting or third-party candidates.": {"hypothesis": "**Frustration with Current Politics and Uncertainty About Voting**: If a tweet expresses significant frustration with the current state of politics and uncertainty about voting, the person is likely to be a Democratic voter, as this sentiment is often associated with a desire for change and a willingness to consider multiple options, including non-voting or third-party candidates.", "acc": 0.42528735632183906, "num_visits": 87, "reward": 0.5415075244851542, "correct_examples": [[20, "likely democratic voter"], [22, "likely democratic voter"], [23, "likely democratic voter"], [24, "likely democratic voter"], [25, "likely democratic voter"], [31, "likely democratic voter"], [35, "likely democratic voter"], [36, "likely democratic voter"], [38, "likely democratic voter"], [39, "likely democratic voter"], [40, "likely democratic voter"], [41, "likely democratic voter"], [43, "likely democratic voter"], [48, "likely democratic voter"], [50, "likely democratic voter"], [60, "likely democratic voter"], [61, "likely democratic voter"], [62, "likely democratic voter"], [65, "likely democratic voter"], [66, "likely democratic voter"], [69, "likely third-party/abstain voter"], [72, "likely third-party/abstain voter"], [73, "likely democratic voter"], [75, "likely democratic voter"], [78, "likely third-party/abstain voter"], [84, "likely democratic voter"], [86, "likely democratic voter"], [87, "likely democratic voter"], [97, "likely democratic voter"], [98, "likely democratic voter"], [99, "likely democratic voter"], [100, "likely democratic voter"], [101, "likely democratic voter"], [104, "likely democratic voter"], [105, "likely third-party/abstain voter"], [106, "likely third-party/abstain voter"], [109, "likely third-party/abstain voter"]]}, "**Criticism of specific Republican actions (e.g., government shutdown) in the context of supporting a Democratic candidate is more common among third-party/abstain voters.**": {"hypothesis": "**Criticism of specific Republican actions (e.g., government shutdown) in the context of supporting a Democratic candidate is more common among third-party/abstain voters.**", "acc": 0.28, "num_visits": 25, "reward": 0.49573039540494807, "correct_examples": [[82, "likely third-party/abstain voter"], [83, "likely third-party/abstain voter"], [85, "likely third-party/abstain voter"], [90, "likely third-party/abstain voter"], [91, "likely third-party/abstain voter"], [93, "likely third-party/abstain voter"], [101, "likely democratic voter"]]}, "**Criticism of Specific Policies and Stances**: People who criticize specific policies or stances of one major party while supporting the other are more likely to be aligned with the party they support. For example, criticizing the lack of praise for Biden's climate change policy while supporting conservative values suggests a third-party or abstain voter.": {"hypothesis": "**Criticism of Specific Policies and Stances**: People who criticize specific policies or stances of one major party while supporting the other are more likely to be aligned with the party they support. For example, criticizing the lack of praise for Biden's climate change policy while supporting conservative values suggests a third-party or abstain voter.", "acc": 0.35294117647058826, "num_visits": 51, "reward": 0.5036702703649778, "correct_examples": [[53, "likely third-party/abstain voter"], [55, "likely third-party/abstain voter"], [56, "likely third-party/abstain voter"], [58, "likely third-party/abstain voter"], [62, "likely democratic voter"], [63, "likely third-party/abstain voter"], [69, "likely third-party/abstain voter"], [72, "likely third-party/abstain voter"], [73, "likely democratic voter"], [74, "likely third-party/abstain voter"], [78, "likely third-party/abstain voter"], [80, "likely third-party/abstain voter"], [81, "likely third-party/abstain voter"], [86, "likely democratic voter"], [89, "likely third-party/abstain voter"], [90, "likely third-party/abstain voter"], [93, "likely third-party/abstain voter"], [101, "likely democratic voter"]]}, "**Frustration with the Two-Party System and Support for Third-Party Candidates**: People who express frustration with the two-party system and a desire to support third-party candidates are more likely to be third-party or abstain voters.": {"hypothesis": "**Frustration with the Two-Party System and Support for Third-Party Candidates**: People who express frustration with the two-party system and a desire to support third-party candidates are more likely to be third-party or abstain voters.", "acc": 0.3125, "num_visits": 32, "reward": 0.5027861535176537, "correct_examples": [[55, "likely third-party/abstain voter"], [56, "likely third-party/abstain voter"], [62, "likely democratic voter"], [73, "likely democratic voter"], [74, "likely third-party/abstain voter"], [78, "likely third-party/abstain voter"], [80, "likely third-party/abstain voter"], [81, "likely third-party/abstain voter"], [86, "likely democratic voter"], [101, "likely democratic voter"]]}, "**Positive or Negative Sentiment Towards Bipartisan Efforts**: People who express positive sentiment towards bipartisan efforts, such as the passage of the bipartisan infrastructure bill, are more likely to be democratic voters. Conversely, those who express frustration with the lack of celebration of such efforts are more likely to be republican voters.": {"hypothesis": "**Positive or Negative Sentiment Towards Bipartisan Efforts**: People who express positive sentiment towards bipartisan efforts, such as the passage of the bipartisan infrastructure bill, are more likely to be democratic voters. Conversely, those who express frustration with the lack of celebration of such efforts are more likely to be republican voters.", "acc": 0.3333333333333333, "num_visits": 45, "reward": 0.4931095631419592, "correct_examples": [[53, "likely third-party/abstain voter"], [55, "likely third-party/abstain voter"], [57, "likely democratic voter"], [61, "likely democratic voter"], [62, "likely democratic voter"], [69, "likely third-party/abstain voter"], [72, "likely third-party/abstain voter"], [73, "likely democratic voter"], [74, "likely third-party/abstain voter"], [78, "likely third-party/abstain voter"], [80, "likely third-party/abstain voter"], [81, "likely third-party/abstain voter"], [86, "likely democratic voter"], [90, "likely third-party/abstain voter"], [93, "likely third-party/abstain voter"]]}, "**Mentioning specific policy stances (e.g., climate change, immigration reform) in support of a Democratic candidate is more common among third-party/abstain voters.**": {"hypothesis": "**Mentioning specific policy stances (e.g., climate change, immigration reform) in support of a Democratic candidate is more common among third-party/abstain voters.**", "acc": 0.25, "num_visits": 20, "reward": 0.48966434471293885, "correct_examples": [[82, "likely third-party/abstain voter"], [83, "likely third-party/abstain voter"], [89, "likely third-party/abstain voter"], [90, "likely third-party/abstain voter"], [93, "likely third-party/abstain voter"]]}, "**Championing Conservative Values and Specific Policy Frustrations**: People who champion conservative values but express specific frustrations with policies or actions (e.g., lack of third-party debate presence) are more likely to be third-party or abstain voters.": {"hypothesis": "**Championing Conservative Values and Specific Policy Frustrations**: People who champion conservative values but express specific frustrations with policies or actions (e.g., lack of third-party debate presence) are more likely to be third-party or abstain voters.", "acc": 0.25, "num_visits": 20, "reward": 0.48939944336481267, "correct_examples": [[69, "likely third-party/abstain voter"], [74, "likely third-party/abstain voter"], [63, "likely third-party/abstain voter"], [80, "likely third-party/abstain voter"], [81, "likely third-party/abstain voter"]]}, "**Support for Third-Party Alternatives and Specific Policy Stances**: People who support third-party alternatives and emphasize specific policy stances (e.g., immigration reform) are more likely to be third-party or abstain voters.": {"hypothesis": "**Support for Third-Party Alternatives and Specific Policy Stances**: People who support third-party alternatives and emphasize specific policy stances (e.g., immigration reform) are more likely to be third-party or abstain voters.", "acc": 0.25, "num_visits": 20, "reward": 0.4891315270542391, "correct_examples": [[69, "likely third-party/abstain voter"], [74, "likely third-party/abstain voter"], [63, "likely third-party/abstain voter"], [81, "likely third-party/abstain voter"], [86, "likely democratic voter"]]}, "**Frustration with the Two-Party System and Specific Policy Criticisms**: People who express frustration with the two-party system and specifically criticize policies or actions of one party (e.g., lack of condemnation of a government shutdown by Republicans) are more likely to be Republican voters.": {"hypothesis": "**Frustration with the Two-Party System and Specific Policy Criticisms**: People who express frustration with the two-party system and specifically criticize policies or actions of one party (e.g., lack of condemnation of a government shutdown by Republicans) are more likely to be Republican voters.", "acc": 0.2857142857142857, "num_visits": 28, "reward": 0.48848901526982536, "correct_examples": [[69, "likely third-party/abstain voter"], [74, "likely third-party/abstain voter"], [78, "likely third-party/abstain voter"], [80, "likely third-party/abstain voter"], [81, "likely third-party/abstain voter"], [84, "likely democratic voter"], [86, "likely democratic voter"], [90, "likely third-party/abstain voter"]]}, "**Emphasis on Specific Issues**: People who emphasize specific issues such as immigration reform, tax cuts, or the Second Amendment in their tweets are more likely to align with the party that supports those issues. For example, supporting immigration reform while criticizing the two-party system suggests a third-party or abstain voter.": {"hypothesis": "**Emphasis on Specific Issues**: People who emphasize specific issues such as immigration reform, tax cuts, or the Second Amendment in their tweets are more likely to align with the party that supports those issues. For example, supporting immigration reform while criticizing the two-party system suggests a third-party or abstain voter.", "acc": 0.3333333333333333, "num_visits": 48, "reward": 0.48820509120207656, "correct_examples": [[53, "likely third-party/abstain voter"], [55, "likely third-party/abstain voter"], [56, "likely third-party/abstain voter"], [62, "likely democratic voter"], [63, "likely third-party/abstain voter"], [69, "likely third-party/abstain voter"], [72, "likely third-party/abstain voter"], [73, "likely democratic voter"], [74, "likely third-party/abstain voter"], [78, "likely third-party/abstain voter"], [80, "likely third-party/abstain voter"], [81, "likely third-party/abstain voter"], [84, "likely democratic voter"], [86, "likely democratic voter"], [90, "likely third-party/abstain voter"], [93, "likely third-party/abstain voter"]]}, "**Uncertainty about voting and a leaning towards Democratic candidates due to alignment with values is more common among Democratic voters.**": {"hypothesis": "**Uncertainty about voting and a leaning towards Democratic candidates due to alignment with values is more common among Democratic voters.**", "acc": 0.2, "num_visits": 15, "reward": 0.4770430227115183, "correct_examples": [[75, "likely democratic voter"], [84, "likely democratic voter"], [87, "likely democratic voter"]]}}