{"**Frustration with the Two-Party System**: Individuals who frequently express frustration with the two-party system and advocate for third-party alternatives are more likely to be Democratic voters, especially if they mention specific progressive policies they support.": {"hypothesis": "**Frustration with the Two-Party System**: Individuals who frequently express frustration with the two-party system and advocate for third-party alternatives are more likely to be Democratic voters, especially if they mention specific progressive policies they support.", "acc": 0.3, "num_visits": 10, "reward": 0.5736664152555987, "correct_examples": [[10, "likely democratic voter"], [14, "likely democratic voter"], [15, "likely democratic voter"]]}, "**Expression of uncertainty about voting and consideration of non-voting as a form of protest is more likely to indicate a Democratic voter.**": {"hypothesis": "**Expression of uncertainty about voting and consideration of non-voting as a form of protest is more likely to indicate a Democratic voter.**", "acc": 0.35, "num_visits": 20, "reward": 0.5435113780102474, "correct_examples": [[2, "likely democratic voter"], [3, "likely democratic voter"], [4, "likely democratic voter"], [7, "likely democratic voter"], [12, "likely democratic voter"], [16, "likely democratic voter"], [19, "likely democratic voter"]]}, "**Mention of non-voting as a form of protest and alignment with values is more likely to indicate a Democratic voter.**": {"hypothesis": "**Mention of non-voting as a form of protest and alignment with values is more likely to indicate a Democratic voter.**", "acc": 0.2, "num_visits": 20, "reward": 0.3935113780102475, "correct_examples": [[2, "likely democratic voter"], [3, "likely democratic voter"], [4, "likely democratic voter"], [7, "likely democratic voter"]]}, "**Uncertainty and Frustration with Politics**: People who express uncertainty about their vote and significant frustration with the current state of politics, but lean towards conservative values, are more likely to be Democratic voters, especially if they mention specific issues they care about.": {"hypothesis": "**Uncertainty and Frustration with Politics**: People who express uncertainty about their vote and significant frustration with the current state of politics, but lean towards conservative values, are more likely to be Democratic voters, especially if they mention specific issues they care about.", "acc": 0.1, "num_visits": 10, "reward": 0.37366641525559874, "correct_examples": [[12, "likely democratic voter"]]}, "**Frustration with the lack of celebration of bipartisan achievements (e.g., the infrastructure bill) is more likely to indicate a Republican voter.**": {"hypothesis": "**Frustration with the lack of celebration of bipartisan achievements (e.g., the infrastructure bill) is more likely to indicate a Republican voter.**", "acc": 0.1, "num_visits": 20, "reward": 0.2935113780102475, "correct_examples": [[4, "likely democratic voter"], [6, "likely third-party/abstain voter"]]}, "**Mention of the Second Amendment and defense of gun rights is more likely to indicate a Republican voter.**": {"hypothesis": "**Mention of the Second Amendment and defense of gun rights is more likely to indicate a Republican voter.**", "acc": 0.1, "num_visits": 20, "reward": 0.2935113780102475, "correct_examples": [[4, "likely democratic voter"], [6, "likely third-party/abstain voter"]]}, "**Criticism of the Supreme Court decision that favored conservatives is more likely to indicate a Democratic voter.**": {"hypothesis": "**Criticism of the Supreme Court decision that favored conservatives is more likely to indicate a Democratic voter.**", "acc": 0.1, "num_visits": 20, "reward": 0.2935113780102475, "correct_examples": [[4, "likely democratic voter"], [6, "likely third-party/abstain voter"]]}, "**Mention of supporting immigration reform or universal healthcare is more likely to indicate a Democratic voter.**": {"hypothesis": "**Mention of supporting immigration reform or universal healthcare is more likely to indicate a Democratic voter.**", "acc": 0.1, "num_visits": 20, "reward": 0.2935113780102475, "correct_examples": [[4, "likely democratic voter"], [6, "likely third-party/abstain voter"]]}, "**Support for third-party candidates and a focus on policies like universal healthcare is more likely to indicate a third-party or abstain voter.**": {"hypothesis": "**Support for third-party candidates and a focus on policies like universal healthcare is more likely to indicate a third-party or abstain voter.**", "acc": 0.1, "num_visits": 20, "reward": 0.2935113780102475, "correct_examples": [[4, "likely democratic voter"], [6, "likely third-party/abstain voter"]]}, "**Frustration with the two-party system and a desire to break away from it is more likely to indicate a third-party or abstain voter.**": {"hypothesis": "**Frustration with the two-party system and a desire to break away from it is more likely to indicate a third-party or abstain voter.**", "acc": 0.1, "num_visits": 20, "reward": 0.2935113780102475, "correct_examples": [[4, "likely democratic voter"], [6, "likely third-party/abstain voter"]]}, "**Strong endorsement of Democratic candidates and policies is more likely to indicate a Democratic voter.**": {"hypothesis": "**Strong endorsement of Democratic candidates and policies is more likely to indicate a Democratic voter.**", "acc": 0.1, "num_visits": 20, "reward": 0.2935113780102475, "correct_examples": [[4, "likely democratic voter"], [6, "likely third-party/abstain voter"]]}, "**Expression of Support for Progressive Policies**: People who express strong support for progressive policies, such as universal healthcare, social justice initiatives, or criticism of the two-party system, are more likely to be Democratic voters.": {"hypothesis": "**Expression of Support for Progressive Policies**: People who express strong support for progressive policies, such as universal healthcare, social justice initiatives, or criticism of the two-party system, are more likely to be Democratic voters.", "acc": 0.0, "num_visits": 10, "reward": 0.2736664152555987, "correct_examples": []}, "**Praise for Bipartisan Efforts**: People who praise bipartisan efforts, such as the passage of the bipartisan infrastructure bill, are more likely to be Democratic voters, even if they express some conservative leanings.": {"hypothesis": "**Praise for Bipartisan Efforts**: People who praise bipartisan efforts, such as the passage of the bipartisan infrastructure bill, are more likely to be Democratic voters, even if they express some conservative leanings.", "acc": 0.0, "num_visits": 10, "reward": 0.2736664152555987, "correct_examples": []}, "**Criticism of Conservative Policies**: Individuals who criticize conservative policies, such as those related to the Supreme Court or social issues, are more likely to be Democratic voters, even if they express some frustration with the current political system.": {"hypothesis": "**Criticism of Conservative Policies**: Individuals who criticize conservative policies, such as those related to the Supreme Court or social issues, are more likely to be Democratic voters, even if they express some frustration with the current political system.", "acc": 0.0, "num_visits": 10, "reward": 0.2736664152555987, "correct_examples": []}, "**Criticism of the two-party system and a desire for change, without specific policy mentions, is more likely to indicate a Republican voter.**": {"hypothesis": "**Criticism of the two-party system and a desire for change, without specific policy mentions, is more likely to indicate a Republican voter.**", "acc": 0.05, "num_visits": 20, "reward": 0.24351137801024747, "correct_examples": [[4, "likely democratic voter"]]}}