{"**Criticism of Specific Policies and Stances**: People who criticize specific policies or stances of one major party while supporting the other are more likely to be aligned with the party they support. For example, criticizing the lack of praise for Biden's climate change policy while supporting conservative values suggests a third-party or abstain voter.": {"hypothesis": "**Criticism of Specific Policies and Stances**: People who criticize specific policies or stances of one major party while supporting the other are more likely to be aligned with the party they support. For example, criticizing the lack of praise for Biden's climate change policy while supporting conservative values suggests a third-party or abstain voter.", "acc": 0.3888888888888889, "num_visits": 18, "reward": 0.631802203389755, "correct_examples": [[53, "likely third-party/abstain voter"], [55, "likely third-party/abstain voter"], [56, "likely third-party/abstain voter"], [58, "likely third-party/abstain voter"], [62, "likely democratic voter"], [63, "likely third-party/abstain voter"], [69, "likely third-party/abstain voter"]]}, "**Positive or Negative Sentiment Towards Bipartisan Efforts**: People who express positive sentiment towards bipartisan efforts, such as the passage of the bipartisan infrastructure bill, are more likely to be democratic voters. Conversely, those who express frustration with the lack of celebration of such efforts are more likely to be republican voters.": {"hypothesis": "**Positive or Negative Sentiment Towards Bipartisan Efforts**: People who express positive sentiment towards bipartisan efforts, such as the passage of the bipartisan infrastructure bill, are more likely to be democratic voters. Conversely, those who express frustration with the lack of celebration of such efforts are more likely to be republican voters.", "acc": 0.3333333333333333, "num_visits": 18, "reward": 0.5762466478341994, "correct_examples": [[53, "likely third-party/abstain voter"], [55, "likely third-party/abstain voter"], [57, "likely democratic voter"], [61, "likely democratic voter"], [62, "likely democratic voter"], [69, "likely third-party/abstain voter"]]}, "**Criticism of Mainstream Political Parties**: People who strongly criticize mainstream political parties and express support for candidates who challenge the status quo are more likely to be democratic voters. For example, criticizing the promotion of universal healthcare from the other side while supporting candidates who criticize mainstream parties suggests a democratic voter.": {"hypothesis": "**Criticism of Mainstream Political Parties**: People who strongly criticize mainstream political parties and express support for candidates who challenge the status quo are more likely to be democratic voters. For example, criticizing the promotion of universal healthcare from the other side while supporting candidates who criticize mainstream parties suggests a democratic voter.", "acc": 0.2777777777777778, "num_visits": 18, "reward": 0.5206910922786439, "correct_examples": [[55, "likely third-party/abstain voter"], [57, "likely democratic voter"], [61, "likely democratic voter"], [62, "likely democratic voter"], [65, "likely democratic voter"]]}, "**Emphasis on Specific Issues**: People who emphasize specific issues such as immigration reform, tax cuts, or the Second Amendment in their tweets are more likely to align with the party that supports those issues. For example, supporting immigration reform while criticizing the two-party system suggests a third-party or abstain voter.": {"hypothesis": "**Emphasis on Specific Issues**: People who emphasize specific issues such as immigration reform, tax cuts, or the Second Amendment in their tweets are more likely to align with the party that supports those issues. For example, supporting immigration reform while criticizing the two-party system suggests a third-party or abstain voter.", "acc": 0.3333333333333333, "num_visits": 18, "reward": 0.5762466478341994, "correct_examples": [[53, "likely third-party/abstain voter"], [55, "likely third-party/abstain voter"], [56, "likely third-party/abstain voter"], [62, "likely democratic voter"], [63, "likely third-party/abstain voter"], [69, "likely third-party/abstain voter"]]}, "**Criticism of Mainstream Political Parties and Alignment with Values:** People who criticize mainstream political parties and express a strong alignment with their values, especially when they are unsure about voting, are more likely to be Democratic voters.": {"hypothesis": "**Criticism of Mainstream Political Parties and Alignment with Values:** People who criticize mainstream political parties and express a strong alignment with their values, especially when they are unsure about voting, are more likely to be Democratic voters.", "acc": 0.32142857142857145, "num_visits": 28, "reward": 0.5161925137602659, "correct_examples": [[43, "likely democratic voter"], [47, "likely democratic voter"], [48, "likely democratic voter"], [50, "likely democratic voter"], [57, "likely democratic voter"], [60, "likely democratic voter"], [61, "likely democratic voter"], [62, "likely democratic voter"], [65, "likely democratic voter"]]}, "**Frustration with Current Politics and Uncertainty About Voting**: If a tweet expresses significant frustration with the current state of politics and uncertainty about voting, the person is likely to be a Democratic voter, as this sentiment is often associated with a desire for change and a willingness to consider multiple options, including non-voting or third-party candidates.": {"hypothesis": "**Frustration with Current Politics and Uncertainty About Voting**: If a tweet expresses significant frustration with the current state of politics and uncertainty about voting, the person is likely to be a Democratic voter, as this sentiment is often associated with a desire for change and a willingness to consider multiple options, including non-voting or third-party candidates.", "acc": 0.42, "num_visits": 50, "reward": 0.5657479887005196, "correct_examples": [[20, "likely democratic voter"], [22, "likely democratic voter"], [23, "likely democratic voter"], [24, "likely democratic voter"], [25, "likely democratic voter"], [31, "likely democratic voter"], [35, "likely democratic voter"], [36, "likely democratic voter"], [38, "likely democratic voter"], [39, "likely democratic voter"], [40, "likely democratic voter"], [41, "likely democratic voter"], [43, "likely democratic voter"], [48, "likely democratic voter"], [50, "likely democratic voter"], [60, "likely democratic voter"], [61, "likely democratic voter"], [62, "likely democratic voter"], [65, "likely democratic voter"], [66, "likely democratic voter"], [69, "likely third-party/abstain voter"]]}, "**Expression of frustration with the two-party system and a desire for third-party alternatives is more common among Republican voters.**": {"hypothesis": "**Expression of frustration with the two-party system and a desire for third-party alternatives is more common among Republican voters.**", "acc": 0.39473684210526316, "num_visits": 38, "reward": 0.5619212510447035, "correct_examples": [[32, "likely republican voter"], [37, "likely republican voter"], [39, "likely democratic voter"], [42, "likely republican voter"], [44, "likely republican voter"], [49, "likely republican voter"], [52, "likely republican voter"], [54, "likely republican voter"], [55, "likely third-party/abstain voter"], [59, "likely republican voter"], [61, "likely democratic voter"], [62, "likely democratic voter"], [64, "likely republican voter"], [67, "likely republican voter"], [68, "likely republican voter"]]}, "**Frustration with the Two-Party System and Support for Third-Party Candidates**: People who express frustration with the two-party system and a desire to support third-party candidates are more likely to be third-party or abstain voters.": {"hypothesis": "**Frustration with the Two-Party System and Support for Third-Party Candidates**: People who express frustration with the two-party system and a desire to support third-party candidates are more likely to be third-party or abstain voters.", "acc": 0.2, "num_visits": 15, "reward": 0.4647228934625465, "correct_examples": [[55, "likely third-party/abstain voter"], [56, "likely third-party/abstain voter"], [62, "likely democratic voter"]]}, "**Uncertainty about voting and a leaning towards non-voting as a form of protest is more likely to indicate a Democratic voter.**": {"hypothesis": "**Uncertainty about voting and a leaning towards non-voting as a form of protest is more likely to indicate a Democratic voter.**", "acc": 0.3684210526315789, "num_visits": 38, "reward": 0.5356054615710192, "correct_examples": [[35, "likely democratic voter"], [36, "likely democratic voter"], [38, "likely democratic voter"], [39, "likely democratic voter"], [41, "likely democratic voter"], [43, "likely democratic voter"], [48, "likely democratic voter"], [50, "likely democratic voter"], [60, "likely democratic voter"], [61, "likely democratic voter"], [62, "likely democratic voter"], [65, "likely democratic voter"], [66, "likely democratic voter"], [69, "likely third-party/abstain voter"]]}, "**Expression of uncertainty about voting and consideration of non-voting as a form of protest is more likely to indicate a Democratic voter.**": {"hypothesis": "**Expression of uncertainty about voting and consideration of non-voting as a form of protest is more likely to indicate a Democratic voter.**", "acc": 0.4, "num_visits": 70, "reward": 0.5231795327683679, "correct_examples": [[2, "likely democratic voter"], [3, "likely democratic voter"], [4, "likely democratic voter"], [7, "likely democratic voter"], [12, "likely democratic voter"], [16, "likely democratic voter"], [19, "likely democratic voter"], [20, "likely democratic voter"], [22, "likely democratic voter"], [23, "likely democratic voter"], [24, "likely democratic voter"], [25, "likely democratic voter"], [31, "likely democratic voter"], [35, "likely democratic voter"], [36, "likely democratic voter"], [38, "likely democratic voter"], [39, "likely democratic voter"], [40, "likely democratic voter"], [41, "likely democratic voter"], [43, "likely democratic voter"], [48, "likely democratic voter"], [50, "likely democratic voter"], [60, "likely democratic voter"], [61, "likely democratic voter"], [62, "likely democratic voter"], [65, "likely democratic voter"], [66, "likely democratic voter"], [69, "likely third-party/abstain voter"]]}, "**Mention of non-voting as a form of protest and alignment with values is more likely to indicate a Democratic voter.**": {"hypothesis": "**Mention of non-voting as a form of protest and alignment with values is more likely to indicate a Democratic voter.**", "acc": 0.35384615384615387, "num_visits": 65, "reward": 0.4816755961338149, "correct_examples": [[2, "likely democratic voter"], [3, "likely democratic voter"], [4, "likely democratic voter"], [7, "likely democratic voter"], [20, "likely democratic voter"], [22, "likely democratic voter"], [23, "likely democratic voter"], [24, "likely democratic voter"], [25, "likely democratic voter"], [31, "likely democratic voter"], [35, "likely democratic voter"], [36, "likely democratic voter"], [38, "likely democratic voter"], [39, "likely democratic voter"], [40, "likely democratic voter"], [41, "likely democratic voter"], [43, "likely democratic voter"], [47, "likely democratic voter"], [48, "likely democratic voter"], [50, "likely democratic voter"], [60, "likely democratic voter"], [61, "likely democratic voter"], [69, "likely third-party/abstain voter"]]}, "**Support for Non-Voting as a Form of Protest**: If a tweet expresses support for non-voting as a form of protest, the person is likely to be a Democratic voter, especially if the tweet also criticizes specific Republican policies or actions, indicating a strong dissatisfaction with the current political landscape.": {"hypothesis": "**Support for Non-Voting as a Form of Protest**: If a tweet expresses support for non-voting as a form of protest, the person is likely to be a Democratic voter, especially if the tweet also criticizes specific Republican policies or actions, indicating a strong dissatisfaction with the current political landscape.", "acc": 0.2619047619047619, "num_visits": 42, "reward": 0.4186410885857802, "correct_examples": [[20, "likely democratic voter"], [24, "likely democratic voter"], [25, "likely democratic voter"], [31, "likely democratic voter"], [35, "likely democratic voter"], [39, "likely democratic voter"], [40, "likely democratic voter"], [43, "likely democratic voter"], [48, "likely democratic voter"], [50, "likely democratic voter"], [60, "likely democratic voter"]]}, "**Support for Gun Rights and Criticism of Universal Healthcare:** People who strongly support gun rights and criticize the promotion of universal healthcare, even if they praise policies like climate change, are more likely to be third-party or abstain voters.": {"hypothesis": "**Support for Gun Rights and Criticism of Universal Healthcare:** People who strongly support gun rights and criticize the promotion of universal healthcare, even if they praise policies like climate change, are more likely to be third-party or abstain voters.", "acc": 0.15789473684210525, "num_visits": 19, "reward": 0.3909277812869326, "correct_examples": [[51, "likely third-party/abstain voter"], [53, "likely third-party/abstain voter"], [55, "likely third-party/abstain voter"]]}, "**Emphasis on Conservative Values**: If a tweet emphasizes support for conservative values, such as fiscal responsibility, traditional values, or strong national defense, the person is likely to be a Democratic voter, despite the apparent contradiction, due to the context of the tweet and the specific issues mentioned.": {"hypothesis": "**Emphasis on Conservative Values**: If a tweet emphasizes support for conservative values, such as fiscal responsibility, traditional values, or strong national defense, the person is likely to be a Democratic voter, despite the apparent contradiction, due to the context of the tweet and the specific issues mentioned.", "acc": 0.225, "num_visits": 40, "reward": 0.3849676639633402, "correct_examples": [[20, "likely democratic voter"], [22, "likely democratic voter"], [25, "likely democratic voter"], [30, "likely democratic voter"], [31, "likely democratic voter"], [34, "likely democratic voter"], [39, "likely democratic voter"], [40, "likely democratic voter"], [55, "likely third-party/abstain voter"]]}, "**Mention of Democratic or Progressive Values**: If a tweet expresses support for or alignment with Democratic or progressive values, such as universal healthcare, social justice, or environmental policies, the person is likely to be a Democratic voter.": {"hypothesis": "**Mention of Democratic or Progressive Values**: If a tweet expresses support for or alignment with Democratic or progressive values, such as universal healthcare, social justice, or environmental policies, the person is likely to be a Democratic voter.", "acc": 0.21951219512195122, "num_visits": 41, "reward": 0.3781484254331513, "correct_examples": [[20, "likely democratic voter"], [25, "likely democratic voter"], [31, "likely democratic voter"], [33, "likely third-party/abstain voter"], [39, "likely democratic voter"], [40, "likely democratic voter"], [46, "likely third-party/abstain voter"], [53, "likely third-party/abstain voter"], [55, "likely third-party/abstain voter"]]}, "**Advocacy for Universal Healthcare and Support for Bipartisan Achievements:** People who advocate for universal healthcare and express support for bipartisan achievements, such as the infrastructure bill, are more likely to be Democratic voters.": {"hypothesis": "**Advocacy for Universal Healthcare and Support for Bipartisan Achievements:** People who advocate for universal healthcare and express support for bipartisan achievements, such as the infrastructure bill, are more likely to be Democratic voters.", "acc": 0.08333333333333333, "num_visits": 12, "reward": 0.3765601505842561, "correct_examples": [[46, "likely third-party/abstain voter"]]}, "**Praise for Biden's Climate Change Policy and Criticism of Conservative Supreme Court Decisions:** People who praise Biden's climate change policy and criticize conservative Supreme Court decisions are more likely to be Republican voters.": {"hypothesis": "**Praise for Biden's Climate Change Policy and Criticism of Conservative Supreme Court Decisions:** People who praise Biden's climate change policy and criticize conservative Supreme Court decisions are more likely to be Republican voters.", "acc": 0.08333333333333333, "num_visits": 12, "reward": 0.37598193747080505, "correct_examples": [[46, "likely third-party/abstain voter"]]}, "**Frustration with the Two-Party System**: Individuals who frequently express frustration with the two-party system and advocate for third-party alternatives are more likely to be Democratic voters, especially if they mention specific progressive policies they support.": {"hypothesis": "**Frustration with the Two-Party System**: Individuals who frequently express frustration with the two-party system and advocate for third-party alternatives are more likely to be Democratic voters, especially if they mention specific progressive policies they support.", "acc": 0.21052631578947367, "num_visits": 38, "reward": 0.3717560415361594, "correct_examples": [[10, "likely democratic voter"], [14, "likely democratic voter"], [15, "likely democratic voter"], [20, "likely democratic voter"], [24, "likely democratic voter"], [31, "likely democratic voter"], [40, "likely democratic voter"], [47, "likely democratic voter"]]}, "**Uncertainty and Frustration with Politics**: People who express uncertainty about their vote and significant frustration with the current state of politics, but lean towards conservative values, are more likely to be Democratic voters, especially if they mention specific issues they care about.": {"hypothesis": "**Uncertainty and Frustration with Politics**: People who express uncertainty about their vote and significant frustration with the current state of politics, but lean towards conservative values, are more likely to be Democratic voters, especially if they mention specific issues they care about.", "acc": 0.1875, "num_visits": 32, "reward": 0.35838166634498514, "correct_examples": [[12, "likely democratic voter"], [20, "likely democratic voter"], [25, "likely democratic voter"], [31, "likely democratic voter"], [39, "likely democratic voter"], [40, "likely democratic voter"]]}, "**Praise for Bipartisan Efforts**: People who praise bipartisan efforts, such as the passage of the bipartisan infrastructure bill, are more likely to be Democratic voters, even if they express some conservative leanings.": {"hypothesis": "**Praise for Bipartisan Efforts**: People who praise bipartisan efforts, such as the passage of the bipartisan infrastructure bill, are more likely to be Democratic voters, even if they express some conservative leanings.", "acc": 0.1724137931034483, "num_visits": 29, "reward": 0.35697393465584276, "correct_examples": [[25, "likely democratic voter"], [26, "likely third-party/abstain voter"], [31, "likely democratic voter"], [33, "likely third-party/abstain voter"], [39, "likely democratic voter"]]}}