{"**Frustration with Current Politics and Uncertainty About Voting**: If a tweet expresses significant frustration with the current state of politics and uncertainty about voting, the person is likely to be a Democratic voter, as this sentiment is often associated with a desire for change and a willingness to consider multiple options, including non-voting or third-party candidates.": {"hypothesis": "**Frustration with Current Politics and Uncertainty About Voting**: If a tweet expresses significant frustration with the current state of politics and uncertainty about voting, the person is likely to be a Democratic voter, as this sentiment is often associated with a desire for change and a willingness to consider multiple options, including non-voting or third-party candidates.", "acc": 0.5, "num_visits": 10, "reward": 0.7915989275384152, "correct_examples": [[20, "likely democratic voter"], [22, "likely democratic voter"], [23, "likely democratic voter"], [24, "likely democratic voter"], [25, "likely democratic voter"]]}, "**Emphasis on Conservative Values**: If a tweet emphasizes support for conservative values, such as fiscal responsibility, traditional values, or strong national defense, the person is likely to be a Democratic voter, despite the apparent contradiction, due to the context of the tweet and the specific issues mentioned.": {"hypothesis": "**Emphasis on Conservative Values**: If a tweet emphasizes support for conservative values, such as fiscal responsibility, traditional values, or strong national defense, the person is likely to be a Democratic voter, despite the apparent contradiction, due to the context of the tweet and the specific issues mentioned.", "acc": 0.3, "num_visits": 10, "reward": 0.5915989275384151, "correct_examples": [[20, "likely democratic voter"], [22, "likely democratic voter"], [25, "likely democratic voter"]]}, "**Support for Non-Voting as a Form of Protest**: If a tweet expresses support for non-voting as a form of protest, the person is likely to be a Democratic voter, especially if the tweet also criticizes specific Republican policies or actions, indicating a strong dissatisfaction with the current political landscape.": {"hypothesis": "**Support for Non-Voting as a Form of Protest**: If a tweet expresses support for non-voting as a form of protest, the person is likely to be a Democratic voter, especially if the tweet also criticizes specific Republican policies or actions, indicating a strong dissatisfaction with the current political landscape.", "acc": 0.3, "num_visits": 10, "reward": 0.5915989275384151, "correct_examples": [[20, "likely democratic voter"], [24, "likely democratic voter"], [25, "likely democratic voter"]]}, "**Expression of uncertainty about voting and consideration of non-voting as a form of protest is more likely to indicate a Democratic voter.**": {"hypothesis": "**Expression of uncertainty about voting and consideration of non-voting as a form of protest is more likely to indicate a Democratic voter.**", "acc": 0.4, "num_visits": 30, "reward": 0.5683547193097102, "correct_examples": [[2, "likely democratic voter"], [3, "likely democratic voter"], [4, "likely democratic voter"], [7, "likely democratic voter"], [12, "likely democratic voter"], [16, "likely democratic voter"], [19, "likely democratic voter"], [20, "likely democratic voter"], [22, "likely democratic voter"], [23, "likely democratic voter"], [24, "likely democratic voter"], [25, "likely democratic voter"]]}, "**Mention of Democratic or Progressive Values**: If a tweet expresses support for or alignment with Democratic or progressive values, such as universal healthcare, social justice, or environmental policies, the person is likely to be a Democratic voter.": {"hypothesis": "**Mention of Democratic or Progressive Values**: If a tweet expresses support for or alignment with Democratic or progressive values, such as universal healthcare, social justice, or environmental policies, the person is likely to be a Democratic voter.", "acc": 0.2, "num_visits": 10, "reward": 0.49159892753841516, "correct_examples": [[20, "likely democratic voter"], [25, "likely democratic voter"]]}, "**Mention of non-voting as a form of protest and alignment with values is more likely to indicate a Democratic voter.**": {"hypothesis": "**Mention of non-voting as a form of protest and alignment with values is more likely to indicate a Democratic voter.**", "acc": 0.3, "num_visits": 30, "reward": 0.4683547193097102, "correct_examples": [[2, "likely democratic voter"], [3, "likely democratic voter"], [4, "likely democratic voter"], [7, "likely democratic voter"], [20, "likely democratic voter"], [22, "likely democratic voter"], [23, "likely democratic voter"], [24, "likely democratic voter"], [25, "likely democratic voter"]]}, "**Frustration with the Two-Party System**: Individuals who frequently express frustration with the two-party system and advocate for third-party alternatives are more likely to be Democratic voters, especially if they mention specific progressive policies they support.": {"hypothesis": "**Frustration with the Two-Party System**: Individuals who frequently express frustration with the two-party system and advocate for third-party alternatives are more likely to be Democratic voters, especially if they mention specific progressive policies they support.", "acc": 0.25, "num_visits": 20, "reward": 0.45619157904913804, "correct_examples": [[10, "likely democratic voter"], [14, "likely democratic voter"], [15, "likely democratic voter"], [20, "likely democratic voter"], [24, "likely democratic voter"]]}, "**Uncertainty and Frustration with Politics**: People who express uncertainty about their vote and significant frustration with the current state of politics, but lean towards conservative values, are more likely to be Democratic voters, especially if they mention specific issues they care about.": {"hypothesis": "**Uncertainty and Frustration with Politics**: People who express uncertainty about their vote and significant frustration with the current state of politics, but lean towards conservative values, are more likely to be Democratic voters, especially if they mention specific issues they care about.", "acc": 0.15, "num_visits": 20, "reward": 0.356191579049138, "correct_examples": [[12, "likely democratic voter"], [20, "likely democratic voter"], [25, "likely democratic voter"]]}, "**Praise for Bipartisan Efforts**: People who praise bipartisan efforts, such as the passage of the bipartisan infrastructure bill, are more likely to be Democratic voters, even if they express some conservative leanings.": {"hypothesis": "**Praise for Bipartisan Efforts**: People who praise bipartisan efforts, such as the passage of the bipartisan infrastructure bill, are more likely to be Democratic voters, even if they express some conservative leanings.", "acc": 0.125, "num_visits": 16, "reward": 0.35552919357094703, "correct_examples": [[25, "likely democratic voter"], [26, "likely third-party/abstain voter"]]}, "**Mention of supporting immigration reform or universal healthcare is more likely to indicate a Democratic voter.**": {"hypothesis": "**Mention of supporting immigration reform or universal healthcare is more likely to indicate a Democratic voter.**", "acc": 0.13333333333333333, "num_visits": 30, "reward": 0.3016880526430435, "correct_examples": [[4, "likely democratic voter"], [6, "likely third-party/abstain voter"], [20, "likely democratic voter"], [25, "likely democratic voter"]]}, "**Criticism of the Two-Party System and Support for Third-Party Candidates**: If a tweet expresses frustration with the two-party system and a desire to support third-party candidates, the person is likely to be a Republican voter, especially if the criticism is directed at specific Republican actions or policies.": {"hypothesis": "**Criticism of the Two-Party System and Support for Third-Party Candidates**: If a tweet expresses frustration with the two-party system and a desire to support third-party candidates, the person is likely to be a Republican voter, especially if the criticism is directed at specific Republican actions or policies.", "acc": 0.0, "num_visits": 10, "reward": 0.29159892753841515, "correct_examples": []}, "**Criticism of the Supreme Court decision that favored conservatives is more likely to indicate a Democratic voter.**": {"hypothesis": "**Criticism of the Supreme Court decision that favored conservatives is more likely to indicate a Democratic voter.**", "acc": 0.1, "num_visits": 30, "reward": 0.26835471930971017, "correct_examples": [[4, "likely democratic voter"], [6, "likely third-party/abstain voter"], [20, "likely democratic voter"]]}, "**Criticism of Conservative Policies**: Individuals who criticize conservative policies, such as those related to the Supreme Court or social issues, are more likely to be Democratic voters, even if they express some frustration with the current political system.": {"hypothesis": "**Criticism of Conservative Policies**: Individuals who criticize conservative policies, such as those related to the Supreme Court or social issues, are more likely to be Democratic voters, even if they express some frustration with the current political system.", "acc": 0.0, "num_visits": 12, "reward": 0.26203676849205126, "correct_examples": []}, "**Frustration with the lack of celebration of bipartisan achievements (e.g., the infrastructure bill) is more likely to indicate a Republican voter.**": {"hypothesis": "**Frustration with the lack of celebration of bipartisan achievements (e.g., the infrastructure bill) is more likely to indicate a Republican voter.**", "acc": 0.08, "num_visits": 25, "reward": 0.26154439859175854, "correct_examples": [[4, "likely democratic voter"], [6, "likely third-party/abstain voter"]]}, "**Frustration with the two-party system and a desire to break away from it is more likely to indicate a third-party or abstain voter.**": {"hypothesis": "**Frustration with the two-party system and a desire to break away from it is more likely to indicate a third-party or abstain voter.**", "acc": 0.07692307692307693, "num_visits": 26, "reward": 0.25776505484170265, "correct_examples": [[4, "likely democratic voter"], [6, "likely third-party/abstain voter"]]}, "**Strong endorsement of Democratic candidates and policies is more likely to indicate a Democratic voter.**": {"hypothesis": "**Strong endorsement of Democratic candidates and policies is more likely to indicate a Democratic voter.**", "acc": 0.07692307692307693, "num_visits": 26, "reward": 0.25776505484170265, "correct_examples": [[4, "likely democratic voter"], [6, "likely third-party/abstain voter"]]}, "**Mention of the Second Amendment and defense of gun rights is more likely to indicate a Republican voter.**": {"hypothesis": "**Mention of the Second Amendment and defense of gun rights is more likely to indicate a Republican voter.**", "acc": 0.07692307692307693, "num_visits": 26, "reward": 0.2568615233960325, "correct_examples": [[4, "likely democratic voter"], [6, "likely third-party/abstain voter"]]}, "**Support for third-party candidates and a focus on policies like universal healthcare is more likely to indicate a third-party or abstain voter.**": {"hypothesis": "**Support for third-party candidates and a focus on policies like universal healthcare is more likely to indicate a third-party or abstain voter.**", "acc": 0.07692307692307693, "num_visits": 26, "reward": 0.2568615233960325, "correct_examples": [[4, "likely democratic voter"], [6, "likely third-party/abstain voter"]]}, "**Expression of Support for Progressive Policies**: People who express strong support for progressive policies, such as universal healthcare, social justice initiatives, or criticism of the two-party system, are more likely to be Democratic voters.": {"hypothesis": "**Expression of Support for Progressive Policies**: People who express strong support for progressive policies, such as universal healthcare, social justice initiatives, or criticism of the two-party system, are more likely to be Democratic voters.", "acc": 0.0, "num_visits": 13, "reward": 0.25574917781889633, "correct_examples": []}, "**Criticism of the two-party system and a desire for change, without specific policy mentions, is more likely to indicate a Republican voter.**": {"hypothesis": "**Criticism of the two-party system and a desire for change, without specific policy mentions, is more likely to indicate a Republican voter.**", "acc": 0.05, "num_visits": 20, "reward": 0.24351137801024747, "correct_examples": [[4, "likely democratic voter"]]}}