{"**Uncertainty about voting and a leaning towards non-voting as a form of protest is more likely to indicate a Democratic voter.**": {"hypothesis": "**Uncertainty about voting and a leaning towards non-voting as a form of protest is more likely to indicate a Democratic voter.**", "acc": 0.3888888888888889, "num_visits": 18, "reward": 0.6219846907669336, "correct_examples": [[35, "likely democratic voter"], [36, "likely democratic voter"], [38, "likely democratic voter"], [39, "likely democratic voter"], [41, "likely democratic voter"], [43, "likely democratic voter"], [48, "likely democratic voter"]]}, "**Frustration with Current Politics and Uncertainty About Voting**: If a tweet expresses significant frustration with the current state of politics and uncertainty about voting, the person is likely to be a Democratic voter, as this sentiment is often associated with a desire for change and a willingness to consider multiple options, including non-voting or third-party candidates.": {"hypothesis": "**Frustration with Current Politics and Uncertainty About Voting**: If a tweet expresses significant frustration with the current state of politics and uncertainty about voting, the person is likely to be a Democratic voter, as this sentiment is often associated with a desire for change and a willingness to consider multiple options, including non-voting or third-party candidates.", "acc": 0.4666666666666667, "num_visits": 30, "reward": 0.6472218984155729, "correct_examples": [[20, "likely democratic voter"], [22, "likely democratic voter"], [23, "likely democratic voter"], [24, "likely democratic voter"], [25, "likely democratic voter"], [31, "likely democratic voter"], [35, "likely democratic voter"], [36, "likely democratic voter"], [38, "likely democratic voter"], [39, "likely democratic voter"], [40, "likely democratic voter"], [41, "likely democratic voter"], [43, "likely democratic voter"], [48, "likely democratic voter"]]}, "**Expression of frustration with the two-party system and a desire for third-party alternatives is more common among Republican voters.**": {"hypothesis": "**Expression of frustration with the two-party system and a desire for third-party alternatives is more common among Republican voters.**", "acc": 0.3333333333333333, "num_visits": 18, "reward": 0.566429135211378, "correct_examples": [[32, "likely republican voter"], [37, "likely republican voter"], [39, "likely democratic voter"], [42, "likely republican voter"], [44, "likely republican voter"], [49, "likely republican voter"]]}, "**Expression of uncertainty about voting and consideration of non-voting as a form of protest is more likely to indicate a Democratic voter.**": {"hypothesis": "**Expression of uncertainty about voting and consideration of non-voting as a form of protest is more likely to indicate a Democratic voter.**", "acc": 0.42, "num_visits": 50, "reward": 0.5598574811268269, "correct_examples": [[2, "likely democratic voter"], [3, "likely democratic voter"], [4, "likely democratic voter"], [7, "likely democratic voter"], [12, "likely democratic voter"], [16, "likely democratic voter"], [19, "likely democratic voter"], [20, "likely democratic voter"], [22, "likely democratic voter"], [23, "likely democratic voter"], [24, "likely democratic voter"], [25, "likely democratic voter"], [31, "likely democratic voter"], [35, "likely democratic voter"], [36, "likely democratic voter"], [38, "likely democratic voter"], [39, "likely democratic voter"], [40, "likely democratic voter"], [41, "likely democratic voter"], [43, "likely democratic voter"], [48, "likely democratic voter"]]}, "**Emphasis on Conservative Values**: If a tweet emphasizes support for conservative values, such as fiscal responsibility, traditional values, or strong national defense, the person is likely to be a Democratic voter, despite the apparent contradiction, due to the context of the tweet and the specific issues mentioned.": {"hypothesis": "**Emphasis on Conservative Values**: If a tweet emphasizes support for conservative values, such as fiscal responsibility, traditional values, or strong national defense, the person is likely to be a Democratic voter, despite the apparent contradiction, due to the context of the tweet and the specific issues mentioned.", "acc": 0.26666666666666666, "num_visits": 30, "reward": 0.4472218984155728, "correct_examples": [[20, "likely democratic voter"], [22, "likely democratic voter"], [25, "likely democratic voter"], [30, "likely democratic voter"], [31, "likely democratic voter"], [34, "likely democratic voter"], [39, "likely democratic voter"], [40, "likely democratic voter"]]}, "**Mention of non-voting as a form of protest and alignment with values is more likely to indicate a Democratic voter.**": {"hypothesis": "**Mention of non-voting as a form of protest and alignment with values is more likely to indicate a Democratic voter.**", "acc": 0.38, "num_visits": 50, "reward": 0.5198574811268268, "correct_examples": [[2, "likely democratic voter"], [3, "likely democratic voter"], [4, "likely democratic voter"], [7, "likely democratic voter"], [20, "likely democratic voter"], [22, "likely democratic voter"], [23, "likely democratic voter"], [24, "likely democratic voter"], [25, "likely democratic voter"], [31, "likely democratic voter"], [35, "likely democratic voter"], [36, "likely democratic voter"], [38, "likely democratic voter"], [39, "likely democratic voter"], [40, "likely democratic voter"], [41, "likely democratic voter"], [43, "likely democratic voter"], [47, "likely democratic voter"], [48, "likely democratic voter"]]}, "**Support for Non-Voting as a Form of Protest**: If a tweet expresses support for non-voting as a form of protest, the person is likely to be a Democratic voter, especially if the tweet also criticizes specific Republican policies or actions, indicating a strong dissatisfaction with the current political landscape.": {"hypothesis": "**Support for Non-Voting as a Form of Protest**: If a tweet expresses support for non-voting as a form of protest, the person is likely to be a Democratic voter, especially if the tweet also criticizes specific Republican policies or actions, indicating a strong dissatisfaction with the current political landscape.", "acc": 0.3, "num_visits": 30, "reward": 0.48055523174890613, "correct_examples": [[20, "likely democratic voter"], [24, "likely democratic voter"], [25, "likely democratic voter"], [31, "likely democratic voter"], [35, "likely democratic voter"], [39, "likely democratic voter"], [40, "likely democratic voter"], [43, "likely democratic voter"], [48, "likely democratic voter"]]}, "**Praising specific policies or actions of a Democratic administration, while still expressing frustration with the two-party system, is more likely to indicate a Democratic voter.**": {"hypothesis": "**Praising specific policies or actions of a Democratic administration, while still expressing frustration with the two-party system, is more likely to indicate a Democratic voter.**", "acc": 0.11764705882352941, "num_visits": 17, "reward": 0.3568805252173501, "correct_examples": [[34, "likely democratic voter"], [39, "likely democratic voter"]]}, "**Mention of Democratic or Progressive Values**: If a tweet expresses support for or alignment with Democratic or progressive values, such as universal healthcare, social justice, or environmental policies, the person is likely to be a Democratic voter.": {"hypothesis": "**Mention of Democratic or Progressive Values**: If a tweet expresses support for or alignment with Democratic or progressive values, such as universal healthcare, social justice, or environmental policies, the person is likely to be a Democratic voter.", "acc": 0.23333333333333334, "num_visits": 30, "reward": 0.4138885650822395, "correct_examples": [[20, "likely democratic voter"], [25, "likely democratic voter"], [31, "likely democratic voter"], [33, "likely third-party/abstain voter"], [39, "likely democratic voter"], [40, "likely democratic voter"], [46, "likely third-party/abstain voter"]]}, "**Criticism of mainstream political parties, especially in the context of opposing tax cuts for corporations and social justice initiatives, is more likely to indicate a third-party or abstain voter.**": {"hypothesis": "**Criticism of mainstream political parties, especially in the context of opposing tax cuts for corporations and social justice initiatives, is more likely to indicate a third-party or abstain voter.**", "acc": 0.07692307692307693, "num_visits": 13, "reward": 0.3512061636106249, "correct_examples": [[33, "likely third-party/abstain voter"]]}, "**Strong support for conservative values and policies, even when there is criticism of the two-party system, is more likely to indicate a Democratic voter.**": {"hypothesis": "**Strong support for conservative values and policies, even when there is criticism of the two-party system, is more likely to indicate a Democratic voter.**", "acc": 0.08333333333333333, "num_visits": 12, "reward": 0.36575741592342714, "correct_examples": [[34, "likely democratic voter"]]}, "**Frustration with the Two-Party System**: Individuals who frequently express frustration with the two-party system and advocate for third-party alternatives are more likely to be Democratic voters, especially if they mention specific progressive policies they support.": {"hypothesis": "**Frustration with the Two-Party System**: Individuals who frequently express frustration with the two-party system and advocate for third-party alternatives are more likely to be Democratic voters, especially if they mention specific progressive policies they support.", "acc": 0.2222222222222222, "num_visits": 36, "reward": 0.38704584439630363, "correct_examples": [[10, "likely democratic voter"], [14, "likely democratic voter"], [15, "likely democratic voter"], [20, "likely democratic voter"], [24, "likely democratic voter"], [31, "likely democratic voter"], [40, "likely democratic voter"], [47, "likely democratic voter"]]}, "**Praise for Bipartisan Efforts**: People who praise bipartisan efforts, such as the passage of the bipartisan infrastructure bill, are more likely to be Democratic voters, even if they express some conservative leanings.": {"hypothesis": "**Praise for Bipartisan Efforts**: People who praise bipartisan efforts, such as the passage of the bipartisan infrastructure bill, are more likely to be Democratic voters, even if they express some conservative leanings.", "acc": 0.17857142857142858, "num_visits": 28, "reward": 0.3612516140411296, "correct_examples": [[25, "likely democratic voter"], [26, "likely third-party/abstain voter"], [31, "likely democratic voter"], [33, "likely third-party/abstain voter"], [39, "likely democratic voter"]]}, "**Uncertainty and Frustration with Politics**: People who express uncertainty about their vote and significant frustration with the current state of politics, but lean towards conservative values, are more likely to be Democratic voters, especially if they mention specific issues they care about.": {"hypothesis": "**Uncertainty and Frustration with Politics**: People who express uncertainty about their vote and significant frustration with the current state of politics, but lean towards conservative values, are more likely to be Democratic voters, especially if they mention specific issues they care about.", "acc": 0.1875, "num_visits": 32, "reward": 0.35838166634498514, "correct_examples": [[12, "likely democratic voter"], [20, "likely democratic voter"], [25, "likely democratic voter"], [31, "likely democratic voter"], [39, "likely democratic voter"], [40, "likely democratic voter"]]}, "**Mention of supporting immigration reform or universal healthcare is more likely to indicate a Democratic voter.**": {"hypothesis": "**Mention of supporting immigration reform or universal healthcare is more likely to indicate a Democratic voter.**", "acc": 0.15, "num_visits": 40, "reward": 0.3028412088223299, "correct_examples": [[4, "likely democratic voter"], [6, "likely third-party/abstain voter"], [20, "likely democratic voter"], [25, "likely democratic voter"], [31, "likely democratic voter"], [40, "likely democratic voter"]]}, "**Criticism of the Two-Party System and Support for Third-Party Candidates**: If a tweet expresses frustration with the two-party system and a desire to support third-party candidates, the person is likely to be a Republican voter, especially if the criticism is directed at specific Republican actions or policies.": {"hypothesis": "**Criticism of the Two-Party System and Support for Third-Party Candidates**: If a tweet expresses frustration with the two-party system and a desire to support third-party candidates, the person is likely to be a Republican voter, especially if the criticism is directed at specific Republican actions or policies.", "acc": 0.0, "num_visits": 12, "reward": 0.27722131103874453, "correct_examples": []}, "**Criticism of the Supreme Court decision that favored conservatives is more likely to indicate a Democratic voter.**": {"hypothesis": "**Criticism of the Supreme Court decision that favored conservatives is more likely to indicate a Democratic voter.**", "acc": 0.1, "num_visits": 30, "reward": 0.26835471930971017, "correct_examples": [[4, "likely democratic voter"], [6, "likely third-party/abstain voter"], [20, "likely democratic voter"]]}, "**Criticism of Conservative Policies**: Individuals who criticize conservative policies, such as those related to the Supreme Court or social issues, are more likely to be Democratic voters, even if they express some frustration with the current political system.": {"hypothesis": "**Criticism of Conservative Policies**: Individuals who criticize conservative policies, such as those related to the Supreme Court or social issues, are more likely to be Democratic voters, even if they express some frustration with the current political system.", "acc": 0.0, "num_visits": 12, "reward": 0.26203676849205126, "correct_examples": []}, "**Frustration with the lack of celebration of bipartisan achievements (e.g., the infrastructure bill) is more likely to indicate a Republican voter.**": {"hypothesis": "**Frustration with the lack of celebration of bipartisan achievements (e.g., the infrastructure bill) is more likely to indicate a Republican voter.**", "acc": 0.08, "num_visits": 25, "reward": 0.26154439859175854, "correct_examples": [[4, "likely democratic voter"], [6, "likely third-party/abstain voter"]]}, "**Frustration with the two-party system and a desire to break away from it is more likely to indicate a third-party or abstain voter.**": {"hypothesis": "**Frustration with the two-party system and a desire to break away from it is more likely to indicate a third-party or abstain voter.**", "acc": 0.07692307692307693, "num_visits": 26, "reward": 0.25776505484170265, "correct_examples": [[4, "likely democratic voter"], [6, "likely third-party/abstain voter"]]}}