{"**Tone and language used to express frustration is indicative of voting preference**: Tweets that use strong, emotive language to express frustration with the two-party system (e.g. \"I'm tired of\", \"I'm fed up with\") are more likely to indicate a voting preference for a major party, while tweets that use more measured language (e.g. \"I'm not a fan of\", \"I'm disappointed with\") are more likely to indicate a voting preference for a third-party candidate.": {"hypothesis": "**Tone and language used to express frustration is indicative of voting preference**: Tweets that use strong, emotive language to express frustration with the two-party system (e.g. \"I'm tired of\", \"I'm fed up with\") are more likely to indicate a voting preference for a major party, while tweets that use more measured language (e.g. \"I'm not a fan of\", \"I'm disappointed with\") are more likely to indicate a voting preference for a third-party candidate.", "acc": 0.3, "num_visits": 10, "reward": 0.5399262956094041, "correct_examples": [[0, "likely third-party/abstain voter"], [2, "likely republican voter"], [8, "likely republican voter"]]}, "**Users who express frustration with the two-party system but also mention a desire for change are more likely to vote for a major party**: Tweets that express frustration with the two-party system but also mention a desire for change or a need for a new approach are more likely to indicate a voting preference for a major party, while tweets that simply express frustration without mentioning a desire for change are more likely to indicate a voting preference for a third-party candidate.": {"hypothesis": "**Users who express frustration with the two-party system but also mention a desire for change are more likely to vote for a major party**: Tweets that express frustration with the two-party system but also mention a desire for change or a need for a new approach are more likely to indicate a voting preference for a major party, while tweets that simply express frustration without mentioning a desire for change are more likely to indicate a voting preference for a third-party candidate.", "acc": 0.2, "num_visits": 10, "reward": 0.4399262956094041, "correct_examples": [[0, "likely third-party/abstain voter"], [2, "likely republican voter"]]}, "**Mention of specific events or issues can override frustration with the two-party system**: Tweets that mention specific events or issues that are strongly associated with a major party (e.g. government shutdown with Republicans, bipartisan infrastructure bill with Democrats) can override the user's expressed frustration with the two-party system and indicate a voting preference for that major party.": {"hypothesis": "**Mention of specific events or issues can override frustration with the two-party system**: Tweets that mention specific events or issues that are strongly associated with a major party (e.g. government shutdown with Republicans, bipartisan infrastructure bill with Democrats) can override the user's expressed frustration with the two-party system and indicate a voting preference for that major party.", "acc": 0.5, "num_visits": 10, "reward": 0.739926295609404, "correct_examples": [[0, "likely third-party/abstain voter"], [2, "likely republican voter"], [3, "likely democratic voter"], [8, "likely republican voter"], [9, "likely republican voter"]]}, "**Users who mention specific ideologies or values are more likely to vote for a major party**: Tweets that mention specific ideologies or values that are commonly associated with a major party (e.g. \"I'm a strong supporter of those who promote limited government\", \"I believe in the importance of social justice\") are more likely to indicate a voting preference for that major party, even if the user expresses frustration with the two-party system.\n\nThese hypotheses attempt to capture the nuances in the provided examples and provide a more accurate mapping of inputs to outputs.": {"hypothesis": "**Users who mention specific ideologies or values are more likely to vote for a major party**: Tweets that mention specific ideologies or values that are commonly associated with a major party (e.g. \"I'm a strong supporter of those who promote limited government\", \"I believe in the importance of social justice\") are more likely to indicate a voting preference for that major party, even if the user expresses frustration with the two-party system.\n\nThese hypotheses attempt to capture the nuances in the provided examples and provide a more accurate mapping of inputs to outputs.", "acc": 0.4, "num_visits": 10, "reward": 0.6399262956094041, "correct_examples": [[0, "likely third-party/abstain voter"], [2, "likely republican voter"], [8, "likely republican voter"], [9, "likely republican voter"]]}, "**Frustration with the two-party system is associated with a non-major party voting preference, but only if the user explicitly mentions a specific policy or issue that aligns with a major party**: Tweets that express frustration with the two-party system and mention a specific policy or issue that is commonly associated with a major party (e.g. universal healthcare with Democrats or government shutdown with Republicans) are more likely to indicate a voting preference for that major party.": {"hypothesis": "**Frustration with the two-party system is associated with a non-major party voting preference, but only if the user explicitly mentions a specific policy or issue that aligns with a major party**: Tweets that express frustration with the two-party system and mention a specific policy or issue that is commonly associated with a major party (e.g. universal healthcare with Democrats or government shutdown with Republicans) are more likely to indicate a voting preference for that major party.", "acc": 0.3, "num_visits": 10, "reward": 0.5399262956094041, "correct_examples": [[0, "likely third-party/abstain voter"], [2, "likely republican voter"], [8, "likely republican voter"]]}}