{"**Tone and language used to express frustration is not indicative of voting preference, but rather the target of frustration is**: Tweets that express frustration with the two-party system or the government in general are more likely to indicate a voting preference for a third-party candidate, while tweets that express frustration with a specific party or ideology (e.g. \"Republicans\", \"conservative values\") are more likely to indicate a voting preference for the opposing major party.": {"hypothesis": "**Tone and language used to express frustration is not indicative of voting preference, but rather the target of frustration is**: Tweets that express frustration with the two-party system or the government in general are more likely to indicate a voting preference for a third-party candidate, while tweets that express frustration with a specific party or ideology (e.g. \"Republicans\", \"conservative values\") are more likely to indicate a voting preference for the opposing major party.", "acc": 0.3, "num_visits": 10, "reward": 0.5399262956094041, "correct_examples": [[0, "likely third-party/abstain voter"], [2, "likely republican voter"], [8, "likely republican voter"]]}, "**Mention of specific events or actions is indicative of voting preference**: Tweets that mention specific events or actions (e.g. \"government shutdown\", \"passage of the bipartisan infrastructure bill\") are more likely to indicate a voting preference for a major party, while tweets that do not mention specific events or actions are more likely to indicate a voting preference for a third-party candidate.\n\nNote that these hypotheses are not mutually exclusive, and it's possible that a combination of factors is at play.": {"hypothesis": "**Mention of specific events or actions is indicative of voting preference**: Tweets that mention specific events or actions (e.g. \"government shutdown\", \"passage of the bipartisan infrastructure bill\") are more likely to indicate a voting preference for a major party, while tweets that do not mention specific events or actions are more likely to indicate a voting preference for a third-party candidate.\n\nNote that these hypotheses are not mutually exclusive, and it's possible that a combination of factors is at play.", "acc": 0.3, "num_visits": 10, "reward": 0.5399262956094041, "correct_examples": [[0, "likely third-party/abstain voter"], [2, "likely republican voter"], [8, "likely republican voter"]]}, "**Mention of specific policies is indicative of voting preference**: Tweets that mention specific policies or issues (e.g. \"universal healthcare\", \"government shutdown\", \"conservative values\") are more likely to indicate a voting preference for a major party, while tweets that do not mention specific policies are more likely to indicate a voting preference for a third-party candidate.": {"hypothesis": "**Mention of specific policies is indicative of voting preference**: Tweets that mention specific policies or issues (e.g. \"universal healthcare\", \"government shutdown\", \"conservative values\") are more likely to indicate a voting preference for a major party, while tweets that do not mention specific policies are more likely to indicate a voting preference for a third-party candidate.", "acc": 0.4, "num_visits": 10, "reward": 0.6399262956094041, "correct_examples": [[0, "likely third-party/abstain voter"], [2, "likely republican voter"], [8, "likely republican voter"], [9, "likely republican voter"]]}, "**Language used to express support for third-party candidates is indicative of voting preference**: Tweets that use enthusiastic language to express support for third-party candidates (e.g. \"I'm excited to cast my vote for them\", \"I think their policies are exactly what this country needs\") are more likely to indicate a voting preference for a major party, while tweets that use more measured language to express support for third-party candidates (e.g. \"I think it's important to break away from the two-party system\") are more likely to indicate a voting preference for a third-party candidate.": {"hypothesis": "**Language used to express support for third-party candidates is indicative of voting preference**: Tweets that use enthusiastic language to express support for third-party candidates (e.g. \"I'm excited to cast my vote for them\", \"I think their policies are exactly what this country needs\") are more likely to indicate a voting preference for a major party, while tweets that use more measured language to express support for third-party candidates (e.g. \"I think it's important to break away from the two-party system\") are more likely to indicate a voting preference for a third-party candidate.", "acc": 0.4, "num_visits": 10, "reward": 0.6399262956094041, "correct_examples": [[0, "likely third-party/abstain voter"], [2, "likely republican voter"], [5, "likely republican voter"], [9, "likely republican voter"]]}, "**Self-identification with a party or ideology is indicative of voting preference**: Tweets that explicitly state a preference for a major party or ideology (e.g. \"I'm a strong supporter of those who advocate for third-party alternatives\", \"I'm leaning towards a person who champions conservative values\") are more likely to indicate a voting preference for that party or ideology, while tweets that do not explicitly state a preference are more likely to indicate a voting preference for a third-party candidate.": {"hypothesis": "**Self-identification with a party or ideology is indicative of voting preference**: Tweets that explicitly state a preference for a major party or ideology (e.g. \"I'm a strong supporter of those who advocate for third-party alternatives\", \"I'm leaning towards a person who champions conservative values\") are more likely to indicate a voting preference for that party or ideology, while tweets that do not explicitly state a preference are more likely to indicate a voting preference for a third-party candidate.", "acc": 0.4, "num_visits": 10, "reward": 0.6399262956094041, "correct_examples": [[0, "likely third-party/abstain voter"], [2, "likely republican voter"], [8, "likely republican voter"], [9, "likely republican voter"]]}}