{"**Emphasis on Breaking Away from the Two-Party System**: People who emphasize the importance of breaking away from the two-party system and supporting candidates who truly represent the people are more likely to be third-party voters, but if they also express specific frustrations with Republican actions, they may be Democratic voters.": {"hypothesis": "**Emphasis on Breaking Away from the Two-Party System**: People who emphasize the importance of breaking away from the two-party system and supporting candidates who truly represent the people are more likely to be third-party voters, but if they also express specific frustrations with Republican actions, they may be Democratic voters.", "acc": 0.2, "num_visits": 10, "reward": 0.4399262956094041, "correct_examples": [[2, "likely republican voter"], [8, "likely republican voter"]]}, "**Expression of Frustration with Major Parties and Emphasis on Third-Party Support**: People who express frustration with both major parties and a desire to support third-party candidates are more likely to be third-party or abstain voters.": {"hypothesis": "**Expression of Frustration with Major Parties and Emphasis on Third-Party Support**: People who express frustration with both major parties and a desire to support third-party candidates are more likely to be third-party or abstain voters.", "acc": 0.3, "num_visits": 10, "reward": 0.5399262956094041, "correct_examples": [[0, "likely third-party/abstain voter"], [2, "likely republican voter"], [8, "likely republican voter"]]}, "**Uncertainty and Protests Against Voting**: People who express uncertainty about voting and lean towards non-voting as a form of protest are more likely to be Democratic voters.": {"hypothesis": "**Uncertainty and Protests Against Voting**: People who express uncertainty about voting and lean towards non-voting as a form of protest are more likely to be Democratic voters.", "acc": 0.5, "num_visits": 10, "reward": 0.739926295609404, "correct_examples": [[0, "likely third-party/abstain voter"], [2, "likely republican voter"], [4, "likely democratic voter"], [8, "likely republican voter"], [9, "likely republican voter"]]}, "**Frustration with Specific Political Actions**: People who express frustration with specific actions or inactions of the Republican Party, such as the government shutdown, are more likely to be Democratic voters or third-party voters. Conversely, those who express frustration with the lack of celebration of bipartisan achievements are more likely to be Republican voters.": {"hypothesis": "**Frustration with Specific Political Actions**: People who express frustration with specific actions or inactions of the Republican Party, such as the government shutdown, are more likely to be Democratic voters or third-party voters. Conversely, those who express frustration with the lack of celebration of bipartisan achievements are more likely to be Republican voters.", "acc": 0.2, "num_visits": 10, "reward": 0.4399262956094041, "correct_examples": [[0, "likely third-party/abstain voter"], [2, "likely republican voter"]]}, "**Championing Conservative Values**: People who strongly support conservative values and express frustration with policies such as universal healthcare or defense of Second Amendment rights from the other side are more likely to be Republican voters.": {"hypothesis": "**Championing Conservative Values**: People who strongly support conservative values and express frustration with policies such as universal healthcare or defense of Second Amendment rights from the other side are more likely to be Republican voters.", "acc": 0.3, "num_visits": 10, "reward": 0.5399262956094041, "correct_examples": [[0, "likely third-party/abstain voter"], [2, "likely republican voter"], [8, "likely republican voter"]]}}