{"**Frustration and Policy-Specific Criticisms**:\n   - People who express general frustration with the two-party system and a desire to break away are more likely to be third-party or abstain voters.\n   - If they express specific criticisms of the Republican party, such as the government shutdown, and show a lack of support for conservative policies, they are more likely to be Democratic voters.\n   - If they express specific criticisms of the Democratic party, such as the lack of celebration of bipartisan bills, and show a lack of support for progressive policies, they are more likely to be Republican voters.\n   - If they express frustration with both parties but mention the lack of celebration of bipartisan bills, they are more likely to be Democratic voters.\n   - If they express frustration with both parties but mention the lack of third-party debate presence, they are more likely to be Republican voters.": {"hypothesis": "**Frustration and Policy-Specific Criticisms**:\n   - People who express general frustration with the two-party system and a desire to break away are more likely to be third-party or abstain voters.\n   - If they express specific criticisms of the Republican party, such as the government shutdown, and show a lack of support for conservative policies, they are more likely to be Democratic voters.\n   - If they express specific criticisms of the Democratic party, such as the lack of celebration of bipartisan bills, and show a lack of support for progressive policies, they are more likely to be Republican voters.\n   - If they express frustration with both parties but mention the lack of celebration of bipartisan bills, they are more likely to be Democratic voters.\n   - If they express frustration with both parties but mention the lack of third-party debate presence, they are more likely to be Republican voters.", "acc": 0.4, "num_visits": 10, "reward": 0.6399262956094041, "correct_examples": [[0, "likely third-party/abstain voter"], [2, "likely republican voter"], [8, "likely republican voter"], [9, "likely republican voter"]]}, "**Frustration and Specific Event Criticisms with Party-Specific Language**:\n   - People who express general frustration with the two-party system and a desire to break away are more likely to be third-party or abstain voters.\n   - If they express specific criticisms of the Republican party, such as the government shutdown, and use language that aligns with Democratic values, they are more likely to be Democratic voters.\n   - If they express specific criticisms of the Democratic party, such as the lack of celebration of bipartisan bills, and use language that aligns with Republican values, they are more likely to be Republican voters.\n   - If they express frustration with both parties but mention the lack of celebration of bipartisan bills, they are more likely to be Democratic voters.\n   - If they express frustration with both parties but mention the lack of third-party debate presence, they are more likely to be Republican voters.": {"hypothesis": "**Frustration and Specific Event Criticisms with Party-Specific Language**:\n   - People who express general frustration with the two-party system and a desire to break away are more likely to be third-party or abstain voters.\n   - If they express specific criticisms of the Republican party, such as the government shutdown, and use language that aligns with Democratic values, they are more likely to be Democratic voters.\n   - If they express specific criticisms of the Democratic party, such as the lack of celebration of bipartisan bills, and use language that aligns with Republican values, they are more likely to be Republican voters.\n   - If they express frustration with both parties but mention the lack of celebration of bipartisan bills, they are more likely to be Democratic voters.\n   - If they express frustration with both parties but mention the lack of third-party debate presence, they are more likely to be Republican voters.", "acc": 0.4, "num_visits": 10, "reward": 0.6399262956094041, "correct_examples": [[0, "likely third-party/abstain voter"], [2, "likely republican voter"], [3, "likely democratic voter"], [8, "likely republican voter"]]}, "**General Frustration and Specific Criticisms with Party Alignment**:\n   - People who express general frustration with the two-party system and a desire to break away are more likely to be third-party or abstain voters.\n   - If they express specific criticisms of the Republican party, such as the government shutdown, and show a lack of support for conservative policies, they are more likely to be Democratic voters.\n   - If they express specific criticisms of the Democratic party, such as the lack of celebration of bipartisan bills, and show a lack of support for progressive policies, they are more likely to be Republican voters.\n   - If they express frustration with both parties but lean towards third-party or non-voting as a protest, they are more likely to be Democratic voters.\n   - If they express frustration with both parties but specifically mention the lack of third-party debate presence, they are more likely to be Republican voters.": {"hypothesis": "**General Frustration and Specific Criticisms with Party Alignment**:\n   - People who express general frustration with the two-party system and a desire to break away are more likely to be third-party or abstain voters.\n   - If they express specific criticisms of the Republican party, such as the government shutdown, and show a lack of support for conservative policies, they are more likely to be Democratic voters.\n   - If they express specific criticisms of the Democratic party, such as the lack of celebration of bipartisan bills, and show a lack of support for progressive policies, they are more likely to be Republican voters.\n   - If they express frustration with both parties but lean towards third-party or non-voting as a protest, they are more likely to be Democratic voters.\n   - If they express frustration with both parties but specifically mention the lack of third-party debate presence, they are more likely to be Republican voters.", "acc": 0.3, "num_visits": 10, "reward": 0.5399262956094041, "correct_examples": [[0, "likely third-party/abstain voter"], [2, "likely republican voter"], [7, "likely republican voter"]]}, "**Frustration and Value Alignment**:\n   - People who express general frustration with the two-party system and a desire to break away are more likely to be third-party or abstain voters.\n   - If they express specific criticisms of the Republican party, such as the government shutdown, and show a lack of support for conservative policies, they are more likely to be Democratic voters.\n   - If they express specific criticisms of the Democratic party, such as the lack of celebration of bipartisan bills, and show a lack of support for progressive policies, they are more likely to be Republican voters.\n   - If they express frustration with both parties but align with values of non-voting as a protest, they are more likely to be Democratic voters.\n   - If they express frustration with both parties but align with values of third-party alternatives, they are more likely to be Republican voters.": {"hypothesis": "**Frustration and Value Alignment**:\n   - People who express general frustration with the two-party system and a desire to break away are more likely to be third-party or abstain voters.\n   - If they express specific criticisms of the Republican party, such as the government shutdown, and show a lack of support for conservative policies, they are more likely to be Democratic voters.\n   - If they express specific criticisms of the Democratic party, such as the lack of celebration of bipartisan bills, and show a lack of support for progressive policies, they are more likely to be Republican voters.\n   - If they express frustration with both parties but align with values of non-voting as a protest, they are more likely to be Democratic voters.\n   - If they express frustration with both parties but align with values of third-party alternatives, they are more likely to be Republican voters.", "acc": 0.6, "num_visits": 10, "reward": 0.839926295609404, "correct_examples": [[0, "likely third-party/abstain voter"], [1, "likely republican voter"], [2, "likely republican voter"], [4, "likely democratic voter"], [8, "likely republican voter"], [9, "likely republican voter"]]}, "**Frustration and Specific Event Criticisms with Policy-Specific Language**:\n   - People who express general frustration with the two-party system and a desire to break away are more likely to be third-party or abstain voters.\n   - If they express specific criticisms of the Republican party, such as the government shutdown, and show a lack of support for conservative policies, they are more likely to be Democratic voters.\n   - If they express specific criticisms of the Democratic party, such as the lack of celebration of bipartisan bills, and show a lack of support for progressive policies, they are more likely to be Republican voters.\n   - If they express frustration with both parties but mention the lack of celebration of bipartisan bills and use language that aligns with Democratic values, they are more likely to be Democratic voters.\n   - If they express frustration with both parties but mention the lack of third-party debate presence and use language that aligns with Republican values, they are more likely to be Republican voters.\n\nThese hypotheses aim to capture the nuances in the tweets and better predict the voting preferences based on the expressed sentiments, specific criticisms, and value alignments.": {"hypothesis": "**Frustration and Specific Event Criticisms with Policy-Specific Language**:\n   - People who express general frustration with the two-party system and a desire to break away are more likely to be third-party or abstain voters.\n   - If they express specific criticisms of the Republican party, such as the government shutdown, and show a lack of support for conservative policies, they are more likely to be Democratic voters.\n   - If they express specific criticisms of the Democratic party, such as the lack of celebration of bipartisan bills, and show a lack of support for progressive policies, they are more likely to be Republican voters.\n   - If they express frustration with both parties but mention the lack of celebration of bipartisan bills and use language that aligns with Democratic values, they are more likely to be Democratic voters.\n   - If they express frustration with both parties but mention the lack of third-party debate presence and use language that aligns with Republican values, they are more likely to be Republican voters.\n\nThese hypotheses aim to capture the nuances in the tweets and better predict the voting preferences based on the expressed sentiments, specific criticisms, and value alignments.", "acc": 0.4, "num_visits": 10, "reward": 0.6399262956094041, "correct_examples": [[0, "likely third-party/abstain voter"], [2, "likely republican voter"], [3, "likely democratic voter"], [8, "likely republican voter"]]}}