{"**Customers are more likely to buy shoes that match the color of their hat or shirt, with a preference for the hat if the bag is large and the shirt if the bag is small.**": {"hypothesis": "**Customers are more likely to buy shoes that match the color of their hat or shirt, with a preference for the hat if the bag is large and the shirt if the bag is small.**", "acc": 0.3, "num_visits": 10, "reward": 0.5399262956094041, "correct_examples": [[4, "black"], [6, "white"], [9, "black"]]}, "**Customers are more likely to buy shoes that match the color of their hat, shirt, or bag, with a preference for the hat if the customer is young and the shirt if the customer is old.**\n\nThese hypotheses aim to capture the patterns observed in the given examples.": {"hypothesis": "**Customers are more likely to buy shoes that match the color of their hat, shirt, or bag, with a preference for the hat if the customer is young and the shirt if the customer is old.**\n\nThese hypotheses aim to capture the patterns observed in the given examples.", "acc": 0.5, "num_visits": 10, "reward": 0.739926295609404, "correct_examples": [[3, "orange"], [4, "black"], [5, "green"], [6, "white"], [8, "red"]]}, "**Customers are more likely to buy shoes that match the color of their shirt.**": {"hypothesis": "**Customers are more likely to buy shoes that match the color of their shirt.**", "acc": 0.5, "num_visits": 10, "reward": 0.739926295609404, "correct_examples": [[1, "red"], [2, "green"], [5, "green"], [6, "white"], [9, "black"]]}, "**Customers are more likely to buy shoes that match the color of their hat.**": {"hypothesis": "**Customers are more likely to buy shoes that match the color of their hat.**", "acc": 0.6, "num_visits": 10, "reward": 0.839926295609404, "correct_examples": [[0, "green"], [3, "orange"], [4, "black"], [6, "white"], [7, "orange"], [8, "red"]]}, "**Customers are more likely to buy shoes that match the color of their bag, but only if the bag is small. If the bag is large, they are more likely to buy shoes that match the color of their hat.**": {"hypothesis": "**Customers are more likely to buy shoes that match the color of their bag, but only if the bag is small. If the bag is large, they are more likely to buy shoes that match the color of their hat.**", "acc": 0.2, "num_visits": 10, "reward": 0.4399262956094041, "correct_examples": [[4, "black"], [7, "orange"]]}}