{"Customers with small bags are more likely to buy shoes that match the color of their bag.": {"hypothesis": "Customers with small bags are more likely to buy shoes that match the color of their bag.", "acc": 0.1, "num_visits": 10, "reward": 0.33992629560940407, "correct_examples": [[7, "orange"]]}, "Customers often choose shoes that match the color of their shirt.": {"hypothesis": "Customers often choose shoes that match the color of their shirt.", "acc": 0.5, "num_visits": 10, "reward": 0.739926295609404, "correct_examples": [[1, "red"], [2, "green"], [5, "green"], [6, "white"], [9, "black"]]}, "Customers tend to buy shoes that match the color of their hat.": {"hypothesis": "Customers tend to buy shoes that match the color of their hat.", "acc": 0.6, "num_visits": 10, "reward": 0.839926295609404, "correct_examples": [[0, "green"], [3, "orange"], [4, "black"], [6, "white"], [7, "orange"], [8, "red"]]}, "Older customers are more likely to buy shoes that match the color of their hat or bag.}": {"hypothesis": "Older customers are more likely to buy shoes that match the color of their hat or bag.}", "acc": 0.1, "num_visits": 10, "reward": 0.33992629560940407, "correct_examples": [[7, "orange"]]}, "Young customers are more likely to buy shoes that match the color of their shirt.": {"hypothesis": "Young customers are more likely to buy shoes that match the color of their shirt.", "acc": 0.5, "num_visits": 10, "reward": 0.739926295609404, "correct_examples": [[1, "red"], [2, "green"], [5, "green"], [6, "white"], [9, "black"]]}}