{"**Criticism of the two-party system does not necessarily lead to third-party voting; individuals may still align with major parties despite their dissatisfaction.**": {"hypothesis": "**Criticism of the two-party system does not necessarily lead to third-party voting; individuals may still align with major parties despite their dissatisfaction.**", "acc": 0.2, "num_visits": 15, "reward": 0.46866129048445404, "correct_examples": [[67, "likely third-party/abstain voter"], [70, "likely republican voter"], [59, "likely democratic voter"]]}, "**Uncertainty about voting or considering abstaining as a form of protest may indicate a third-party or Republican leaning.**": {"hypothesis": "**Uncertainty about voting or considering abstaining as a form of protest may indicate a third-party or Republican leaning.**", "acc": 0.375, "num_visits": 32, "reward": 0.5600258984125998, "correct_examples": [[47, "likely third-party/abstain voter"], [49, "likely republican voter"], [53, "likely third-party/abstain voter"], [56, "likely republican voter"], [58, "likely republican voter"], [61, "likely democratic voter"], [62, "likely republican voter"], [67, "likely third-party/abstain voter"], [70, "likely republican voter"], [76, "likely democratic voter"], [78, "likely republican voter"], [79, "likely republican voter"]]}, "Support for third-party debate inclusion may indicate Republican leanings.": {"hypothesis": "Support for third-party debate inclusion may indicate Republican leanings.", "acc": 0.475, "num_visits": 80, "reward": 0.5920206530205496, "correct_examples": [[0, "likely third-party/abstain voter"], [1, "likely republican voter"], [2, "likely republican voter"], [5, "likely republican voter"], [7, "likely republican voter"], [8, "likely republican voter"], [9, "likely republican voter"], [11, "likely republican voter"], [13, "likely republican voter"], [14, "likely republican voter"], [15, "likely democratic voter"], [16, "likely republican voter"], [22, "likely republican voter"], [26, "likely republican voter"], [29, "likely republican voter"], [31, "likely democratic voter"], [34, "likely republican voter"], [36, "likely republican voter"], [37, "likely republican voter"], [39, "likely republican voter"], [40, "likely republican voter"], [41, "likely republican voter"], [46, "likely republican voter"], [47, "likely third-party/abstain voter"], [49, "likely republican voter"], [51, "likely republican voter"], [54, "likely democratic voter"], [56, "likely republican voter"], [57, "likely republican voter"], [58, "likely republican voter"], [62, "likely republican voter"], [67, "likely third-party/abstain voter"], [70, "likely republican voter"], [73, "likely republican voter"], [74, "likely republican voter"], [76, "likely democratic voter"], [78, "likely republican voter"], [79, "likely republican voter"]]}, "Non-voting as protest: In the eighth tweet, considering non-voting is linked to Republican preference. So maybe expressing intent to not vote as a form of protest is more common among Republicans in this dataset.\n\nWait, but I need to make sure these hypotheses are generalizable. So, focusing on specific issues might not be the best because they can vary. Instead, maybe looking at the sentiment towards the policies or the way they express their frustration.\n\nAnother angle: The way they express their support or frustration. For example, if someone is frustrated with the lack of praise for a Democratic policy, they might be Democratic. If they're frustrated with a conservative decision, they might be Democratic as well. So, perhaps the sentiment towards certain policies indicates their party.\n\nAlternatively, the specific issues they care about. For example, climate change is a more Democratic issue, so frustration with its lack of praise might indicate Democratic leaning.\n\nWait, but in the third and fourth tweets, both are frustrated with the same issue (infrastructure bill) but one is Democratic and the other Republican. So, maybe it's not the issue itself, but how they frame it. The first tweet says \"lack of celebration,\" the fourth also says \"lack of celebration.\" But one is Democratic, the other Republican. So that can't be it.\n\nWait, maybe the user's stance on the bill. If they think the bill was good but not celebrated enough, maybe they're Democratic. If they think the bill was bad and not celebrated enough, maybe they're Republican. But in the first tweet, the user is frustrated with the lack of celebration, implying they think the bill was good. So, they're Democratic. In the fourth tweet, same frustration, but the user is Republican. So, maybe the user's party is indicated by their overall sentiment towards the current administration.\n\nWait, the first tweet is frustrated with the lack of celebration of a bipartisan bill. Maybe they're Democratic because they support the bill and think it's not getting enough credit, which is a Democratic achievement. The fourth tweet is also frustrated with the same, but the user is Republican. So, maybe the user's party is determined by their general sentiment towards the current administration. If they're frustrated that a bill isn't celebrated, and the bill is bipartisan, maybe they're Democratic if they support the bill, Republican if they oppose it.\n\nBut without knowing the user's stance on the bill, it's hard to tell. So, perhaps the key is the specific policies they mention. For example, climate change is a Democratic issue, so frustration with its lack of praise indicates Democratic leaning. Infrastructure bill is bipartisan, but if the user is frustrated that it's not celebrated, maybe they support it, which could align with Democrats.\n\nAlternatively, maybe the way they express their intent to vote third-party. If they're voting third-party because they're dissatisfied with the two-party system, but their specific frustrations align with Democratic issues, they might still be Democratic voters.\n\nSo, perhaps the hypothesis is that individuals who express frustration with specific policies or issues typically associated with one party are more likely to vote for that party, even if they plan to vote third-party.\n\nAnother pattern: The use of terms like \"celebration,\" \"praise,\" or \"criticism\" towards certain policies. For example, if someone is frustrated that a Democratic policy isn't getting enough praise, they might be Democratic. If they're frustrated with a conservative decision, they might be Democratic as well.\n\nWait, but in the fifth tweet, the user is frustrated with the lack of criticism of a conservative Supreme Court decision, which indicates they're against it, so they're Democratic.\n\nSo, perhaps the hypothesis is that individuals who express frustration with conservative actions or decisions are more likely to be Democratic voters.\n\nAnother hypothesis could be about the promotion of certain policies. For example, in the sixth tweet, the user is tired of the promotion of universal healthcare, which is a Democratic policy, but they're still a Democratic voter. So, maybe it's not the policy itself, but their sentiment towards it. If they're tired of it being promoted, maybe they're looking for change within the party.\n\nWait, but that might be too specific. Maybe a better approach is to look at the overall sentiment towards the current administration or policies. If someone is frustrated with the current administration's policies, they might vote against them, but in the given examples, it's not clear who is in power.\n\nAlternatively, looking at the language used. For example, using words like \"celebration,\" \"praise,\" or \"frustration\" towards certain issues might indicate their party.\n\nWait, perhaps the key is the specific issues they mention. For example, climate change, infrastructure, Supreme Court decisions. These are issues more closely associated with Democratic or Republican platforms.\n\nSo, if a user is frustrated with the lack of praise for a Democratic issue, they're likely Democratic. If they're frustrated with a Republican issue, they might be Republican.\n\nBut in the fifth tweet, the user is frustrated with a conservative decision, so they're Democratic. In the third and fourth tweets, both are frustrated with the infrastructure bill, but one is Democratic and the other Republican. So, maybe the way they frame their frustration matters.\n\nAlternatively, maybe the number of issues they mention. But that doesn't seem consistent.\n\nAnother angle: The user's stance on third-party voting. If they're voting third-party because they're dissatisfied with both parties but mention specific issues, those issues can indicate their leaning.\n\nWait, in the first tweet, the user is frustrated with the lack of celebration of the infrastructure bill, which is a bipartisan achievement under Biden, so they're likely Democratic. In the fourth tweet, same frustration, but the user is Republican. So, maybe the user's party is determined by their overall sentiment towards the current administration. If they support the bill, they're Democratic; if they oppose it, they're Republican.\n\nBut without knowing their stance, it's hard. So, perhaps the hypothesis is that individuals who express positive sentiments towards policies associated with a particular party are more likely to vote for that party, even if they plan to vote third-party.\n\nWait, but in the first tweet, the user is planning to vote third-party but is still a Democratic voter. So, maybe the specific issues they care about indicate their party, regardless of their voting intention.\n\nSo, perhaps the hypothesis is that individuals who express frustration with issues typically championed by Democrats (e.g., climate change, infrastructure) are more likely to be Democratic voters, even if they plan to vote third-party.\n\nSimilarly, individuals who express frustration with issues associated with Republicans (e.g., conservative Supreme Court decisions) are more likely to be Democratic voters.\n\nWait, but in the fifth tweet, the user is frustrated with a conservative decision, so they're Democratic. In the third and fourth tweets, both are frustrated with the infrastructure bill, but one is Democratic and the other Republican. So, maybe the key is the specific issue and the user's sentiment towards it.\n\nAlternatively, maybe the way they express their voting intention. For example, if they say they're planning to vote third-party because they're dissatisfied with both parties, but their specific frustrations align with one party, they might still vote for that party.\n\nSo, perhaps the hypothesis is that individuals who express dissatisfaction with both major parties but focus their frustration on issues associated with one party are more likely to vote for that party.\n\nAnother hypothesis could be about the mention of specific policies. For example, if a user mentions climate change, they're more likely to be Democratic. If they mention Supreme Court decisions favoring conservatives, they're Democratic as well.\n\nWait, but in the fifth tweet, the user is frustrated with a conservative decision, so they're Democratic. So, maybe expressing frustration with conservative actions indicates Democratic leaning.\n\nSimilarly, in the sixth tweet, the user is tired of universal healthcare promotion, which is a Democratic policy, but they're still Democratic. So, maybe it's not the policy itself, but their sentiment towards it. If they're tired of it being promoted, maybe they're looking for change within the party.\n\nWait, but that might be too specific. Maybe a better approach is to look at the overall sentiment towards the current administration or policies. If someone is frustrated with the current administration's policies, they might vote against them, but in the given examples, it's not clear who is in power.\n\nAlternatively, looking at the language used. For example, using words like \"celebration,\" \"praise,\" or \"frustration\" towards certain issues might indicate their party.\n\nWait, perhaps the key is the specific issues they mention. For example, climate change, infrastructure, Supreme Court decisions. These are issues more closely associated with Democratic or Republican platforms.\n\nSo, if a user is frustrated with the lack of praise for a Democratic issue, they're likely Democratic. If they're frustrated with a Republican issue, they might be Republican.\n\nBut in the fifth tweet, the user is frustrated with a conservative decision, so they're Democratic. In the third and fourth tweets, both are frustrated with the infrastructure bill, but one is Democratic and the other Republican. So, maybe the way they frame their frustration matters.\n\nAlternatively, maybe the number of issues they mention. But that doesn't seem consistent.\n\nAnother angle: The user's stance on third-party voting. If they're voting third-party because they're dissatisfied with both parties but mention specific issues, those issues can indicate their leaning.\n\nWait, in the first tweet, the user is frustrated with the lack of celebration of the infrastructure bill, which is a bipartisan achievement under Biden, so they're likely Democratic. In the fourth tweet, same frustration, but the user is Republican. So, maybe the user's party is determined by their overall sentiment towards the current administration. If they support the bill, they're Democratic; if they oppose it, they're Republican.\n\nBut without knowing their stance, it's hard. So, perhaps the hypothesis is that individuals who express positive sentiments towards policies associated with a particular party are more likely to vote for that party, even if they plan to vote third-party.\n\nWait, but in the first tweet, the user is planning to vote third-party but is still a Democratic voter. So, maybe the specific issues they care about indicate their party, regardless of their voting intention.\n\nSo, perhaps the hypothesis is that individuals who express frustration with issues typically championed by Democrats (e.g., climate change, infrastructure) are more likely to be Democratic voters, even if they plan to vote third-party.\n\nSimilarly, individuals who express frustration with issues associated with Republicans (e.g., conservative Supreme Court decisions) are more likely to be Democratic voters.\n\nWait, but in the fifth tweet, the user is frustrated with a conservative decision, so they're Democratic. In the third and fourth tweets, both are frustrated with the infrastructure bill, but one is Democratic and the other Republican. So, maybe the key is the specific issue and the user's sentiment towards it.\n\nAlternatively, maybe the way they express their voting intention. For example, if they say they're planning to vote third-party because they're dissatisfied with both parties, but their specific frustrations align with one party, they might still vote for that party.\n\nSo, perhaps the hypothesis is that individuals who express dissatisfaction with both major parties but focus their frustration on issues associated with one party are more likely to vote for that party.\n\nAnother hypothesis could be about the mention of specific policies. For example, if a user mentions climate change, they're more likely to be Democratic. If they mention Supreme Court decisions favoring conservatives, they're Democratic as well.\n\nWait, but in the fifth tweet, the user is frustrated with a conservative decision, so they're Democratic. So, maybe expressing frustration with conservative actions indicates Democratic leaning.\n\nSimilarly, in the sixth tweet, the user is tired of universal healthcare promotion, which is a Democratic policy, but they're still Democratic. So, maybe it's not the policy itself, but their sentiment towards it. If they're tired of it being promoted, maybe they're looking for change within the party.\n\nWait, but that might be too specific. Maybe a better approach is to look at the overall sentiment towards the current administration or policies. If someone is frustrated with the current administration's policies, they might vote against them, but in the given examples, it's not clear who is in power.\n\nAlternatively, looking at the language used. For example, using words like \"celebration,\" \"praise,\" or \"frustration\" towards certain issues might indicate their party.\n\nWait, perhaps the key is the specific issues they mention. For example, climate change, infrastructure, Supreme Court decisions. These are issues more closely associated with Democratic or Republican platforms.\n\nSo, if a user is frustrated with the lack of praise for a Democratic issue, they're likely Democratic. If they're frustrated with a Republican issue, they might be Republican.\n\nBut in the fifth tweet, the user is frustrated with a conservative decision, so they're Democratic. In the third and fourth tweets, both are frustrated with the infrastructure bill, but one is Democratic and the other Republican. So, maybe the way they frame their frustration matters.\n\nAlternatively, maybe the number of issues they mention. But that doesn't seem consistent.\n\nAnother angle: The user's stance on third-party voting. If they're voting third-party because they're dissatisfied with both parties but mention specific issues, those issues can indicate their leaning.\n\nWait, in the first tweet, the user is frustrated with the lack of celebration of the infrastructure bill, which is a bipartisan achievement under Biden, so they're likely Democratic. In the fourth tweet, same frustration, but the user is Republican. So, maybe the user's party is determined by their overall sentiment towards the current administration. If they support the bill, they're Democratic; if they oppose it, they're Republican.\n\nBut without knowing their stance, it's hard. So, perhaps the hypothesis is that individuals who express positive sentiments towards policies associated with a particular party are more likely to vote for that party, even if they plan to vote third-party.\n\nWait, but in the first tweet, the user is planning to vote third-party but is still a Democratic voter. So, maybe the specific issues they care about indicate their party, regardless of their voting intention.\n\nSo, perhaps the hypothesis is that individuals who express frustration with issues typically championed by Democrats (e.g., climate change, infrastructure) are more likely to be Democratic voters, even if they plan to vote third-party.\n\nSimilarly, individuals who express frustration with issues associated with Republicans (e.g., conservative Supreme Court decisions) are more likely to be Democratic voters.\n\nWait, but in the fifth tweet, the user is frustrated with a conservative decision, so they're Democratic. In the third and fourth tweets, both are frustrated with the infrastructure bill, but one is Democratic and the other Republican. So, maybe the key is the specific issue and the user's sentiment towards it.\n\nAlternatively, maybe the way they express their voting intention. For example, if they say they're planning to vote third-party because they're dissatisfied with both parties, but their specific frustrations align with one party, they might still vote for that party.\n\nSo, perhaps the hypothesis is that individuals who express dissatisfaction with both major parties but focus their frustration on issues associated with one party are more likely to vote for that party.\n\nAnother hypothesis could be about the mention of specific policies. For example, if a user mentions climate change, they're more likely to be Democratic. If they mention Supreme Court decisions favoring conservatives, they're Democratic as well.\n\nWait, but in the fifth tweet, the user is frustrated with a conservative decision, so they're Democratic. So, maybe expressing frustration with conservative actions indicates Democratic leaning.\n\nSimilarly, in the sixth tweet, the user is tired of universal healthcare promotion, which is a Democratic policy, but they're still Democratic. So, maybe it's not the policy itself, but their sentiment towards it. If they're tired of it being promoted, maybe they're looking for change within the party.\n\nWait, but that might be too specific. Maybe a better approach is to look at the overall sentiment towards the current administration or policies. If someone is frustrated with the current administration's policies, they might vote against them, but in the given examples, it's not clear who is in power.\n\nAlternatively, looking at the language used. For example, using words like \"celebration,\" \"praise,\" or \"frustration\" towards certain issues might indicate their party.\n\nWait, perhaps the key is the specific issues they mention. For example, climate change, infrastructure, Supreme Court decisions. These are issues more closely associated with Democratic or Republican platforms.\n\nSo, if a user is frustrated with the lack of praise for a Democratic issue, they're likely Democratic. If they're frustrated with a Republican issue, they might be Republican.\n\nBut in the fifth tweet, the user is frustrated with a conservative decision, so they're Democratic. In the third and fourth tweets, both are frustrated with the infrastructure bill, but one is Democratic and the other Republican. So, maybe the way they frame their frustration matters.\n\nAlternatively, maybe the number of issues they mention. But that doesn't seem consistent.\n\nAnother angle: The user's stance on third-party voting. If they're voting third-party because they're dissatisfied with both parties but mention specific issues, those issues can indicate their leaning.\n\nWait, in the first tweet, the user is frustrated with the lack of celebration of the infrastructure bill, which is a bipartisan achievement under Biden, so they're likely Democratic. In the fourth tweet, same frustration, but the user is Republican. So, maybe the user's party is determined by their overall sentiment towards the current administration. If they support the bill, they're Democratic; if they oppose it, they're Republican.\n\nBut without knowing their stance, it's hard. So, perhaps the hypothesis is that individuals who express positive sentiments towards policies associated with a particular party are more likely to vote for that party, even if they plan to vote third-party.\n\nWait, but in the first tweet, the user is planning to vote third-party but is still a Democratic voter. So, maybe the specific issues they care about indicate their party, regardless of their voting intention.\n\nSo, perhaps the hypothesis is that individuals who express frustration with issues typically championed by Democrats (e.g., climate change, infrastructure) are more likely to be Democratic voters, even if they plan to vote third-party.\n\nSimilarly, individuals who express frustration with issues associated with Republicans (e.g., conservative Supreme Court decisions) are more likely to be Democratic voters.\n\nWait, but in the fifth tweet, the user is frustrated with a conservative decision, so they're Democratic. In the third and fourth tweets, both are frustrated with the infrastructure bill, but one is Democratic and the other Republican. So, maybe the key is the specific issue and the user's sentiment towards it.\n\nAlternatively, maybe the way they express their voting intention. For example, if they say they're planning to vote third-party because they're dissatisfied with both parties, but their specific frustrations align with one party, they might still vote for that party.\n\nSo, perhaps the hypothesis is that individuals who express dissatisfaction with both major parties but focus their frustration on issues associated with one party are more likely to vote for that party.\n\nAnother hypothesis could be about the mention of specific policies. For example, if a user mentions climate change, they're more likely to be Democratic. If they mention Supreme Court decisions favoring conservatives, they're Democratic as well.\n\nWait, but in the fifth tweet, the user is frustrated with a conservative decision, so they're Democratic. So, maybe expressing frustration with conservative actions indicates Democratic leaning.\n\nSimilarly, in the sixth tweet, the user is tired of universal healthcare promotion, which is a Democratic policy, but they're still Democratic. So, maybe it's not the policy itself, but their sentiment towards it. If they're tired of it being promoted, maybe they're looking for change within the party.\n\nWait, but that might be too specific. Maybe a better approach is to look at the overall sentiment towards the current administration or policies. If someone is frustrated with the current administration's policies, they might vote against them, but in the given examples, it's not clear who is in power.\n\nAlternatively, looking at the language used. For example, using words like \"celebration,\" \"praise,\" or \"frustration\" towards certain issues might indicate their party.\n\nWait, perhaps the key is the specific issues they mention. For example, climate change, infrastructure, Supreme Court decisions. These are issues more closely associated with Democratic or Republican platforms.\n\nSo, if a user is frustrated with the lack of praise for a Democratic issue, they're likely Democratic. If they're frustrated with a Republican issue, they might be Republican.\n\nBut in the fifth tweet, the user is frustrated with a conservative decision, so they're Democratic. In the third and fourth tweets, both are frustrated with the infrastructure bill, but one is Democratic and the other Republican. So, maybe the way they frame their frustration matters.\n\nAlternatively, maybe the number of issues they mention. But that doesn't seem consistent.\n\nAnother angle: The user's stance on third-party voting. If they're voting third-party because they're dissatisfied with both parties but mention specific issues, those issues can indicate their leaning.\n\nWait, in the first tweet, the user is frustrated with the lack of celebration of the infrastructure bill, which is a bipartisan achievement under Biden, so they're likely Democratic. In the fourth tweet, same frustration, but the user is Republican. So, maybe the user's party is determined by their overall sentiment towards the current administration. If they support the bill, they're Democratic; if they oppose it, they're Republican.\n\nBut without knowing their stance, it's hard. So, perhaps the hypothesis is that individuals who express positive sentiments towards policies associated with a particular party are more likely to vote for that party, even if they plan to vote third-party.\n\nWait, but in the first tweet, the user is planning to vote third-party but is still a Democratic voter. So, maybe the specific issues they care about indicate their party, regardless of their voting intention.\n\nSo, perhaps the hypothesis is that individuals who express frustration with issues typically championed by Democrats (e.g., climate change, infrastructure) are more likely to be Democratic voters, even if they plan to vote third-party.\n\nSimilarly, individuals who express frustration with issues associated with Republicans (e.g., conservative Supreme Court decisions) are more likely to be Democratic voters.\n\nWait, but in the fifth tweet, the user is frustrated with a conservative decision, so they're Democratic. In the third and fourth tweets, both are frustrated with the infrastructure bill, but one is Democratic and the other Republican. So, maybe the key is the specific issue and the user's sentiment towards it.\n\nAlternatively, maybe the way they express their voting intention. For example, if they say they're planning to vote third-party because they're dissatisfied with both parties, but their specific frustrations align with one party, they might still vote for that party.\n\nSo, perhaps the hypothesis is that individuals who express dissatisfaction with both major parties but focus their frustration on issues associated with one party are more likely to vote for that party.\n\nAnother hypothesis could be about the mention of specific policies. For example, if a user mentions climate change, they're more likely to be Democratic. If they mention Supreme Court decisions favoring conservatives, they're Democratic as well.\n\nWait, but in the fifth tweet, the user is frustrated with a conservative decision, so they're Democratic. So, maybe expressing frustration with conservative actions indicates Democratic leaning.\n\nSimilarly, in the sixth tweet, the user is tired of universal healthcare promotion, which is a Democratic policy, but they're still Democratic. So, maybe it's not the policy itself, but their sentiment towards it. If they're tired of it being promoted, maybe they're looking for change within the party.\n\nWait, but that might be too specific. Maybe a better approach is to look at the overall sentiment towards the current administration or policies. If someone is frustrated with the current administration's policies, they might vote against them, but in the given examples, it's not clear who is in power.\n\nAlternatively, looking at the language used. For example, using words like \"celebration,\" \"praise,\" or \"frustration\" towards certain issues might indicate their party.\n\nWait, perhaps the key is the specific issues they mention. For example, climate change, infrastructure, Supreme Court decisions. These are issues more closely associated with Democratic or Republican platforms.\n\nSo, if a user is frustrated with the lack of praise for a Democratic issue, they're likely Democratic. If they're frustrated with a Republican issue, they might be Republican.\n\nBut in the fifth tweet, the user is frustrated with a conservative decision, so they're Democratic. In the third and fourth tweets, both are frustrated with the infrastructure bill, but one is Democratic and the other Republican. So, maybe the way they frame their frustration matters.\n\nAlternatively, maybe the number of issues they mention. But that doesn't seem consistent.\n\nAnother angle: The user's stance on third-party voting. If they're voting third-party because they're dissatisfied with both parties but mention specific issues, those issues can indicate their leaning.\n\nWait, in the first tweet, the user is frustrated with the lack of celebration of the infrastructure bill, which is a bipartisan achievement under Biden, so they're likely Democratic. In the fourth tweet, same frustration, but the user is Republican. So, maybe the user's party is determined by their overall sentiment towards the current administration. If they support the bill, they're Democratic; if they oppose it, they're Republican.\n\nBut without knowing their stance, it's hard. So, perhaps the hypothesis is that individuals who express positive sentiments towards policies associated with a particular party are more likely to vote for that party, even if they plan to vote third-party.\n\nWait, but in the first tweet, the user is planning to vote third-party but is still a Democratic voter. So, maybe the specific issues they care about indicate their party, regardless of their voting intention.\n\nSo, perhaps the hypothesis is that individuals who express frustration with issues typically championed by Democrats (e.g., climate change, infrastructure) are more likely to be Democratic voters, even if they plan to vote third-party.\n\nSimilarly, individuals who express frustration with issues associated with Republicans (e.g., conservative Supreme Court decisions) are more likely to be Democratic voters.\n\nWait, but in the fifth tweet, the user is frustrated with a conservative decision, so they're Democratic. In the third and fourth tweets, both are frustrated with the infrastructure bill, but one is Democratic and the other Republican. So, maybe the key is the specific issue and the user's sentiment towards it.\n\nAlternatively, maybe the way they express their voting intention. For example, if they say they're planning to vote third-party because they're dissatisfied with both parties, but their specific frustrations align with one party, they might still vote for that party.\n\nSo, perhaps the hypothesis is that individuals who express dissatisfaction with both major parties but focus their frustration on issues associated with one party are more likely to vote for that party.\n\nAnother hypothesis could be about the mention of specific policies. For example, if a user mentions climate change, they're more likely to be Democratic. If they mention Supreme Court decisions favoring conservatives, they're Democratic as well.\n\nWait, but in the fifth tweet, the user is frustrated with a conservative decision, so they're Democratic. So, maybe expressing frustration with conservative actions indicates Democratic leaning.\n\nSimilarly, in the sixth tweet, the user is tired of universal healthcare promotion, which is a Democratic policy, but they're still Democratic. So, maybe it's not the policy itself, but their sentiment towards it. If they're tired of it being promoted, maybe they're looking for change within the party.\n\nWait, but that might be too specific. Maybe a better approach is to look at the overall sentiment towards the current administration or policies. If someone is frustrated with the current administration's policies, they might vote against them, but in the given examples, it's not clear who is in power.\n\nAlternatively, looking at the language used. For example, using words like \"celebration,\" \"praise,\" or \"frustration\" towards certain issues might indicate their party.\n\nWait, perhaps the key is the specific issues they mention. For example, climate change, infrastructure, Supreme Court decisions. These are issues more closely associated with Democratic or Republican platforms.\n\nSo, if a user is frustrated with the lack of praise for a Democratic issue, they're likely Democratic. If they're frustrated with a Republican issue, they might be Republican.\n\nBut in the fifth tweet, the user is frustrated with a conservative decision, so they're Democratic. In the third and fourth tweets, both are frustrated with the infrastructure bill, but one is Democratic and the other Republican. So, maybe the way they frame their frustration matters.\n\nAlternatively, maybe the number of issues they mention. But that doesn't seem consistent.\n\nAnother angle: The user's stance on third-party voting. If they're voting third-party because they're dissatisfied with both parties but mention specific issues, those issues can indicate their leaning.\n\nWait, in the first tweet, the user is frustrated with the lack of celebration of the infrastructure bill, which is a bipartisan achievement under Biden, so they're likely Democratic. In the fourth tweet, same frustration, but the user is Republican. So, maybe the user's party is determined by their overall sentiment towards the current administration. If they support the bill, they're Democratic; if they oppose it, they're Republican.\n\nBut without knowing their stance, it's hard. So, perhaps the hypothesis is that individuals who express positive sentiments towards policies associated with a particular party are more likely to vote for that party, even if they plan to vote third-party.\n\nWait, but in the first tweet, the user is planning to vote third-party but is still a Democratic voter. So, maybe the specific issues they care about indicate their party, regardless of their voting intention.\n\nSo, perhaps the hypothesis is that individuals who express frustration with issues typically championed by Democrats (e.g., climate change, infrastructure) are more likely to be Democratic voters, even if they plan to vote third-party.\n\nSimilarly, individuals who express frustration with issues associated with Republicans (e.g., conservative Supreme Court decisions) are more likely to be Democratic voters.\n\nWait, but in the fifth tweet, the user is frustrated with a conservative decision, so they're Democratic. In the third and fourth tweets, both are frustrated with the infrastructure bill, but one is Democratic and the other Republican. So, maybe the key is the specific issue and the user's sentiment towards it.\n\nAlternatively, maybe the way they express their voting intention. For example, if they say they're planning to vote third-party because they're dissatisfied with both parties, but their specific frustrations align with one party, they might still vote for that party.\n\nSo, perhaps the hypothesis is that individuals who express dissatisfaction with both major parties but focus their frustration on issues associated with one party are more likely to vote for that party.\n\nAnother hypothesis could be about the mention of specific policies. For example, if a user mentions climate change, they're more likely to be Democratic. If they mention Supreme Court decisions favoring conservatives, they're Democratic as well.\n\nWait, but in the fifth tweet, the user is frustrated with a conservative decision, so they're Democratic. So, maybe expressing frustration with conservative actions indicates Democratic leaning.\n\nSimilarly, in the sixth tweet, the user is tired of universal healthcare promotion, which is a Democratic policy, but they're still Democratic. So, maybe it's not the policy itself, but their sentiment towards it. If they're tired of it being promoted, maybe they're looking for change within the party.\n\nWait, but that might be too specific. Maybe a better approach is to look at the overall sentiment towards the current administration or policies. If someone is frustrated with the current administration's policies, they might vote against them, but in the given examples, it's not clear who is in power.\n\nAlternatively, looking at the language used. For example, using words like \"celebration,\" \"praise,\" or \"frustration\" towards certain issues might indicate their party.\n\nWait, perhaps the key is the specific issues they mention. For example, climate change, infrastructure, Supreme Court decisions. These are issues more closely associated with Democratic or Republican platforms.\n\nSo, if a user is frustrated with the lack of praise for a Democratic issue, they're likely Democratic. If they're frustrated with a Republican issue, they might be Republican.\n\nBut in the fifth tweet, the user is frustrated with a conservative decision, so they're Democratic. In the third and fourth tweets, both are frustrated with the infrastructure bill, but one is Democratic and the other Republican. So, maybe the way they frame their frustration matters.\n\nAlternatively, maybe the number of issues they mention. But that doesn't seem consistent.\n\nAnother angle: The user's stance on third-party voting. If they're voting third-party because they're dissatisfied with both parties but mention specific issues, those issues can indicate their leaning.\n\nWait, in the first tweet, the user is frustrated with the lack of celebration of the infrastructure bill, which is a bipartisan achievement under Biden, so they're likely Democratic. In the fourth tweet, same frustration, but the user is Republican. So, maybe the user's party is determined by their overall sentiment towards the current administration. If they support the bill, they're Democratic; if they oppose it, they're Republican.\n\nBut without knowing their stance, it's hard. So, perhaps the hypothesis is that individuals who express positive sentiments towards policies associated with a particular party are more likely to vote for that party, even if they plan to vote third-party.\n\nWait, but in the first tweet, the user is planning to vote third-party but is still a Democratic voter. So, maybe the specific issues they care about indicate their party, regardless of their voting intention.\n\nSo, perhaps the hypothesis is that individuals who express frustration with issues typically championed by Democrats (e.g., climate change, infrastructure) are more likely to be Democratic voters, even if they plan to vote third-party.\n\nSimilarly, individuals who express frustration with issues associated with Republicans (e.g., conservative Supreme Court decisions) are more likely to be Democratic voters.\n\nWait, but in the fifth tweet, the user is frustrated with a conservative decision, so they're Democratic. In the third and fourth tweets, both are frustrated with the infrastructure bill, but one is Democratic and the other Republican. So, maybe the key is the specific issue and the user's sentiment towards it.\n\nAlternatively, maybe the way they express their voting intention. For example, if they say they're planning to vote third-party because they're dissatisfied with both parties, but their specific frustrations align with one party, they might still vote for that party.\n\nSo, perhaps the hypothesis is that individuals who express": {"hypothesis": "Non-voting as protest: In the eighth tweet, considering non-voting is linked to Republican preference. So maybe expressing intent to not vote as a form of protest is more common among Republicans in this dataset.\n\nWait, but I need to make sure these hypotheses are generalizable. So, focusing on specific issues might not be the best because they can vary. Instead, maybe looking at the sentiment towards the policies or the way they express their frustration.\n\nAnother angle: The way they express their support or frustration. For example, if someone is frustrated with the lack of praise for a Democratic policy, they might be Democratic. If they're frustrated with a conservative decision, they might be Democratic as well. So, perhaps the sentiment towards certain policies indicates their party.\n\nAlternatively, the specific issues they care about. For example, climate change is a more Democratic issue, so frustration with its lack of praise might indicate Democratic leaning.\n\nWait, but in the third and fourth tweets, both are frustrated with the same issue (infrastructure bill) but one is Democratic and the other Republican. So, maybe it's not the issue itself, but how they frame it. The first tweet says \"lack of celebration,\" the fourth also says \"lack of celebration.\" But one is Democratic, the other Republican. So that can't be it.\n\nWait, maybe the user's stance on the bill. If they think the bill was good but not celebrated enough, maybe they're Democratic. If they think the bill was bad and not celebrated enough, maybe they're Republican. But in the first tweet, the user is frustrated with the lack of celebration, implying they think the bill was good. So, they're Democratic. In the fourth tweet, same frustration, but the user is Republican. So, maybe the user's party is indicated by their overall sentiment towards the current administration.\n\nWait, the first tweet is frustrated with the lack of celebration of a bipartisan bill. Maybe they're Democratic because they support the bill and think it's not getting enough credit, which is a Democratic achievement. The fourth tweet is also frustrated with the same, but the user is Republican. So, maybe the user's party is determined by their general sentiment towards the current administration. If they're frustrated that a bill isn't celebrated, and the bill is bipartisan, maybe they're Democratic if they support the bill, Republican if they oppose it.\n\nBut without knowing the user's stance on the bill, it's hard to tell. So, perhaps the key is the specific policies they mention. For example, climate change is a Democratic issue, so frustration with its lack of praise indicates Democratic leaning. Infrastructure bill is bipartisan, but if the user is frustrated that it's not celebrated, maybe they support it, which could align with Democrats.\n\nAlternatively, maybe the way they express their intent to vote third-party. If they're voting third-party because they're dissatisfied with the two-party system, but their specific frustrations align with Democratic issues, they might still be Democratic voters.\n\nSo, perhaps the hypothesis is that individuals who express frustration with specific policies or issues typically associated with one party are more likely to vote for that party, even if they plan to vote third-party.\n\nAnother pattern: The use of terms like \"celebration,\" \"praise,\" or \"criticism\" towards certain policies. For example, if someone is frustrated that a Democratic policy isn't getting enough praise, they might be Democratic. If they're frustrated with a conservative decision, they might be Democratic as well.\n\nWait, but in the fifth tweet, the user is frustrated with the lack of criticism of a conservative Supreme Court decision, which indicates they're against it, so they're Democratic.\n\nSo, perhaps the hypothesis is that individuals who express frustration with conservative actions or decisions are more likely to be Democratic voters.\n\nAnother hypothesis could be about the promotion of certain policies. For example, in the sixth tweet, the user is tired of the promotion of universal healthcare, which is a Democratic policy, but they're still a Democratic voter. So, maybe it's not the policy itself, but their sentiment towards it. If they're tired of it being promoted, maybe they're looking for change within the party.\n\nWait, but that might be too specific. Maybe a better approach is to look at the overall sentiment towards the current administration or policies. If someone is frustrated with the current administration's policies, they might vote against them, but in the given examples, it's not clear who is in power.\n\nAlternatively, looking at the language used. For example, using words like \"celebration,\" \"praise,\" or \"frustration\" towards certain issues might indicate their party.\n\nWait, perhaps the key is the specific issues they mention. For example, climate change, infrastructure, Supreme Court decisions. These are issues more closely associated with Democratic or Republican platforms.\n\nSo, if a user is frustrated with the lack of praise for a Democratic issue, they're likely Democratic. If they're frustrated with a Republican issue, they might be Republican.\n\nBut in the fifth tweet, the user is frustrated with a conservative decision, so they're Democratic. In the third and fourth tweets, both are frustrated with the infrastructure bill, but one is Democratic and the other Republican. So, maybe the way they frame their frustration matters.\n\nAlternatively, maybe the number of issues they mention. But that doesn't seem consistent.\n\nAnother angle: The user's stance on third-party voting. If they're voting third-party because they're dissatisfied with both parties but mention specific issues, those issues can indicate their leaning.\n\nWait, in the first tweet, the user is frustrated with the lack of celebration of the infrastructure bill, which is a bipartisan achievement under Biden, so they're likely Democratic. In the fourth tweet, same frustration, but the user is Republican. So, maybe the user's party is determined by their overall sentiment towards the current administration. If they support the bill, they're Democratic; if they oppose it, they're Republican.\n\nBut without knowing their stance, it's hard. So, perhaps the hypothesis is that individuals who express positive sentiments towards policies associated with a particular party are more likely to vote for that party, even if they plan to vote third-party.\n\nWait, but in the first tweet, the user is planning to vote third-party but is still a Democratic voter. So, maybe the specific issues they care about indicate their party, regardless of their voting intention.\n\nSo, perhaps the hypothesis is that individuals who express frustration with issues typically championed by Democrats (e.g., climate change, infrastructure) are more likely to be Democratic voters, even if they plan to vote third-party.\n\nSimilarly, individuals who express frustration with issues associated with Republicans (e.g., conservative Supreme Court decisions) are more likely to be Democratic voters.\n\nWait, but in the fifth tweet, the user is frustrated with a conservative decision, so they're Democratic. In the third and fourth tweets, both are frustrated with the infrastructure bill, but one is Democratic and the other Republican. So, maybe the key is the specific issue and the user's sentiment towards it.\n\nAlternatively, maybe the way they express their voting intention. For example, if they say they're planning to vote third-party because they're dissatisfied with both parties, but their specific frustrations align with one party, they might still vote for that party.\n\nSo, perhaps the hypothesis is that individuals who express dissatisfaction with both major parties but focus their frustration on issues associated with one party are more likely to vote for that party.\n\nAnother hypothesis could be about the mention of specific policies. For example, if a user mentions climate change, they're more likely to be Democratic. If they mention Supreme Court decisions favoring conservatives, they're Democratic as well.\n\nWait, but in the fifth tweet, the user is frustrated with a conservative decision, so they're Democratic. So, maybe expressing frustration with conservative actions indicates Democratic leaning.\n\nSimilarly, in the sixth tweet, the user is tired of universal healthcare promotion, which is a Democratic policy, but they're still Democratic. So, maybe it's not the policy itself, but their sentiment towards it. If they're tired of it being promoted, maybe they're looking for change within the party.\n\nWait, but that might be too specific. Maybe a better approach is to look at the overall sentiment towards the current administration or policies. If someone is frustrated with the current administration's policies, they might vote against them, but in the given examples, it's not clear who is in power.\n\nAlternatively, looking at the language used. For example, using words like \"celebration,\" \"praise,\" or \"frustration\" towards certain issues might indicate their party.\n\nWait, perhaps the key is the specific issues they mention. For example, climate change, infrastructure, Supreme Court decisions. These are issues more closely associated with Democratic or Republican platforms.\n\nSo, if a user is frustrated with the lack of praise for a Democratic issue, they're likely Democratic. If they're frustrated with a Republican issue, they might be Republican.\n\nBut in the fifth tweet, the user is frustrated with a conservative decision, so they're Democratic. In the third and fourth tweets, both are frustrated with the infrastructure bill, but one is Democratic and the other Republican. So, maybe the way they frame their frustration matters.\n\nAlternatively, maybe the number of issues they mention. But that doesn't seem consistent.\n\nAnother angle: The user's stance on third-party voting. If they're voting third-party because they're dissatisfied with both parties but mention specific issues, those issues can indicate their leaning.\n\nWait, in the first tweet, the user is frustrated with the lack of celebration of the infrastructure bill, which is a bipartisan achievement under Biden, so they're likely Democratic. In the fourth tweet, same frustration, but the user is Republican. So, maybe the user's party is determined by their overall sentiment towards the current administration. If they support the bill, they're Democratic; if they oppose it, they're Republican.\n\nBut without knowing their stance, it's hard. So, perhaps the hypothesis is that individuals who express positive sentiments towards policies associated with a particular party are more likely to vote for that party, even if they plan to vote third-party.\n\nWait, but in the first tweet, the user is planning to vote third-party but is still a Democratic voter. So, maybe the specific issues they care about indicate their party, regardless of their voting intention.\n\nSo, perhaps the hypothesis is that individuals who express frustration with issues typically championed by Democrats (e.g., climate change, infrastructure) are more likely to be Democratic voters, even if they plan to vote third-party.\n\nSimilarly, individuals who express frustration with issues associated with Republicans (e.g., conservative Supreme Court decisions) are more likely to be Democratic voters.\n\nWait, but in the fifth tweet, the user is frustrated with a conservative decision, so they're Democratic. In the third and fourth tweets, both are frustrated with the infrastructure bill, but one is Democratic and the other Republican. So, maybe the key is the specific issue and the user's sentiment towards it.\n\nAlternatively, maybe the way they express their voting intention. For example, if they say they're planning to vote third-party because they're dissatisfied with both parties, but their specific frustrations align with one party, they might still vote for that party.\n\nSo, perhaps the hypothesis is that individuals who express dissatisfaction with both major parties but focus their frustration on issues associated with one party are more likely to vote for that party.\n\nAnother hypothesis could be about the mention of specific policies. For example, if a user mentions climate change, they're more likely to be Democratic. If they mention Supreme Court decisions favoring conservatives, they're Democratic as well.\n\nWait, but in the fifth tweet, the user is frustrated with a conservative decision, so they're Democratic. So, maybe expressing frustration with conservative actions indicates Democratic leaning.\n\nSimilarly, in the sixth tweet, the user is tired of universal healthcare promotion, which is a Democratic policy, but they're still Democratic. So, maybe it's not the policy itself, but their sentiment towards it. If they're tired of it being promoted, maybe they're looking for change within the party.\n\nWait, but that might be too specific. Maybe a better approach is to look at the overall sentiment towards the current administration or policies. If someone is frustrated with the current administration's policies, they might vote against them, but in the given examples, it's not clear who is in power.\n\nAlternatively, looking at the language used. For example, using words like \"celebration,\" \"praise,\" or \"frustration\" towards certain issues might indicate their party.\n\nWait, perhaps the key is the specific issues they mention. For example, climate change, infrastructure, Supreme Court decisions. These are issues more closely associated with Democratic or Republican platforms.\n\nSo, if a user is frustrated with the lack of praise for a Democratic issue, they're likely Democratic. If they're frustrated with a Republican issue, they might be Republican.\n\nBut in the fifth tweet, the user is frustrated with a conservative decision, so they're Democratic. In the third and fourth tweets, both are frustrated with the infrastructure bill, but one is Democratic and the other Republican. So, maybe the way they frame their frustration matters.\n\nAlternatively, maybe the number of issues they mention. But that doesn't seem consistent.\n\nAnother angle: The user's stance on third-party voting. If they're voting third-party because they're dissatisfied with both parties but mention specific issues, those issues can indicate their leaning.\n\nWait, in the first tweet, the user is frustrated with the lack of celebration of the infrastructure bill, which is a bipartisan achievement under Biden, so they're likely Democratic. In the fourth tweet, same frustration, but the user is Republican. So, maybe the user's party is determined by their overall sentiment towards the current administration. If they support the bill, they're Democratic; if they oppose it, they're Republican.\n\nBut without knowing their stance, it's hard. So, perhaps the hypothesis is that individuals who express positive sentiments towards policies associated with a particular party are more likely to vote for that party, even if they plan to vote third-party.\n\nWait, but in the first tweet, the user is planning to vote third-party but is still a Democratic voter. So, maybe the specific issues they care about indicate their party, regardless of their voting intention.\n\nSo, perhaps the hypothesis is that individuals who express frustration with issues typically championed by Democrats (e.g., climate change, infrastructure) are more likely to be Democratic voters, even if they plan to vote third-party.\n\nSimilarly, individuals who express frustration with issues associated with Republicans (e.g., conservative Supreme Court decisions) are more likely to be Democratic voters.\n\nWait, but in the fifth tweet, the user is frustrated with a conservative decision, so they're Democratic. In the third and fourth tweets, both are frustrated with the infrastructure bill, but one is Democratic and the other Republican. So, maybe the key is the specific issue and the user's sentiment towards it.\n\nAlternatively, maybe the way they express their voting intention. For example, if they say they're planning to vote third-party because they're dissatisfied with both parties, but their specific frustrations align with one party, they might still vote for that party.\n\nSo, perhaps the hypothesis is that individuals who express dissatisfaction with both major parties but focus their frustration on issues associated with one party are more likely to vote for that party.\n\nAnother hypothesis could be about the mention of specific policies. For example, if a user mentions climate change, they're more likely to be Democratic. If they mention Supreme Court decisions favoring conservatives, they're Democratic as well.\n\nWait, but in the fifth tweet, the user is frustrated with a conservative decision, so they're Democratic. So, maybe expressing frustration with conservative actions indicates Democratic leaning.\n\nSimilarly, in the sixth tweet, the user is tired of universal healthcare promotion, which is a Democratic policy, but they're still Democratic. So, maybe it's not the policy itself, but their sentiment towards it. If they're tired of it being promoted, maybe they're looking for change within the party.\n\nWait, but that might be too specific. Maybe a better approach is to look at the overall sentiment towards the current administration or policies. If someone is frustrated with the current administration's policies, they might vote against them, but in the given examples, it's not clear who is in power.\n\nAlternatively, looking at the language used. For example, using words like \"celebration,\" \"praise,\" or \"frustration\" towards certain issues might indicate their party.\n\nWait, perhaps the key is the specific issues they mention. For example, climate change, infrastructure, Supreme Court decisions. These are issues more closely associated with Democratic or Republican platforms.\n\nSo, if a user is frustrated with the lack of praise for a Democratic issue, they're likely Democratic. If they're frustrated with a Republican issue, they might be Republican.\n\nBut in the fifth tweet, the user is frustrated with a conservative decision, so they're Democratic. In the third and fourth tweets, both are frustrated with the infrastructure bill, but one is Democratic and the other Republican. So, maybe the way they frame their frustration matters.\n\nAlternatively, maybe the number of issues they mention. But that doesn't seem consistent.\n\nAnother angle: The user's stance on third-party voting. If they're voting third-party because they're dissatisfied with both parties but mention specific issues, those issues can indicate their leaning.\n\nWait, in the first tweet, the user is frustrated with the lack of celebration of the infrastructure bill, which is a bipartisan achievement under Biden, so they're likely Democratic. In the fourth tweet, same frustration, but the user is Republican. So, maybe the user's party is determined by their overall sentiment towards the current administration. If they support the bill, they're Democratic; if they oppose it, they're Republican.\n\nBut without knowing their stance, it's hard. So, perhaps the hypothesis is that individuals who express positive sentiments towards policies associated with a particular party are more likely to vote for that party, even if they plan to vote third-party.\n\nWait, but in the first tweet, the user is planning to vote third-party but is still a Democratic voter. So, maybe the specific issues they care about indicate their party, regardless of their voting intention.\n\nSo, perhaps the hypothesis is that individuals who express frustration with issues typically championed by Democrats (e.g., climate change, infrastructure) are more likely to be Democratic voters, even if they plan to vote third-party.\n\nSimilarly, individuals who express frustration with issues associated with Republicans (e.g., conservative Supreme Court decisions) are more likely to be Democratic voters.\n\nWait, but in the fifth tweet, the user is frustrated with a conservative decision, so they're Democratic. In the third and fourth tweets, both are frustrated with the infrastructure bill, but one is Democratic and the other Republican. So, maybe the key is the specific issue and the user's sentiment towards it.\n\nAlternatively, maybe the way they express their voting intention. For example, if they say they're planning to vote third-party because they're dissatisfied with both parties, but their specific frustrations align with one party, they might still vote for that party.\n\nSo, perhaps the hypothesis is that individuals who express dissatisfaction with both major parties but focus their frustration on issues associated with one party are more likely to vote for that party.\n\nAnother hypothesis could be about the mention of specific policies. For example, if a user mentions climate change, they're more likely to be Democratic. If they mention Supreme Court decisions favoring conservatives, they're Democratic as well.\n\nWait, but in the fifth tweet, the user is frustrated with a conservative decision, so they're Democratic. So, maybe expressing frustration with conservative actions indicates Democratic leaning.\n\nSimilarly, in the sixth tweet, the user is tired of universal healthcare promotion, which is a Democratic policy, but they're still Democratic. So, maybe it's not the policy itself, but their sentiment towards it. If they're tired of it being promoted, maybe they're looking for change within the party.\n\nWait, but that might be too specific. Maybe a better approach is to look at the overall sentiment towards the current administration or policies. If someone is frustrated with the current administration's policies, they might vote against them, but in the given examples, it's not clear who is in power.\n\nAlternatively, looking at the language used. For example, using words like \"celebration,\" \"praise,\" or \"frustration\" towards certain issues might indicate their party.\n\nWait, perhaps the key is the specific issues they mention. For example, climate change, infrastructure, Supreme Court decisions. These are issues more closely associated with Democratic or Republican platforms.\n\nSo, if a user is frustrated with the lack of praise for a Democratic issue, they're likely Democratic. If they're frustrated with a Republican issue, they might be Republican.\n\nBut in the fifth tweet, the user is frustrated with a conservative decision, so they're Democratic. In the third and fourth tweets, both are frustrated with the infrastructure bill, but one is Democratic and the other Republican. So, maybe the way they frame their frustration matters.\n\nAlternatively, maybe the number of issues they mention. But that doesn't seem consistent.\n\nAnother angle: The user's stance on third-party voting. If they're voting third-party because they're dissatisfied with both parties but mention specific issues, those issues can indicate their leaning.\n\nWait, in the first tweet, the user is frustrated with the lack of celebration of the infrastructure bill, which is a bipartisan achievement under Biden, so they're likely Democratic. In the fourth tweet, same frustration, but the user is Republican. So, maybe the user's party is determined by their overall sentiment towards the current administration. If they support the bill, they're Democratic; if they oppose it, they're Republican.\n\nBut without knowing their stance, it's hard. So, perhaps the hypothesis is that individuals who express positive sentiments towards policies associated with a particular party are more likely to vote for that party, even if they plan to vote third-party.\n\nWait, but in the first tweet, the user is planning to vote third-party but is still a Democratic voter. So, maybe the specific issues they care about indicate their party, regardless of their voting intention.\n\nSo, perhaps the hypothesis is that individuals who express frustration with issues typically championed by Democrats (e.g., climate change, infrastructure) are more likely to be Democratic voters, even if they plan to vote third-party.\n\nSimilarly, individuals who express frustration with issues associated with Republicans (e.g., conservative Supreme Court decisions) are more likely to be Democratic voters.\n\nWait, but in the fifth tweet, the user is frustrated with a conservative decision, so they're Democratic. In the third and fourth tweets, both are frustrated with the infrastructure bill, but one is Democratic and the other Republican. So, maybe the key is the specific issue and the user's sentiment towards it.\n\nAlternatively, maybe the way they express their voting intention. For example, if they say they're planning to vote third-party because they're dissatisfied with both parties, but their specific frustrations align with one party, they might still vote for that party.\n\nSo, perhaps the hypothesis is that individuals who express dissatisfaction with both major parties but focus their frustration on issues associated with one party are more likely to vote for that party.\n\nAnother hypothesis could be about the mention of specific policies. For example, if a user mentions climate change, they're more likely to be Democratic. If they mention Supreme Court decisions favoring conservatives, they're Democratic as well.\n\nWait, but in the fifth tweet, the user is frustrated with a conservative decision, so they're Democratic. So, maybe expressing frustration with conservative actions indicates Democratic leaning.\n\nSimilarly, in the sixth tweet, the user is tired of universal healthcare promotion, which is a Democratic policy, but they're still Democratic. So, maybe it's not the policy itself, but their sentiment towards it. If they're tired of it being promoted, maybe they're looking for change within the party.\n\nWait, but that might be too specific. Maybe a better approach is to look at the overall sentiment towards the current administration or policies. If someone is frustrated with the current administration's policies, they might vote against them, but in the given examples, it's not clear who is in power.\n\nAlternatively, looking at the language used. For example, using words like \"celebration,\" \"praise,\" or \"frustration\" towards certain issues might indicate their party.\n\nWait, perhaps the key is the specific issues they mention. For example, climate change, infrastructure, Supreme Court decisions. These are issues more closely associated with Democratic or Republican platforms.\n\nSo, if a user is frustrated with the lack of praise for a Democratic issue, they're likely Democratic. If they're frustrated with a Republican issue, they might be Republican.\n\nBut in the fifth tweet, the user is frustrated with a conservative decision, so they're Democratic. In the third and fourth tweets, both are frustrated with the infrastructure bill, but one is Democratic and the other Republican. So, maybe the way they frame their frustration matters.\n\nAlternatively, maybe the number of issues they mention. But that doesn't seem consistent.\n\nAnother angle: The user's stance on third-party voting. If they're voting third-party because they're dissatisfied with both parties but mention specific issues, those issues can indicate their leaning.\n\nWait, in the first tweet, the user is frustrated with the lack of celebration of the infrastructure bill, which is a bipartisan achievement under Biden, so they're likely Democratic. In the fourth tweet, same frustration, but the user is Republican. So, maybe the user's party is determined by their overall sentiment towards the current administration. If they support the bill, they're Democratic; if they oppose it, they're Republican.\n\nBut without knowing their stance, it's hard. So, perhaps the hypothesis is that individuals who express positive sentiments towards policies associated with a particular party are more likely to vote for that party, even if they plan to vote third-party.\n\nWait, but in the first tweet, the user is planning to vote third-party but is still a Democratic voter. So, maybe the specific issues they care about indicate their party, regardless of their voting intention.\n\nSo, perhaps the hypothesis is that individuals who express frustration with issues typically championed by Democrats (e.g., climate change, infrastructure) are more likely to be Democratic voters, even if they plan to vote third-party.\n\nSimilarly, individuals who express frustration with issues associated with Republicans (e.g., conservative Supreme Court decisions) are more likely to be Democratic voters.\n\nWait, but in the fifth tweet, the user is frustrated with a conservative decision, so they're Democratic. In the third and fourth tweets, both are frustrated with the infrastructure bill, but one is Democratic and the other Republican. So, maybe the key is the specific issue and the user's sentiment towards it.\n\nAlternatively, maybe the way they express their voting intention. For example, if they say they're planning to vote third-party because they're dissatisfied with both parties, but their specific frustrations align with one party, they might still vote for that party.\n\nSo, perhaps the hypothesis is that individuals who express dissatisfaction with both major parties but focus their frustration on issues associated with one party are more likely to vote for that party.\n\nAnother hypothesis could be about the mention of specific policies. For example, if a user mentions climate change, they're more likely to be Democratic. If they mention Supreme Court decisions favoring conservatives, they're Democratic as well.\n\nWait, but in the fifth tweet, the user is frustrated with a conservative decision, so they're Democratic. So, maybe expressing frustration with conservative actions indicates Democratic leaning.\n\nSimilarly, in the sixth tweet, the user is tired of universal healthcare promotion, which is a Democratic policy, but they're still Democratic. So, maybe it's not the policy itself, but their sentiment towards it. If they're tired of it being promoted, maybe they're looking for change within the party.\n\nWait, but that might be too specific. Maybe a better approach is to look at the overall sentiment towards the current administration or policies. If someone is frustrated with the current administration's policies, they might vote against them, but in the given examples, it's not clear who is in power.\n\nAlternatively, looking at the language used. For example, using words like \"celebration,\" \"praise,\" or \"frustration\" towards certain issues might indicate their party.\n\nWait, perhaps the key is the specific issues they mention. For example, climate change, infrastructure, Supreme Court decisions. These are issues more closely associated with Democratic or Republican platforms.\n\nSo, if a user is frustrated with the lack of praise for a Democratic issue, they're likely Democratic. If they're frustrated with a Republican issue, they might be Republican.\n\nBut in the fifth tweet, the user is frustrated with a conservative decision, so they're Democratic. In the third and fourth tweets, both are frustrated with the infrastructure bill, but one is Democratic and the other Republican. So, maybe the way they frame their frustration matters.\n\nAlternatively, maybe the number of issues they mention. But that doesn't seem consistent.\n\nAnother angle: The user's stance on third-party voting. If they're voting third-party because they're dissatisfied with both parties but mention specific issues, those issues can indicate their leaning.\n\nWait, in the first tweet, the user is frustrated with the lack of celebration of the infrastructure bill, which is a bipartisan achievement under Biden, so they're likely Democratic. In the fourth tweet, same frustration, but the user is Republican. So, maybe the user's party is determined by their overall sentiment towards the current administration. If they support the bill, they're Democratic; if they oppose it, they're Republican.\n\nBut without knowing their stance, it's hard. So, perhaps the hypothesis is that individuals who express positive sentiments towards policies associated with a particular party are more likely to vote for that party, even if they plan to vote third-party.\n\nWait, but in the first tweet, the user is planning to vote third-party but is still a Democratic voter. So, maybe the specific issues they care about indicate their party, regardless of their voting intention.\n\nSo, perhaps the hypothesis is that individuals who express frustration with issues typically championed by Democrats (e.g., climate change, infrastructure) are more likely to be Democratic voters, even if they plan to vote third-party.\n\nSimilarly, individuals who express frustration with issues associated with Republicans (e.g., conservative Supreme Court decisions) are more likely to be Democratic voters.\n\nWait, but in the fifth tweet, the user is frustrated with a conservative decision, so they're Democratic. In the third and fourth tweets, both are frustrated with the infrastructure bill, but one is Democratic and the other Republican. So, maybe the key is the specific issue and the user's sentiment towards it.\n\nAlternatively, maybe the way they express their voting intention. For example, if they say they're planning to vote third-party because they're dissatisfied with both parties, but their specific frustrations align with one party, they might still vote for that party.\n\nSo, perhaps the hypothesis is that individuals who express dissatisfaction with both major parties but focus their frustration on issues associated with one party are more likely to vote for that party.\n\nAnother hypothesis could be about the mention of specific policies. For example, if a user mentions climate change, they're more likely to be Democratic. If they mention Supreme Court decisions favoring conservatives, they're Democratic as well.\n\nWait, but in the fifth tweet, the user is frustrated with a conservative decision, so they're Democratic. So, maybe expressing frustration with conservative actions indicates Democratic leaning.\n\nSimilarly, in the sixth tweet, the user is tired of universal healthcare promotion, which is a Democratic policy, but they're still Democratic. So, maybe it's not the policy itself, but their sentiment towards it. If they're tired of it being promoted, maybe they're looking for change within the party.\n\nWait, but that might be too specific. Maybe a better approach is to look at the overall sentiment towards the current administration or policies. If someone is frustrated with the current administration's policies, they might vote against them, but in the given examples, it's not clear who is in power.\n\nAlternatively, looking at the language used. For example, using words like \"celebration,\" \"praise,\" or \"frustration\" towards certain issues might indicate their party.\n\nWait, perhaps the key is the specific issues they mention. For example, climate change, infrastructure, Supreme Court decisions. These are issues more closely associated with Democratic or Republican platforms.\n\nSo, if a user is frustrated with the lack of praise for a Democratic issue, they're likely Democratic. If they're frustrated with a Republican issue, they might be Republican.\n\nBut in the fifth tweet, the user is frustrated with a conservative decision, so they're Democratic. In the third and fourth tweets, both are frustrated with the infrastructure bill, but one is Democratic and the other Republican. So, maybe the way they frame their frustration matters.\n\nAlternatively, maybe the number of issues they mention. But that doesn't seem consistent.\n\nAnother angle: The user's stance on third-party voting. If they're voting third-party because they're dissatisfied with both parties but mention specific issues, those issues can indicate their leaning.\n\nWait, in the first tweet, the user is frustrated with the lack of celebration of the infrastructure bill, which is a bipartisan achievement under Biden, so they're likely Democratic. In the fourth tweet, same frustration, but the user is Republican. So, maybe the user's party is determined by their overall sentiment towards the current administration. If they support the bill, they're Democratic; if they oppose it, they're Republican.\n\nBut without knowing their stance, it's hard. So, perhaps the hypothesis is that individuals who express positive sentiments towards policies associated with a particular party are more likely to vote for that party, even if they plan to vote third-party.\n\nWait, but in the first tweet, the user is planning to vote third-party but is still a Democratic voter. So, maybe the specific issues they care about indicate their party, regardless of their voting intention.\n\nSo, perhaps the hypothesis is that individuals who express frustration with issues typically championed by Democrats (e.g., climate change, infrastructure) are more likely to be Democratic voters, even if they plan to vote third-party.\n\nSimilarly, individuals who express frustration with issues associated with Republicans (e.g., conservative Supreme Court decisions) are more likely to be Democratic voters.\n\nWait, but in the fifth tweet, the user is frustrated with a conservative decision, so they're Democratic. In the third and fourth tweets, both are frustrated with the infrastructure bill, but one is Democratic and the other Republican. So, maybe the key is the specific issue and the user's sentiment towards it.\n\nAlternatively, maybe the way they express their voting intention. For example, if they say they're planning to vote third-party because they're dissatisfied with both parties, but their specific frustrations align with one party, they might still vote for that party.\n\nSo, perhaps the hypothesis is that individuals who express", "acc": 0.43859649122807015, "num_visits": 57, "reward": 0.5772305962107876, "correct_examples": [[32, "likely democratic voter"], [21, "likely democratic voter"], [24, "likely democratic voter"], [27, "likely republican voter"], [36, "likely republican voter"], [39, "likely republican voter"], [40, "likely republican voter"], [41, "likely republican voter"], [42, "likely democratic voter"], [45, "likely third-party/abstain voter"], [48, "likely democratic voter"], [50, "likely republican voter"], [52, "likely democratic voter"], [54, "likely democratic voter"], [55, "likely democratic voter"], [58, "likely republican voter"], [59, "likely democratic voter"], [60, "likely democratic voter"], [61, "likely democratic voter"], [62, "likely republican voter"], [70, "likely republican voter"], [72, "likely democratic voter"], [76, "likely democratic voter"], [78, "likely republican voter"], [79, "likely republican voter"]]}, "Third-party voting: It seems that third-party voting doesn't necessarily indicate a specific party, but the reason behind it does. For example, if someone is voting third-party because they're frustrated with a Democratic issue, they might still be Democratic. If they're frustrated with a Republican issue, they might be Republican.": {"hypothesis": "Third-party voting: It seems that third-party voting doesn't necessarily indicate a specific party, but the reason behind it does. For example, if someone is voting third-party because they're frustrated with a Democratic issue, they might still be Democratic. If they're frustrated with a Republican issue, they might be Republican.", "acc": 0.40350877192982454, "num_visits": 57, "reward": 0.542142876912542, "correct_examples": [[32, "likely democratic voter"], [21, "likely democratic voter"], [24, "likely democratic voter"], [25, "likely democratic voter"], [36, "likely republican voter"], [39, "likely republican voter"], [40, "likely republican voter"], [41, "likely republican voter"], [42, "likely democratic voter"], [45, "likely third-party/abstain voter"], [48, "likely democratic voter"], [54, "likely democratic voter"], [55, "likely democratic voter"], [56, "likely republican voter"], [58, "likely republican voter"], [59, "likely democratic voter"], [60, "likely democratic voter"], [61, "likely democratic voter"], [62, "likely republican voter"], [65, "likely republican voter"], [76, "likely democratic voter"], [78, "likely republican voter"], [79, "likely republican voter"]]}, "Expressing frustration with both parties and wanting third-party might not always mean third-party vote; sometimes it's Republican or Democrat, depending on the issue.": {"hypothesis": "Expressing frustration with both parties and wanting third-party might not always mean third-party vote; sometimes it's Republican or Democrat, depending on the issue.", "acc": 0.425, "num_visits": 80, "reward": 0.5420206530205497, "correct_examples": [[2, "likely republican voter"], [3, "likely democratic voter"], [8, "likely republican voter"], [9, "likely republican voter"], [11, "likely republican voter"], [14, "likely republican voter"], [15, "likely democratic voter"], [16, "likely republican voter"], [18, "likely democratic voter"], [21, "likely democratic voter"], [24, "likely democratic voter"], [29, "likely republican voter"], [31, "likely democratic voter"], [36, "likely republican voter"], [39, "likely republican voter"], [40, "likely republican voter"], [41, "likely republican voter"], [42, "likely democratic voter"], [45, "likely third-party/abstain voter"], [47, "likely third-party/abstain voter"], [52, "likely democratic voter"], [54, "likely democratic voter"], [55, "likely democratic voter"], [56, "likely republican voter"], [58, "likely republican voter"], [59, "likely democratic voter"], [60, "likely democratic voter"], [61, "likely democratic voter"], [62, "likely republican voter"], [70, "likely republican voter"], [72, "likely democratic voter"], [76, "likely democratic voter"], [78, "likely republican voter"], [79, "likely republican voter"]]}, "Support for third-party candidates with emphasis on progressive issues like climate change or immigration reform suggests a Democratic voter.": {"hypothesis": "Support for third-party candidates with emphasis on progressive issues like climate change or immigration reform suggests a Democratic voter.", "acc": 0.391304347826087, "num_visits": 69, "reward": 0.5173079513326713, "correct_examples": [[15, "likely democratic voter"], [18, "likely democratic voter"], [21, "likely democratic voter"], [24, "likely democratic voter"], [25, "likely democratic voter"], [29, "likely republican voter"], [31, "likely democratic voter"], [32, "likely democratic voter"], [36, "likely republican voter"], [39, "likely republican voter"], [40, "likely republican voter"], [41, "likely republican voter"], [42, "likely democratic voter"], [45, "likely third-party/abstain voter"], [49, "likely republican voter"], [52, "likely democratic voter"], [54, "likely democratic voter"], [55, "likely democratic voter"], [56, "likely republican voter"], [58, "likely republican voter"], [59, "likely democratic voter"], [60, "likely democratic voter"], [61, "likely democratic voter"], [62, "likely republican voter"], [72, "likely democratic voter"], [76, "likely democratic voter"], [79, "likely republican voter"]]}, "**Mention of specific policies, such as healthcare or climate change, can indicate party preference, depending on the context and tone used.**": {"hypothesis": "**Mention of specific policies, such as healthcare or climate change, can indicate party preference, depending on the context and tone used.**", "acc": 0.16666666666666666, "num_visits": 12, "reward": 0.46657943570460947, "correct_examples": [[67, "likely third-party/abstain voter"], [59, "likely democratic voter"]]}, "**Expressing uncertainty or frustration with the political system may influence party choice, even if the individual does not abstain from voting.**": {"hypothesis": "**Expressing uncertainty or frustration with the political system may influence party choice, even if the individual does not abstain from voting.**", "acc": 0.16666666666666666, "num_visits": 12, "reward": 0.46657943570460947, "correct_examples": [[67, "likely third-party/abstain voter"], [70, "likely republican voter"]]}, "Expressing uncertainty or frustration with the political system might not always lead to abstaining but could influence party choice.\n\nSo, the hypotheses should capture these patterns in a generalizable way.\n</think>": {"hypothesis": "Expressing uncertainty or frustration with the political system might not always lead to abstaining but could influence party choice.\n\nSo, the hypotheses should capture these patterns in a generalizable way.\n</think>", "acc": 0.16666666666666666, "num_visits": 12, "reward": 0.4670391208896949, "correct_examples": [[67, "likely third-party/abstain voter"], [70, "likely republican voter"]]}, "**Support for conservative values and opposition to libertarian policies suggests a Republican voting preference.**": {"hypothesis": "**Support for conservative values and opposition to libertarian policies suggests a Republican voting preference.**", "acc": 0.3333333333333333, "num_visits": 24, "reward": 0.546982837844467, "correct_examples": [[47, "likely third-party/abstain voter"], [49, "likely republican voter"], [58, "likely republican voter"], [67, "likely third-party/abstain voter"], [70, "likely republican voter"], [76, "likely democratic voter"], [78, "likely republican voter"], [79, "likely republican voter"]]}, "**The intensity of language used in tweets, such as \"strongly support\" or \"can't stand,\" reflects the strength of their party alignment.**": {"hypothesis": "**The intensity of language used in tweets, such as \"strongly support\" or \"can't stand,\" reflects the strength of their party alignment.**", "acc": 0.2692307692307693, "num_visits": 26, "reward": 0.4732936681945996, "correct_examples": [[47, "likely third-party/abstain voter"], [49, "likely republican voter"], [53, "likely third-party/abstain voter"], [58, "likely republican voter"], [61, "likely democratic voter"], [67, "likely third-party/abstain voter"], [70, "likely republican voter"]]}, "Users who mention frustration with the political system and lean towards non-voting as a protest, especially when tied to Democratic issues, are more likely to be Democratic voters, while those without specific issues might lean Republican.\n\nWait, but in the examples, some third-party supporters are Republican and some are Democratic. So maybe the hypothesis should be about the issues they care about when supporting third-party.\n\nAlternatively, perhaps the key is the specific issues mentioned alongside the support for third-party or non-voting.\n\nSo, refining:": {"hypothesis": "Users who mention frustration with the political system and lean towards non-voting as a protest, especially when tied to Democratic issues, are more likely to be Democratic voters, while those without specific issues might lean Republican.\n\nWait, but in the examples, some third-party supporters are Republican and some are Democratic. So maybe the hypothesis should be about the issues they care about when supporting third-party.\n\nAlternatively, perhaps the key is the specific issues mentioned alongside the support for third-party or non-voting.\n\nSo, refining:", "acc": 0.38235294117647056, "num_visits": 68, "reward": 0.5092796603464003, "correct_examples": [[15, "likely democratic voter"], [18, "likely democratic voter"], [21, "likely democratic voter"], [24, "likely democratic voter"], [29, "likely republican voter"], [31, "likely democratic voter"], [32, "likely democratic voter"], [36, "likely republican voter"], [39, "likely republican voter"], [40, "likely republican voter"], [41, "likely republican voter"], [42, "likely democratic voter"], [45, "likely third-party/abstain voter"], [47, "likely third-party/abstain voter"], [49, "likely republican voter"], [50, "likely republican voter"], [52, "likely democratic voter"], [54, "likely democratic voter"], [55, "likely democratic voter"], [59, "likely democratic voter"], [60, "likely democratic voter"], [61, "likely democratic voter"], [62, "likely republican voter"], [72, "likely democratic voter"], [76, "likely democratic voter"], [78, "likely republican voter"]]}, "**People who express dissatisfaction with the two-party system are more likely to vote for a third-party candidate or abstain.**": {"hypothesis": "**People who express dissatisfaction with the two-party system are more likely to vote for a third-party candidate or abstain.**", "acc": 0.2857142857142857, "num_visits": 21, "reward": 0.5141152133527644, "correct_examples": [[47, "likely third-party/abstain voter"], [53, "likely third-party/abstain voter"], [56, "likely republican voter"], [58, "likely republican voter"], [76, "likely democratic voter"], [79, "likely republican voter"]]}, "Frustration with politics leading to non-voting, especially when tied to Democratic issues, indicates a Democratic preference.\n\nWait, but in the examples, some third-party supporters are Republican and some are Democratic. So perhaps the hypothesis should be about the issues they care about when supporting third-party.\n\nAlternatively, maybe the key is the specific issues mentioned alongside the support for third-party or non-voting.\n\nSo, finalizing the hypotheses:": {"hypothesis": "Frustration with politics leading to non-voting, especially when tied to Democratic issues, indicates a Democratic preference.\n\nWait, but in the examples, some third-party supporters are Republican and some are Democratic. So perhaps the hypothesis should be about the issues they care about when supporting third-party.\n\nAlternatively, maybe the key is the specific issues mentioned alongside the support for third-party or non-voting.\n\nSo, finalizing the hypotheses:", "acc": 0.34615384615384615, "num_visits": 52, "reward": 0.4913001025424435, "correct_examples": [[15, "likely democratic voter"], [18, "likely democratic voter"], [21, "likely democratic voter"], [24, "likely democratic voter"], [29, "likely republican voter"], [31, "likely democratic voter"], [32, "likely democratic voter"], [36, "likely republican voter"], [39, "likely republican voter"], [40, "likely republican voter"], [41, "likely republican voter"], [42, "likely democratic voter"], [45, "likely third-party/abstain voter"], [49, "likely republican voter"], [54, "likely democratic voter"], [55, "likely democratic voter"], [76, "likely democratic voter"], [79, "likely republican voter"]]}, "Advocacy for progressive policies like universal healthcare is linked to Democratic voters.\n\nBut in the examples, the first two tweets support healthcare and immigration but are Republican, so that contradicts.\n\nAlternatively, maybe it's the way they express their support. For example, if they frame their support as criticism of mainstream parties for not doing enough, it might indicate a different preference.\n\nWait, perhaps the key is the expression of frustration with the political system leading to third-party voting, which can be linked to either party, but in the examples, it's split.\n\nAlternatively, maybe the mention of specific political events (like government shutdowns) is a clue. Government shutdowns are often associated with Republican tactics, so mentioning them could indicate a Republican preference.\n\nBut the user wants generalizable hypotheses, so perhaps focusing on behavioral aspects rather than specific events.\n\nAnother thought: the use of phrases like \"use our voices\" or \"time for a change\" might indicate a certain preference, but I'm not sure.\n\nWait, looking at the examples, the first two tweets are very similar except for the issue (healthcare vs. immigration), both criticizing mainstream parties and being Republican. So maybe the hypothesis is that criticizing mainstream parties is linked to Republican voting.\n\nBut in the third example, the user is frustrated and considering non-voting, which is Democratic. So maybe the way they express their frustration (non-voting vs. third-party) is the key.\n\nSo perhaps:": {"hypothesis": "Advocacy for progressive policies like universal healthcare is linked to Democratic voters.\n\nBut in the examples, the first two tweets support healthcare and immigration but are Republican, so that contradicts.\n\nAlternatively, maybe it's the way they express their support. For example, if they frame their support as criticism of mainstream parties for not doing enough, it might indicate a different preference.\n\nWait, perhaps the key is the expression of frustration with the political system leading to third-party voting, which can be linked to either party, but in the examples, it's split.\n\nAlternatively, maybe the mention of specific political events (like government shutdowns) is a clue. Government shutdowns are often associated with Republican tactics, so mentioning them could indicate a Republican preference.\n\nBut the user wants generalizable hypotheses, so perhaps focusing on behavioral aspects rather than specific events.\n\nAnother thought: the use of phrases like \"use our voices\" or \"time for a change\" might indicate a certain preference, but I'm not sure.\n\nWait, looking at the examples, the first two tweets are very similar except for the issue (healthcare vs. immigration), both criticizing mainstream parties and being Republican. So maybe the hypothesis is that criticizing mainstream parties is linked to Republican voting.\n\nBut in the third example, the user is frustrated and considering non-voting, which is Democratic. So maybe the way they express their frustration (non-voting vs. third-party) is the key.\n\nSo perhaps:", "acc": 0.23529411764705882, "num_visits": 17, "reward": 0.4774955422847629, "correct_examples": [[33, "likely republican voter"], [34, "likely republican voter"], [35, "likely democratic voter"], [49, "likely republican voter"]]}, "Support for third-party candidates with an emphasis on progressive issues like climate change or immigration reform suggests a Democratic voter.": {"hypothesis": "Support for third-party candidates with an emphasis on progressive issues like climate change or immigration reform suggests a Democratic voter.", "acc": 0.33928571428571436, "num_visits": 56, "reward": 0.4772343310951943, "correct_examples": [[15, "likely democratic voter"], [18, "likely democratic voter"], [21, "likely democratic voter"], [24, "likely democratic voter"], [29, "likely republican voter"], [31, "likely democratic voter"], [32, "likely democratic voter"], [36, "likely republican voter"], [39, "likely republican voter"], [40, "likely republican voter"], [41, "likely republican voter"], [42, "likely democratic voter"], [45, "likely third-party/abstain voter"], [52, "likely democratic voter"], [54, "likely democratic voter"], [55, "likely democratic voter"], [56, "likely republican voter"], [61, "likely democratic voter"], [62, "likely republican voter"]]}, "Considering non-voting as a protest is more common among Democratic voters.": {"hypothesis": "Considering non-voting as a protest is more common among Democratic voters.", "acc": 0.3448275862068966, "num_visits": 58, "reward": 0.4771223689015188, "correct_examples": [[0, "likely third-party/abstain voter"], [2, "likely republican voter"], [4, "likely democratic voter"], [8, "likely republican voter"], [11, "likely republican voter"], [15, "likely democratic voter"], [17, "likely democratic voter"], [18, "likely democratic voter"], [19, "likely democratic voter"], [21, "likely democratic voter"], [29, "likely republican voter"], [31, "likely democratic voter"], [32, "likely democratic voter"], [35, "likely democratic voter"], [36, "likely republican voter"], [39, "likely republican voter"], [40, "likely republican voter"], [41, "likely republican voter"], [47, "likely third-party/abstain voter"], [54, "likely democratic voter"]]}, "Acknowledging positive policies from the opposing party while maintaining party loyalty is a trait of Republican voters in these examples.\n\nWait, some of these might be too specific. I need to make them more general. Let me refine them to be more about the patterns rather than specific issues.": {"hypothesis": "Acknowledging positive policies from the opposing party while maintaining party loyalty is a trait of Republican voters in these examples.\n\nWait, some of these might be too specific. I need to make them more general. Let me refine them to be more about the patterns rather than specific issues.", "acc": 0.3076923076923077, "num_visits": 39, "reward": 0.4647923819898562, "correct_examples": [[0, "likely third-party/abstain voter"], [2, "likely republican voter"], [8, "likely republican voter"], [11, "likely republican voter"], [15, "likely democratic voter"], [29, "likely republican voter"], [31, "likely democratic voter"], [36, "likely republican voter"], [39, "likely republican voter"], [40, "likely republican voter"], [41, "likely republican voter"], [45, "likely third-party/abstain voter"]]}, "Tweets that mention specific policy issues (like healthcare, immigration) in a positive light are more likely to indicate a Democratic preference.": {"hypothesis": "Tweets that mention specific policy issues (like healthcare, immigration) in a positive light are more likely to indicate a Democratic preference.", "acc": 0.2, "num_visits": 15, "reward": 0.46014236520754104, "correct_examples": [[42, "likely democratic voter"], [45, "likely third-party/abstain voter"], [54, "likely democratic voter"]]}}