{"People who express frustration with both major parties and advocate for third-party candidates are more likely to vote third-party or abstain.": {"hypothesis": "People who express frustration with both major parties and advocate for third-party candidates are more likely to vote third-party or abstain.", "acc": 0.4, "num_visits": 10, "reward": 0.6399262956094041, "correct_examples": [[0, "likely third-party/abstain voter"], [2, "likely republican voter"], [8, "likely republican voter"], [9, "likely republican voter"]]}, "Tweets mentioning dissatisfaction with bipartisan achievements may indicate a Republican voting preference.": {"hypothesis": "Tweets mentioning dissatisfaction with bipartisan achievements may indicate a Republican voting preference.", "acc": 0.4, "num_visits": 10, "reward": 0.6399262956094041, "correct_examples": [[0, "likely third-party/abstain voter"], [2, "likely republican voter"], [8, "likely republican voter"], [9, "likely republican voter"]]}, "Acknowledging opposing party's policies while maintaining party loyalty is a Republican trait.": {"hypothesis": "Acknowledging opposing party's policies while maintaining party loyalty is a Republican trait.", "acc": 0.3, "num_visits": 10, "reward": 0.5399262956094041, "correct_examples": [[0, "likely third-party/abstain voter"], [2, "likely republican voter"], [8, "likely republican voter"]]}, "Considering non-voting as a protest is more common among Democratic voters.": {"hypothesis": "Considering non-voting as a protest is more common among Democratic voters.", "acc": 0.4, "num_visits": 10, "reward": 0.6399262956094041, "correct_examples": [[0, "likely third-party/abstain voter"], [2, "likely republican voter"], [4, "likely democratic voter"], [8, "likely republican voter"]]}, "Uncertainty in voting preference, even when considering conservative values, leans towards Republican.": {"hypothesis": "Uncertainty in voting preference, even when considering conservative values, leans towards Republican.", "acc": 0.4, "num_visits": 10, "reward": 0.6399262956094041, "correct_examples": [[0, "likely third-party/abstain voter"], [2, "likely republican voter"], [8, "likely republican voter"], [9, "likely republican voter"]]}, "Expressing frustration with both parties and wanting third-party might not always mean third-party vote; sometimes it's Republican or Democrat, depending on the issue.": {"hypothesis": "Expressing frustration with both parties and wanting third-party might not always mean third-party vote; sometimes it's Republican or Democrat, depending on the issue.", "acc": 0.4, "num_visits": 10, "reward": 0.6399262956094041, "correct_examples": [[2, "likely republican voter"], [3, "likely democratic voter"], [8, "likely republican voter"], [9, "likely republican voter"]]}, "Acknowledging opposing party's policies while maintaining party loyalty is a Republican trait.\n\nI think these capture the patterns observed. Now, I'll format them as the final answer.\n</think>": {"hypothesis": "Acknowledging opposing party's policies while maintaining party loyalty is a Republican trait.\n\nI think these capture the patterns observed. Now, I'll format them as the final answer.\n</think>", "acc": 0.3, "num_visits": 10, "reward": 0.5399262956094041, "correct_examples": [[0, "likely third-party/abstain voter"], [2, "likely republican voter"], [8, "likely republican voter"]]}, "Support for third-party debate inclusion may indicate Republican leanings.": {"hypothesis": "Support for third-party debate inclusion may indicate Republican leanings.", "acc": 0.7, "num_visits": 10, "reward": 0.939926295609404, "correct_examples": [[0, "likely third-party/abstain voter"], [1, "likely republican voter"], [2, "likely republican voter"], [5, "likely republican voter"], [7, "likely republican voter"], [8, "likely republican voter"], [9, "likely republican voter"]]}, "Acknowledging positive policies from the opposing party while maintaining party loyalty is a trait of Republican voters in these examples.\n\nWait, some of these might be too specific. I need to make them more general. Let me refine them to be more about the patterns rather than specific issues.": {"hypothesis": "Acknowledging positive policies from the opposing party while maintaining party loyalty is a trait of Republican voters in these examples.\n\nWait, some of these might be too specific. I need to make them more general. Let me refine them to be more about the patterns rather than specific issues.", "acc": 0.3, "num_visits": 10, "reward": 0.5399262956094041, "correct_examples": [[0, "likely third-party/abstain voter"], [2, "likely republican voter"], [8, "likely republican voter"]]}, "Praising or condemning specific actions (like government shutdown) might not always align with party loyalty but could indicate deeper frustrations.": {"hypothesis": "Praising or condemning specific actions (like government shutdown) might not always align with party loyalty but could indicate deeper frustrations.", "acc": 0.3, "num_visits": 10, "reward": 0.5399262956094041, "correct_examples": [[0, "likely third-party/abstain voter"], [2, "likely republican voter"], [8, "likely republican voter"]]}}