{"For men, maybe shoe color is black if shirt is black, else matches the hat color. In the second example, shirt was black, so shoes were black. If shirt wasn't black, match the hat. But I don't have examples to test this.": {"hypothesis": "For men, maybe shoe color is black if shirt is black, else matches the hat color. In the second example, shirt was black, so shoes were black. If shirt wasn't black, match the hat. But I don't have examples to test this.", "acc": 0.1, "num_visits": 10, "reward": 0.33992629560940407, "correct_examples": [[9, "black"]]}, "A young, short woman with a red hat, blue shirt, and small black bag bought black shoes. According to the old rule, since her shirt isn't black, her shoes should match her shirt color, which is blue. But she bought black shoes, so the rule failed.": {"hypothesis": "A young, short woman with a red hat, blue shirt, and small black bag bought black shoes. According to the old rule, since her shirt isn't black, her shoes should match her shirt color, which is blue. But she bought black shoes, so the rule failed.", "acc": 0.5, "num_visits": 10, "reward": 0.739926295609404, "correct_examples": [[1, "black"], [2, "blue"], [5, "blue"], [8, "black"], [9, "black"]]}, "Maybe for everyone, shoe color is black if either the shirt or the bag is black. In the first case, her bag was black, so shoes were black. In the second, his shirt was black, so shoes were black. That could be a general rule.\n\nWait, but the original rule was different for men and women. Maybe the new hypotheses should also differentiate, but perhaps in a different way.\n\nLet me try to formalize these thoughts into hypotheses.\n</think>\n\nHere are five possible hypotheses based on the analysis:": {"hypothesis": "Maybe for everyone, shoe color is black if either the shirt or the bag is black. In the first case, her bag was black, so shoes were black. In the second, his shirt was black, so shoes were black. That could be a general rule.\n\nWait, but the original rule was different for men and women. Maybe the new hypotheses should also differentiate, but perhaps in a different way.\n\nLet me try to formalize these thoughts into hypotheses.\n</think>\n\nHere are five possible hypotheses based on the analysis:", "acc": 0.4, "num_visits": 10, "reward": 0.6399262956094041, "correct_examples": [[1, "black"], [3, "blue"], [8, "black"], [9, "black"]]}, "Maybe for women, shoe color matches the bag color. In the first example, her bag was black, so shoes were black. That fits. For men, maybe shoe color matches shirt color when the shirt is black, otherwise matches the bag. In the second example, his shirt was black, so shoes were black. That fits.": {"hypothesis": "Maybe for women, shoe color matches the bag color. In the first example, her bag was black, so shoes were black. That fits. For men, maybe shoe color matches shirt color when the shirt is black, otherwise matches the bag. In the second example, his shirt was black, so shoes were black. That fits.", "acc": 0.7, "num_visits": 10, "reward": 0.939926295609404, "correct_examples": [[1, "black"], [2, "blue"], [3, "blue"], [5, "blue"], [6, "blue"], [8, "black"], [9, "black"]]}, "**For everyone, shoe color is black if either their shirt or bag is black. If neither is black, shoe color matches the shirt color for women and the bag color for men.**": {"hypothesis": "**For everyone, shoe color is black if either their shirt or bag is black. If neither is black, shoe color matches the shirt color for women and the bag color for men.**", "acc": 0.9, "num_visits": 10, "reward": 1.139926295609404, "correct_examples": [[1, "black"], [2, "blue"], [3, "blue"], [4, "white"], [5, "blue"], [6, "blue"], [7, "green"], [8, "black"], [9, "black"]]}}