{"Shirt blue, bag black \u2192 black.": {"hypothesis": "Shirt blue, bag black \u2192 black.", "acc": 0.3, "num_visits": 10, "reward": 0.5399262956094041, "correct_examples": [[1, "black"], [3, "blue"], [8, "black"]]}, "Hat black \u2192 shoes white. Doesn't match.": {"hypothesis": "Hat black \u2192 shoes white. Doesn't match.", "acc": 0.1, "num_visits": 10, "reward": 0.33992629560940407, "correct_examples": [[4, "white"]]}, "Old, short man, white hat, green shirt, large blue bag \u2192 blue shoes.": {"hypothesis": "Old, short man, white hat, green shirt, large blue bag \u2192 blue shoes.", "acc": 0.6, "num_visits": 10, "reward": 0.839926295609404, "correct_examples": [[1, "black"], [2, "blue"], [3, "blue"], [5, "blue"], [6, "blue"], [8, "black"]]}, "Shirt green \u2192 bag blue \u2192 blue. Fits.": {"hypothesis": "Shirt green \u2192 bag blue \u2192 blue. Fits.", "acc": 0.7, "num_visits": 10, "reward": 0.939926295609404, "correct_examples": [[1, "black"], [2, "blue"], [3, "blue"], [5, "blue"], [6, "blue"], [8, "black"], [9, "black"]]}, "Young, man \u2192 blue.": {"hypothesis": "Young, man \u2192 blue.", "acc": 0.2, "num_visits": 10, "reward": 0.4399262956094041, "correct_examples": [[2, "blue"], [3, "blue"]]}}