{"The color of the shoes a customer buys is influenced by the color combination of their shirt and bag.": {"hypothesis": "The color of the shoes a customer buys is influenced by the color combination of their shirt and bag.", "acc": 0.3, "num_visits": 10, "reward": 0.5399262956094041, "correct_examples": [[1, "black"], [3, "blue"], [7, "green"]]}, "Younger customers are more likely to choose shoes that match the color of their clothing.": {"hypothesis": "Younger customers are more likely to choose shoes that match the color of their clothing.", "acc": 0.3, "num_visits": 10, "reward": 0.5399262956094041, "correct_examples": [[3, "blue"], [4, "white"], [9, "black"]]}, "The color of the shoes a customer buys is the same as the color of their bag.": {"hypothesis": "The color of the shoes a customer buys is the same as the color of their bag.", "acc": 0.6, "num_visits": 10, "reward": 0.839926295609404, "correct_examples": [[1, "black"], [2, "blue"], [3, "blue"], [5, "blue"], [6, "blue"], [8, "black"]]}, "The color of the shoes a customer buys is influenced by the color of their hat.": {"hypothesis": "The color of the shoes a customer buys is influenced by the color of their hat.", "acc": 0.0, "num_visits": 10, "reward": 0.23992629560940407, "correct_examples": []}, "The color of the shoes a customer buys matches the color of their shirt.": {"hypothesis": "The color of the shoes a customer buys matches the color of their shirt.", "acc": 0.4, "num_visits": 10, "reward": 0.6399262956094041, "correct_examples": [[3, "blue"], [4, "white"], [7, "green"], [9, "black"]]}}