{"Customers with a small bag are more likely to buy shoes that match the color of their shirt.": {"hypothesis": "Customers with a small bag are more likely to buy shoes that match the color of their shirt.", "acc": 0.6666666666666666, "num_visits": 18, "reward": 0.8930169192901032, "correct_examples": [[21, "blue"], [22, "blue"], [23, "blue"], [26, "black"], [27, "orange"], [28, "red"], [29, "black"], [34, "black"], [35, "black"], [37, "blue"], [38, "orange"], [39, "white"]]}, "Customers wearing a white hat are more likely to buy white shoes.}": {"hypothesis": "Customers wearing a white hat are more likely to buy white shoes.}", "acc": 0.5, "num_visits": 18, "reward": 0.7263502526234366, "correct_examples": [[26, "black"], [28, "red"], [29, "black"], [30, "white"], [31, "white"], [33, "black"], [36, "orange"], [38, "orange"], [39, "white"]]}, "Customers with white shirts are more likely to buy white shoes.}": {"hypothesis": "Customers with white shirts are more likely to buy white shoes.}", "acc": 0.625, "num_visits": 40, "reward": 0.7768403654770764, "correct_examples": [[5, "green"], [6, "white"], [7, "orange"], [9, "black"], [10, "green"], [11, "red"], [12, "orange"], [14, "white"], [15, "red"], [16, "white"], [18, "black"], [19, "green"], [21, "blue"], [22, "blue"], [24, "orange"], [25, "black"], [26, "black"], [27, "orange"], [29, "black"], [30, "white"], [33, "black"], [34, "black"], [35, "black"], [38, "orange"], [39, "white"]]}, "Customers tend to buy shoes that match the color of their shirt.": {"hypothesis": "Customers tend to buy shoes that match the color of their shirt.", "acc": 0.625, "num_visits": 40, "reward": 0.7768403654770764, "correct_examples": [[1, "red"], [2, "green"], [5, "green"], [6, "white"], [9, "black"], [10, "green"], [11, "red"], [13, "orange"], [15, "red"], [16, "white"], [19, "green"], [21, "blue"], [22, "blue"], [23, "blue"], [24, "orange"], [25, "black"], [26, "black"], [27, "orange"], [28, "red"], [29, "black"], [34, "black"], [35, "black"], [37, "blue"], [38, "orange"], [39, "white"]]}, "Men are more likely to buy shoes that match the color of their shirt.": {"hypothesis": "Men are more likely to buy shoes that match the color of their shirt.", "acc": 0.625, "num_visits": 40, "reward": 0.7768403654770764, "correct_examples": [[1, "red"], [2, "green"], [5, "green"], [6, "white"], [9, "black"], [10, "green"], [11, "red"], [13, "orange"], [15, "red"], [16, "white"], [19, "green"], [21, "blue"], [22, "blue"], [23, "blue"], [24, "orange"], [25, "black"], [26, "black"], [27, "orange"], [28, "red"], [29, "black"], [34, "black"], [35, "black"], [37, "blue"], [38, "orange"], [39, "white"]]}, "Young customers are more likely to buy shoes that match the color of their shirt.": {"hypothesis": "Young customers are more likely to buy shoes that match the color of their shirt.", "acc": 0.6, "num_visits": 40, "reward": 0.7518403654770762, "correct_examples": [[1, "red"], [2, "green"], [5, "green"], [6, "white"], [9, "black"], [10, "green"], [11, "red"], [13, "orange"], [15, "red"], [19, "green"], [21, "blue"], [22, "blue"], [23, "blue"], [24, "orange"], [25, "black"], [26, "black"], [27, "orange"], [28, "red"], [29, "black"], [34, "black"], [35, "black"], [37, "blue"], [38, "orange"], [39, "white"]]}, "Customers with small bags are more likely to buy shoes that match the color of their hat.": {"hypothesis": "Customers with small bags are more likely to buy shoes that match the color of their hat.", "acc": 0.4736842105263159, "num_visits": 38, "reward": 0.628382264466683, "correct_examples": [[0, "green"], [3, "orange"], [4, "black"], [6, "white"], [7, "orange"], [8, "red"], [12, "orange"], [14, "white"], [17, "blue"], [18, "black"], [19, "green"], [20, "orange"], [24, "orange"], [25, "black"], [28, "red"], [30, "white"], [32, "black"], [33, "black"]]}, "Older customers are more likely to buy shoes that match the color of their hat.": {"hypothesis": "Older customers are more likely to buy shoes that match the color of their hat.", "acc": 0.5, "num_visits": 40, "reward": 0.6518403654770764, "correct_examples": [[0, "green"], [3, "orange"], [4, "black"], [6, "white"], [7, "orange"], [9, "black"], [12, "orange"], [14, "white"], [17, "blue"], [18, "black"], [19, "green"], [20, "orange"], [24, "orange"], [25, "black"], [30, "white"], [31, "white"], [32, "black"], [33, "black"], [36, "orange"], [38, "orange"]]}, "Customers tend to buy shoes that match the color of their hat.": {"hypothesis": "Customers tend to buy shoes that match the color of their hat.", "acc": 0.475, "num_visits": 40, "reward": 0.6268403654770762, "correct_examples": [[0, "green"], [3, "orange"], [4, "black"], [6, "white"], [7, "orange"], [8, "red"], [12, "orange"], [14, "white"], [17, "blue"], [18, "black"], [19, "green"], [20, "orange"], [24, "orange"], [25, "black"], [30, "white"], [31, "white"], [32, "black"], [33, "black"], [36, "orange"]]}, "Young customers are more likely to buy shoes that match the color of their hat.": {"hypothesis": "Young customers are more likely to buy shoes that match the color of their hat.", "acc": 0.4444444444444444, "num_visits": 27, "reward": 0.6279692474842512, "correct_examples": [[12, "orange"], [14, "white"], [17, "blue"], [18, "black"], [19, "green"], [20, "orange"], [24, "orange"], [25, "black"], [29, "black"], [30, "white"], [32, "black"], [33, "black"]]}, "Tall customers are more likely to buy shoes that match the color of their shirt or bag.}": {"hypothesis": "Tall customers are more likely to buy shoes that match the color of their shirt or bag.}", "acc": 0.44, "num_visits": 25, "reward": 0.6320645582639841, "correct_examples": [[11, "red"], [12, "orange"], [13, "orange"], [19, "green"], [24, "orange"], [25, "black"], [26, "black"], [27, "orange"], [28, "red"], [29, "black"], [38, "orange"]]}, "Customers with large bags are more likely to buy shoes that match the color of their shirt.": {"hypothesis": "Customers with large bags are more likely to buy shoes that match the color of their shirt.", "acc": 0.5, "num_visits": 34, "reward": 0.6646939999914712, "correct_examples": [[1, "red"], [9, "black"], [10, "green"], [11, "red"], [13, "orange"], [15, "red"], [19, "green"], [21, "blue"], [23, "blue"], [24, "orange"], [25, "black"], [26, "black"], [27, "orange"], [28, "red"], [29, "black"], [38, "orange"], [39, "white"]]}, "Younger customers are more likely to buy shoes that match the color of their bag.": {"hypothesis": "Younger customers are more likely to buy shoes that match the color of their bag.", "acc": 0.3, "num_visits": 10, "reward": 0.5943525056288687, "correct_examples": [[26, "black"], [28, "red"], [29, "black"]]}, "Customers with a large bag are more likely to buy shoes that match the color of their bag.": {"hypothesis": "Customers with a large bag are more likely to buy shoes that match the color of their bag.", "acc": 0.3, "num_visits": 10, "reward": 0.5943525056288687, "correct_examples": [[26, "black"], [28, "red"], [29, "black"]]}, "Older customers tend to buy shoes in neutral or darker colors.": {"hypothesis": "Older customers tend to buy shoes in neutral or darker colors.", "acc": 0.2, "num_visits": 10, "reward": 0.4736664152555987, "correct_examples": [[18, "black"], [19, "green"]]}, "Customers often choose shoes that match the color of their bag.": {"hypothesis": "Customers often choose shoes that match the color of their bag.", "acc": 0.1, "num_visits": 10, "reward": 0.37366641525559874, "correct_examples": [[12, "orange"]]}, "Customers tend to buy shoes that match the color of their bag.": {"hypothesis": "Customers tend to buy shoes that match the color of their bag.", "acc": 0.1, "num_visits": 20, "reward": 0.2935113780102475, "correct_examples": [[7, "orange"], [12, "orange"]]}, "Women are more likely to buy shoes that match the color of their bag.": {"hypothesis": "Women are more likely to buy shoes that match the color of their bag.", "acc": 0.1, "num_visits": 20, "reward": 0.2935113780102475, "correct_examples": [[7, "orange"], [12, "orange"]]}}