{"Customers with white shirts are more likely to buy white shoes.}": {"hypothesis": "Customers with white shirts are more likely to buy white shoes.}", "acc": 0.6333333333333333, "num_visits": 30, "reward": 0.8016880526430434, "correct_examples": [[5, "green"], [6, "white"], [7, "orange"], [9, "black"], [10, "green"], [11, "red"], [12, "orange"], [14, "white"], [15, "red"], [16, "white"], [18, "black"], [19, "green"], [21, "blue"], [22, "blue"], [24, "orange"], [25, "black"], [26, "black"], [27, "orange"], [29, "black"]]}, "Young customers are more likely to buy shoes that match the color of their hat.": {"hypothesis": "Young customers are more likely to buy shoes that match the color of their hat.", "acc": 0.45, "num_visits": 20, "reward": 0.656191579049138, "correct_examples": [[12, "orange"], [14, "white"], [17, "blue"], [18, "black"], [19, "green"], [20, "orange"], [24, "orange"], [25, "black"], [29, "black"]]}, "Customers tend to buy shoes that match the color of their shirt.": {"hypothesis": "Customers tend to buy shoes that match the color of their shirt.", "acc": 0.6666666666666666, "num_visits": 30, "reward": 0.8350213859763768, "correct_examples": [[1, "red"], [2, "green"], [5, "green"], [6, "white"], [9, "black"], [10, "green"], [11, "red"], [13, "orange"], [15, "red"], [16, "white"], [19, "green"], [21, "blue"], [22, "blue"], [23, "blue"], [24, "orange"], [25, "black"], [26, "black"], [27, "orange"], [28, "red"], [29, "black"]]}, "Customers tend to buy shoes that match the color of their hat.": {"hypothesis": "Customers tend to buy shoes that match the color of their hat.", "acc": 0.4666666666666667, "num_visits": 30, "reward": 0.6350213859763768, "correct_examples": [[0, "green"], [3, "orange"], [4, "black"], [6, "white"], [7, "orange"], [8, "red"], [12, "orange"], [14, "white"], [17, "blue"], [18, "black"], [19, "green"], [20, "orange"], [24, "orange"], [25, "black"]]}, "Older customers are more likely to buy shoes that match the color of their hat.": {"hypothesis": "Older customers are more likely to buy shoes that match the color of their hat.", "acc": 0.4666666666666667, "num_visits": 30, "reward": 0.6350213859763768, "correct_examples": [[0, "green"], [3, "orange"], [4, "black"], [6, "white"], [7, "orange"], [9, "black"], [12, "orange"], [14, "white"], [17, "blue"], [18, "black"], [19, "green"], [20, "orange"], [24, "orange"], [25, "black"]]}, "Customers with small bags are more likely to buy shoes that match the color of their hat.": {"hypothesis": "Customers with small bags are more likely to buy shoes that match the color of their hat.", "acc": 0.5000000000000001, "num_visits": 30, "reward": 0.6683547193097102, "correct_examples": [[0, "green"], [3, "orange"], [4, "black"], [6, "white"], [7, "orange"], [8, "red"], [12, "orange"], [14, "white"], [17, "blue"], [18, "black"], [19, "green"], [20, "orange"], [24, "orange"], [25, "black"], [28, "red"]]}, "Men are more likely to buy shoes that match the color of their shirt.": {"hypothesis": "Men are more likely to buy shoes that match the color of their shirt.", "acc": 0.6666666666666666, "num_visits": 30, "reward": 0.8350213859763768, "correct_examples": [[1, "red"], [2, "green"], [5, "green"], [6, "white"], [9, "black"], [10, "green"], [11, "red"], [13, "orange"], [15, "red"], [16, "white"], [19, "green"], [21, "blue"], [22, "blue"], [23, "blue"], [24, "orange"], [25, "black"], [26, "black"], [27, "orange"], [28, "red"], [29, "black"]]}, "Young customers are more likely to buy shoes that match the color of their shirt.": {"hypothesis": "Young customers are more likely to buy shoes that match the color of their shirt.", "acc": 0.6333333333333333, "num_visits": 30, "reward": 0.8016880526430434, "correct_examples": [[1, "red"], [2, "green"], [5, "green"], [6, "white"], [9, "black"], [10, "green"], [11, "red"], [13, "orange"], [15, "red"], [19, "green"], [21, "blue"], [22, "blue"], [23, "blue"], [24, "orange"], [25, "black"], [26, "black"], [27, "orange"], [28, "red"], [29, "black"]]}, "Tall customers are more likely to buy shoes that match the color of their shirt or bag.}": {"hypothesis": "Tall customers are more likely to buy shoes that match the color of their shirt or bag.}", "acc": 0.5, "num_visits": 20, "reward": 0.706191579049138, "correct_examples": [[11, "red"], [12, "orange"], [13, "orange"], [19, "green"], [24, "orange"], [25, "black"], [26, "black"], [27, "orange"], [28, "red"], [29, "black"]]}, "Customers with large bags are more likely to buy shoes that match the color of their shirt.": {"hypothesis": "Customers with large bags are more likely to buy shoes that match the color of their shirt.", "acc": 0.5, "num_visits": 30, "reward": 0.6683547193097101, "correct_examples": [[1, "red"], [9, "black"], [10, "green"], [11, "red"], [13, "orange"], [15, "red"], [19, "green"], [21, "blue"], [23, "blue"], [24, "orange"], [25, "black"], [26, "black"], [27, "orange"], [28, "red"], [29, "black"]]}, "Older customers tend to buy shoes in neutral or darker colors.": {"hypothesis": "Older customers tend to buy shoes in neutral or darker colors.", "acc": 0.2, "num_visits": 10, "reward": 0.4736664152555987, "correct_examples": [[18, "black"], [19, "green"]]}, "Customers often choose shoes that match the color of their bag.": {"hypothesis": "Customers often choose shoes that match the color of their bag.", "acc": 0.1, "num_visits": 10, "reward": 0.37366641525559874, "correct_examples": [[12, "orange"]]}, "Customers tend to buy shoes that match the color of their bag.": {"hypothesis": "Customers tend to buy shoes that match the color of their bag.", "acc": 0.1, "num_visits": 20, "reward": 0.2935113780102475, "correct_examples": [[7, "orange"], [12, "orange"]]}, "Women are more likely to buy shoes that match the color of their bag.": {"hypothesis": "Women are more likely to buy shoes that match the color of their bag.", "acc": 0.1, "num_visits": 20, "reward": 0.2935113780102475, "correct_examples": [[7, "orange"], [12, "orange"]]}}