{"Customers with a white shirt are more likely to buy white shoes.": {"hypothesis": "Customers with a white shirt are more likely to buy white shoes.", "acc": 0.6538461538461539, "num_visits": 26, "reward": 0.8591139581585907, "correct_examples": [[54, "green"], [56, "red"], [57, "red"], [58, "blue"], [60, "white"], [61, "white"], [63, "orange"], [64, "white"], [68, "green"], [69, "white"], [70, "white"], [73, "green"], [74, "blue"], [75, "blue"], [76, "black"], [77, "blue"], [78, "green"]]}, "Young and tall customers with a small bag tend to buy shoes that match their shirt color.": {"hypothesis": "Young and tall customers with a small bag tend to buy shoes that match their shirt color.", "acc": 0.7659574468085106, "num_visits": 47, "reward": 0.9186291609932119, "correct_examples": [[34, "black"], [35, "black"], [37, "blue"], [39, "white"], [41, "green"], [42, "blue"], [44, "black"], [45, "red"], [47, "orange"], [48, "blue"], [50, "orange"], [52, "black"], [53, "green"], [54, "green"], [55, "red"], [56, "red"], [57, "red"], [58, "blue"], [60, "white"], [61, "white"], [63, "orange"], [64, "white"], [65, "red"], [66, "blue"], [67, "green"], [68, "green"], [69, "white"], [70, "white"], [71, "red"], [72, "blue"], [73, "green"], [74, "blue"], [75, "blue"], [76, "black"], [77, "blue"], [78, "green"]]}, "Customers with a small bag are more likely to buy shoes that match the color of their shirt.": {"hypothesis": "Customers with a small bag are more likely to buy shoes that match the color of their shirt.", "acc": 0.7413793103448276, "num_visits": 58, "reward": 0.8788130974537899, "correct_examples": [[21, "blue"], [22, "blue"], [23, "blue"], [26, "black"], [27, "orange"], [28, "red"], [29, "black"], [34, "black"], [35, "black"], [37, "blue"], [38, "orange"], [39, "white"], [41, "green"], [42, "blue"], [43, "blue"], [45, "red"], [47, "orange"], [48, "blue"], [50, "orange"], [52, "black"], [53, "green"], [54, "green"], [55, "red"], [56, "red"], [57, "red"], [58, "blue"], [60, "white"], [61, "white"], [63, "orange"], [64, "white"], [66, "blue"], [67, "green"], [68, "green"], [69, "white"], [71, "red"], [72, "blue"], [73, "green"], [74, "blue"], [75, "blue"], [76, "black"], [77, "blue"], [78, "green"], [79, "green"]]}, "Customers with a green hat are more likely to buy green shoes.": {"hypothesis": "Customers with a green hat are more likely to buy green shoes.", "acc": 0.5, "num_visits": 26, "reward": 0.7052678043124369, "correct_examples": [[54, "green"], [57, "red"], [60, "white"], [61, "white"], [62, "green"], [64, "white"], [68, "green"], [69, "white"], [70, "white"], [73, "green"], [74, "blue"], [77, "blue"], [78, "green"]]}, "Customers with a red hat are more likely to buy red shoes.": {"hypothesis": "Customers with a red hat are more likely to buy red shoes.", "acc": 0.46153846153846156, "num_visits": 26, "reward": 0.6668062658508984, "correct_examples": [[56, "red"], [57, "red"], [59, "black"], [61, "white"], [62, "green"], [64, "white"], [68, "green"], [69, "white"], [70, "white"], [71, "red"], [74, "blue"], [78, "green"]]}, "Customers tend to buy shoes that match the color of their shirt.": {"hypothesis": "Customers tend to buy shoes that match the color of their shirt.", "acc": 0.7500000000000001, "num_visits": 80, "reward": 0.8670206530205498, "correct_examples": [[1, "red"], [2, "green"], [5, "green"], [6, "white"], [9, "black"], [10, "green"], [11, "red"], [13, "orange"], [15, "red"], [16, "white"], [19, "green"], [21, "blue"], [22, "blue"], [23, "blue"], [24, "orange"], [25, "black"], [26, "black"], [27, "orange"], [28, "red"], [29, "black"], [34, "black"], [35, "black"], [37, "blue"], [38, "orange"], [39, "white"], [41, "green"], [42, "blue"], [43, "blue"], [44, "black"], [45, "red"], [47, "orange"], [48, "blue"], [50, "orange"], [51, "white"], [52, "black"], [53, "green"], [54, "green"], [55, "red"], [56, "red"], [57, "red"], [58, "blue"], [60, "white"], [61, "white"], [63, "orange"], [64, "white"], [65, "red"], [66, "blue"], [67, "green"], [68, "green"], [69, "white"], [70, "white"], [71, "red"], [72, "blue"], [73, "green"], [74, "blue"], [75, "blue"], [76, "black"], [77, "blue"], [78, "green"], [79, "green"]]}, "Men are more likely to buy shoes that match the color of their shirt.": {"hypothesis": "Men are more likely to buy shoes that match the color of their shirt.", "acc": 0.7500000000000001, "num_visits": 80, "reward": 0.8670206530205498, "correct_examples": [[1, "red"], [2, "green"], [5, "green"], [6, "white"], [9, "black"], [10, "green"], [11, "red"], [13, "orange"], [15, "red"], [16, "white"], [19, "green"], [21, "blue"], [22, "blue"], [23, "blue"], [24, "orange"], [25, "black"], [26, "black"], [27, "orange"], [28, "red"], [29, "black"], [34, "black"], [35, "black"], [37, "blue"], [38, "orange"], [39, "white"], [41, "green"], [42, "blue"], [43, "blue"], [44, "black"], [45, "red"], [47, "orange"], [48, "blue"], [50, "orange"], [51, "white"], [52, "black"], [53, "green"], [54, "green"], [55, "red"], [56, "red"], [57, "red"], [58, "blue"], [60, "white"], [61, "white"], [63, "orange"], [64, "white"], [65, "red"], [66, "blue"], [67, "green"], [68, "green"], [69, "white"], [70, "white"], [71, "red"], [72, "blue"], [73, "green"], [74, "blue"], [75, "blue"], [76, "black"], [77, "blue"], [78, "green"], [79, "green"]]}, "Young customers are more likely to buy shoes that match the color of their shirt.": {"hypothesis": "Young customers are more likely to buy shoes that match the color of their shirt.", "acc": 0.7124999999999999, "num_visits": 80, "reward": 0.8295206530205496, "correct_examples": [[1, "red"], [2, "green"], [5, "green"], [6, "white"], [9, "black"], [10, "green"], [11, "red"], [13, "orange"], [15, "red"], [19, "green"], [21, "blue"], [22, "blue"], [23, "blue"], [24, "orange"], [25, "black"], [26, "black"], [27, "orange"], [28, "red"], [29, "black"], [34, "black"], [35, "black"], [37, "blue"], [38, "orange"], [39, "white"], [41, "green"], [42, "blue"], [43, "blue"], [44, "black"], [45, "red"], [47, "orange"], [48, "blue"], [50, "orange"], [51, "white"], [52, "black"], [53, "green"], [54, "green"], [55, "red"], [56, "red"], [57, "red"], [58, "blue"], [60, "white"], [61, "white"], [63, "orange"], [64, "white"], [66, "blue"], [67, "green"], [68, "green"], [69, "white"], [70, "white"], [71, "red"], [73, "green"], [74, "blue"], [75, "blue"], [76, "black"], [77, "blue"], [78, "green"], [79, "green"]]}, "Customers with a blue bag are more likely to buy red shoes.": {"hypothesis": "Customers with a blue bag are more likely to buy red shoes.", "acc": 0.4, "num_visits": 15, "reward": 0.6656472129409372, "correct_examples": [[55, "red"], [56, "red"], [57, "red"], [60, "white"], [64, "white"], [65, "red"]]}, "Customers with large bags are more likely to buy shoes that match the color of their shirt.": {"hypothesis": "Customers with large bags are more likely to buy shoes that match the color of their shirt.", "acc": 0.6575342465753423, "num_visits": 73, "reward": 0.7800370650315112, "correct_examples": [[1, "red"], [9, "black"], [10, "green"], [11, "red"], [13, "orange"], [15, "red"], [19, "green"], [21, "blue"], [23, "blue"], [24, "orange"], [25, "black"], [26, "black"], [27, "orange"], [28, "red"], [29, "black"], [38, "orange"], [39, "white"], [41, "green"], [42, "blue"], [44, "black"], [45, "red"], [47, "orange"], [48, "blue"], [50, "orange"], [51, "white"], [52, "black"], [53, "green"], [54, "green"], [55, "red"], [57, "red"], [60, "white"], [61, "white"], [63, "orange"], [64, "white"], [65, "red"], [66, "blue"], [67, "green"], [68, "green"], [69, "white"], [71, "red"], [72, "blue"], [73, "green"], [74, "blue"], [75, "blue"], [76, "black"], [77, "blue"], [78, "green"], [79, "green"]]}, "Customers with white shirts are more likely to buy white shoes.}": {"hypothesis": "Customers with white shirts are more likely to buy white shoes.}", "acc": 0.5866666666666667, "num_visits": 75, "reward": 0.7075250774162415, "correct_examples": [[5, "green"], [6, "white"], [7, "orange"], [9, "black"], [10, "green"], [11, "red"], [12, "orange"], [14, "white"], [15, "red"], [16, "white"], [18, "black"], [19, "green"], [21, "blue"], [22, "blue"], [24, "orange"], [25, "black"], [26, "black"], [27, "orange"], [29, "black"], [30, "white"], [33, "black"], [34, "black"], [35, "black"], [38, "orange"], [39, "white"], [43, "blue"], [46, "white"], [47, "orange"], [50, "orange"], [51, "white"], [52, "black"], [56, "red"], [57, "red"], [58, "blue"], [60, "white"], [61, "white"], [69, "white"], [70, "white"], [73, "green"], [74, "blue"], [75, "blue"], [76, "black"], [77, "blue"], [78, "green"]]}, "Older customers are more likely to buy shoes that match the color of their hat.}": {"hypothesis": "Older customers are more likely to buy shoes that match the color of their hat.}", "acc": 0.4, "num_visits": 20, "reward": 0.6280044704430067, "correct_examples": [[43, "blue"], [44, "black"], [46, "white"], [48, "blue"], [49, "blue"], [56, "red"], [59, "black"], [62, "green"]]}, "Customers with a large bag are more likely to buy green or red shoes.}": {"hypothesis": "Customers with a large bag are more likely to buy green or red shoes.}", "acc": 0.3, "num_visits": 10, "reward": 0.6224470143821954, "correct_examples": [[54, "green"], [56, "red"], [57, "red"]]}, "Young customers are more likely to buy shoes that match the color of their hat.": {"hypothesis": "Young customers are more likely to buy shoes that match the color of their hat.", "acc": 0.41935483870967744, "num_visits": 31, "reward": 0.6024924364456788, "correct_examples": [[12, "orange"], [14, "white"], [17, "blue"], [18, "black"], [19, "green"], [20, "orange"], [24, "orange"], [25, "black"], [29, "black"], [30, "white"], [32, "black"], [33, "black"], [62, "green"]]}, "Tall customers are more likely to buy shoes that match the color of their shirt or bag.}": {"hypothesis": "Tall customers are more likely to buy shoes that match the color of their shirt or bag.}", "acc": 0.4324324324324325, "num_visits": 37, "reward": 0.5987588893936883, "correct_examples": [[11, "red"], [12, "orange"], [13, "orange"], [19, "green"], [24, "orange"], [25, "black"], [26, "black"], [27, "orange"], [28, "red"], [29, "black"], [38, "orange"], [40, "red"], [41, "green"], [42, "blue"], [43, "blue"], [53, "green"]]}, "Old customers tend to buy black or white shoes.}": {"hypothesis": "Old customers tend to buy black or white shoes.}", "acc": 0.35294117647058826, "num_visits": 17, "reward": 0.5967784916864604, "correct_examples": [[32, "black"], [33, "black"], [34, "black"], [35, "black"], [42, "blue"], [44, "black"]]}, "Customers tend to buy shoes that match the color of their hat.": {"hypothesis": "Customers tend to buy shoes that match the color of their hat.", "acc": 0.4418604651162791, "num_visits": 43, "reward": 0.5964581023649385, "correct_examples": [[0, "green"], [3, "orange"], [4, "black"], [6, "white"], [7, "orange"], [8, "red"], [12, "orange"], [14, "white"], [17, "blue"], [18, "black"], [19, "green"], [20, "orange"], [24, "orange"], [25, "black"], [30, "white"], [31, "white"], [32, "black"], [33, "black"], [36, "orange"]]}, "Customers with small bags are more likely to buy shoes that match the color of their hat.": {"hypothesis": "Customers with small bags are more likely to buy shoes that match the color of their hat.", "acc": 0.44444444444444453, "num_visits": 45, "reward": 0.5958661217610085, "correct_examples": [[0, "green"], [3, "orange"], [4, "black"], [6, "white"], [7, "orange"], [8, "red"], [12, "orange"], [14, "white"], [17, "blue"], [18, "black"], [19, "green"], [20, "orange"], [24, "orange"], [25, "black"], [28, "red"], [30, "white"], [32, "black"], [33, "black"], [40, "red"], [41, "green"]]}, "Younger customers are more likely to buy shoes that match the color of their bag.": {"hypothesis": "Younger customers are more likely to buy shoes that match the color of their bag.", "acc": 0.3, "num_visits": 10, "reward": 0.5943525056288687, "correct_examples": [[26, "black"], [28, "red"], [29, "black"]]}, "Customers with a large bag are more likely to buy shoes that match the color of their bag.": {"hypothesis": "Customers with a large bag are more likely to buy shoes that match the color of their bag.", "acc": 0.3, "num_visits": 10, "reward": 0.5943525056288687, "correct_examples": [[26, "black"], [28, "red"], [29, "black"]]}}