{"Young and tall customers with a small bag tend to buy shoes that match their shirt color.": {"hypothesis": "Young and tall customers with a small bag tend to buy shoes that match their shirt color.", "acc": 0.5882352941176471, "num_visits": 17, "reward": 0.8280888954661065, "correct_examples": [[34, "black"], [35, "black"], [37, "blue"], [39, "white"], [41, "green"], [42, "blue"], [44, "black"], [45, "red"], [47, "orange"], [48, "blue"]]}, "Customers with a small bag are more likely to buy shoes that match the color of their shirt.": {"hypothesis": "Customers with a small bag are more likely to buy shoes that match the color of their shirt.", "acc": 0.6428571428571429, "num_visits": 28, "reward": 0.8297495633406389, "correct_examples": [[21, "blue"], [22, "blue"], [23, "blue"], [26, "black"], [27, "orange"], [28, "red"], [29, "black"], [34, "black"], [35, "black"], [37, "blue"], [38, "orange"], [39, "white"], [41, "green"], [42, "blue"], [43, "blue"], [45, "red"], [47, "orange"], [48, "blue"]]}, "Customers with a large red bag tend to buy black shoes.": {"hypothesis": "Customers with a large red bag tend to buy black shoes.", "acc": 0.35714285714285715, "num_visits": 14, "reward": 0.6207652974579596, "correct_examples": [[32, "black"], [33, "black"], [34, "black"], [35, "black"], [39, "white"]]}, "Old customers tend to buy black or white shoes.}": {"hypothesis": "Old customers tend to buy black or white shoes.}", "acc": 0.375, "num_visits": 16, "reward": 0.6222354332611222, "correct_examples": [[32, "black"], [33, "black"], [34, "black"], [35, "black"], [42, "blue"], [44, "black"]]}, "Customers tend to buy shoes that match the color of their shirt.": {"hypothesis": "Customers tend to buy shoes that match the color of their shirt.", "acc": 0.6400000000000001, "num_visits": 50, "reward": 0.779857481126827, "correct_examples": [[1, "red"], [2, "green"], [5, "green"], [6, "white"], [9, "black"], [10, "green"], [11, "red"], [13, "orange"], [15, "red"], [16, "white"], [19, "green"], [21, "blue"], [22, "blue"], [23, "blue"], [24, "orange"], [25, "black"], [26, "black"], [27, "orange"], [28, "red"], [29, "black"], [34, "black"], [35, "black"], [37, "blue"], [38, "orange"], [39, "white"], [41, "green"], [42, "blue"], [43, "blue"], [44, "black"], [45, "red"], [47, "orange"], [48, "blue"]]}, "Men are more likely to buy shoes that match the color of their shirt.": {"hypothesis": "Men are more likely to buy shoes that match the color of their shirt.", "acc": 0.6400000000000001, "num_visits": 50, "reward": 0.779857481126827, "correct_examples": [[1, "red"], [2, "green"], [5, "green"], [6, "white"], [9, "black"], [10, "green"], [11, "red"], [13, "orange"], [15, "red"], [16, "white"], [19, "green"], [21, "blue"], [22, "blue"], [23, "blue"], [24, "orange"], [25, "black"], [26, "black"], [27, "orange"], [28, "red"], [29, "black"], [34, "black"], [35, "black"], [37, "blue"], [38, "orange"], [39, "white"], [41, "green"], [42, "blue"], [43, "blue"], [44, "black"], [45, "red"], [47, "orange"], [48, "blue"]]}, "Young customers are more likely to buy shoes that match the color of their shirt.": {"hypothesis": "Young customers are more likely to buy shoes that match the color of their shirt.", "acc": 0.62, "num_visits": 50, "reward": 0.7598574811268268, "correct_examples": [[1, "red"], [2, "green"], [5, "green"], [6, "white"], [9, "black"], [10, "green"], [11, "red"], [13, "orange"], [15, "red"], [19, "green"], [21, "blue"], [22, "blue"], [23, "blue"], [24, "orange"], [25, "black"], [26, "black"], [27, "orange"], [28, "red"], [29, "black"], [34, "black"], [35, "black"], [37, "blue"], [38, "orange"], [39, "white"], [41, "green"], [42, "blue"], [43, "blue"], [44, "black"], [45, "red"], [47, "orange"], [48, "blue"]]}, "Customers with white shirts are more likely to buy white shoes.}": {"hypothesis": "Customers with white shirts are more likely to buy white shoes.}", "acc": 0.56, "num_visits": 50, "reward": 0.6998574811268269, "correct_examples": [[5, "green"], [6, "white"], [7, "orange"], [9, "black"], [10, "green"], [11, "red"], [12, "orange"], [14, "white"], [15, "red"], [16, "white"], [18, "black"], [19, "green"], [21, "blue"], [22, "blue"], [24, "orange"], [25, "black"], [26, "black"], [27, "orange"], [29, "black"], [30, "white"], [33, "black"], [34, "black"], [35, "black"], [38, "orange"], [39, "white"], [43, "blue"], [46, "white"], [47, "orange"]]}, "Customers wearing a white hat are more likely to buy white shoes.}": {"hypothesis": "Customers wearing a white hat are more likely to buy white shoes.}", "acc": 0.46153846153846156, "num_visits": 26, "reward": 0.6554858921000044, "correct_examples": [[26, "black"], [28, "red"], [29, "black"], [30, "white"], [31, "white"], [33, "black"], [36, "orange"], [38, "orange"], [39, "white"], [40, "red"], [46, "white"], [47, "orange"]]}, "Tall customers are more likely to buy shoes that match the color of their shirt or bag.}": {"hypothesis": "Tall customers are more likely to buy shoes that match the color of their shirt or bag.}", "acc": 0.4687500000000001, "num_visits": 32, "reward": 0.6421837860347859, "correct_examples": [[11, "red"], [12, "orange"], [13, "orange"], [19, "green"], [24, "orange"], [25, "black"], [26, "black"], [27, "orange"], [28, "red"], [29, "black"], [38, "orange"], [40, "red"], [41, "green"], [42, "blue"], [43, "blue"]]}, "Customers with large bags are more likely to buy shoes that match the color of their shirt.": {"hypothesis": "Customers with large bags are more likely to buy shoes that match the color of their shirt.", "acc": 0.5348837209302326, "num_visits": 43, "reward": 0.6856959213617655, "correct_examples": [[1, "red"], [9, "black"], [10, "green"], [11, "red"], [13, "orange"], [15, "red"], [19, "green"], [21, "blue"], [23, "blue"], [24, "orange"], [25, "black"], [26, "black"], [27, "orange"], [28, "red"], [29, "black"], [38, "orange"], [39, "white"], [41, "green"], [42, "blue"], [44, "black"], [45, "red"], [47, "orange"], [48, "blue"]]}, "Older customers are more likely to buy shoes that match the color of their hat.": {"hypothesis": "Older customers are more likely to buy shoes that match the color of their hat.", "acc": 0.5434782608695652, "num_visits": 46, "reward": 0.6892897645128586, "correct_examples": [[0, "green"], [3, "orange"], [4, "black"], [6, "white"], [7, "orange"], [9, "black"], [12, "orange"], [14, "white"], [17, "blue"], [18, "black"], [19, "green"], [20, "orange"], [24, "orange"], [25, "black"], [30, "white"], [31, "white"], [32, "black"], [33, "black"], [36, "orange"], [38, "orange"], [40, "red"], [41, "green"], [47, "orange"], [48, "blue"], [49, "blue"]]}, "Customers with small bags are more likely to buy shoes that match the color of their hat.": {"hypothesis": "Customers with small bags are more likely to buy shoes that match the color of their hat.", "acc": 0.4878048780487806, "num_visits": 41, "reward": 0.6392451205436736, "correct_examples": [[0, "green"], [3, "orange"], [4, "black"], [6, "white"], [7, "orange"], [8, "red"], [12, "orange"], [14, "white"], [17, "blue"], [18, "black"], [19, "green"], [20, "orange"], [24, "orange"], [25, "black"], [28, "red"], [30, "white"], [32, "black"], [33, "black"], [40, "red"], [41, "green"]]}, "Young customers are more likely to buy shoes that match the color of their hat.": {"hypothesis": "Young customers are more likely to buy shoes that match the color of their hat.", "acc": 0.4444444444444444, "num_visits": 27, "reward": 0.6279692474842512, "correct_examples": [[12, "orange"], [14, "white"], [17, "blue"], [18, "black"], [19, "green"], [20, "orange"], [24, "orange"], [25, "black"], [29, "black"], [30, "white"], [32, "black"], [33, "black"]]}, "Customers tend to buy shoes that match the color of their hat.": {"hypothesis": "Customers tend to buy shoes that match the color of their hat.", "acc": 0.475, "num_visits": 40, "reward": 0.6268403654770762, "correct_examples": [[0, "green"], [3, "orange"], [4, "black"], [6, "white"], [7, "orange"], [8, "red"], [12, "orange"], [14, "white"], [17, "blue"], [18, "black"], [19, "green"], [20, "orange"], [24, "orange"], [25, "black"], [30, "white"], [31, "white"], [32, "black"], [33, "black"], [36, "orange"]]}, "Young and tall customers with a blue shirt tend to buy orange or blue shoes.": {"hypothesis": "Young and tall customers with a blue shirt tend to buy orange or blue shoes.", "acc": 0.3, "num_visits": 10, "reward": 0.606643119753793, "correct_examples": [[32, "black"], [34, "black"], [36, "orange"]]}, "Younger customers are more likely to buy shoes that match the color of their bag.": {"hypothesis": "Younger customers are more likely to buy shoes that match the color of their bag.", "acc": 0.3, "num_visits": 10, "reward": 0.5943525056288687, "correct_examples": [[26, "black"], [28, "red"], [29, "black"]]}, "Customers with a large bag are more likely to buy shoes that match the color of their bag.": {"hypothesis": "Customers with a large bag are more likely to buy shoes that match the color of their bag.", "acc": 0.3, "num_visits": 10, "reward": 0.5943525056288687, "correct_examples": [[26, "black"], [28, "red"], [29, "black"]]}, "Customers with an orange hat tend to buy shoes that match their bag color.": {"hypothesis": "Customers with an orange hat tend to buy shoes that match their bag color.", "acc": 0.2, "num_visits": 10, "reward": 0.5066431197537931, "correct_examples": [[33, "black"], [40, "red"]]}, "Older customers tend to buy shoes in neutral or darker colors.": {"hypothesis": "Older customers tend to buy shoes in neutral or darker colors.", "acc": 0.2, "num_visits": 10, "reward": 0.4736664152555987, "correct_examples": [[18, "black"], [19, "green"]]}}