{"The color of the shoes matches the color of the hat.": {"hypothesis": "The color of the shoes matches the color of the hat.", "acc": 0.7692307692307693, "num_visits": 39, "reward": 0.9535228549601554, "correct_examples": [[161, "green"], [162, "orange"], [164, "blue"], [167, "orange"], [168, "red"], [170, "blue"], [151, "orange"], [152, "orange"], [153, "orange"], [156, "white"], [172, "red"], [173, "red"], [174, "blue"], [175, "red"], [177, "orange"], [178, "black"], [180, "red"], [183, "white"], [185, "red"], [186, "white"], [187, "blue"], [188, "white"], [189, "red"], [190, "green"], [191, "orange"], [195, "black"], [196, "red"], [197, "black"], [198, "red"], [199, "green"]]}, "Young and tall women tend to buy shoes that match the color of their hat.": {"hypothesis": "Young and tall women tend to buy shoes that match the color of their hat.", "acc": 0.6923076923076923, "num_visits": 39, "reward": 0.8765997780370784, "correct_examples": [[161, "green"], [162, "orange"], [164, "blue"], [167, "orange"], [151, "orange"], [152, "orange"], [156, "white"], [172, "red"], [173, "red"], [174, "blue"], [175, "red"], [177, "orange"], [178, "black"], [180, "red"], [183, "white"], [185, "red"], [186, "white"], [187, "blue"], [188, "white"], [189, "red"], [190, "green"], [191, "orange"], [195, "black"], [196, "red"], [197, "black"], [198, "red"], [199, "green"]]}, "Customers tend to buy shoes that match the color of their hat.": {"hypothesis": "Customers tend to buy shoes that match the color of their hat.", "acc": 0.7307692307692307, "num_visits": 78, "reward": 0.8610834143074922, "correct_examples": [[128, "orange"], [129, "orange"], [130, "red"], [131, "orange"], [109, "blue"], [114, "red"], [119, "blue"], [125, "green"], [126, "green"], [132, "black"], [133, "blue"], [134, "green"], [135, "black"], [138, "black"], [140, "blue"], [142, "black"], [144, "white"], [145, "black"], [147, "black"], [148, "green"], [149, "white"], [150, "black"], [151, "orange"], [152, "orange"], [153, "orange"], [154, "white"], [156, "white"], [159, "blue"], [160, "orange"], [161, "green"], [162, "orange"], [164, "blue"], [166, "black"], [167, "orange"], [168, "red"], [169, "black"], [170, "blue"], [172, "red"], [173, "red"], [174, "blue"], [175, "red"], [177, "orange"], [178, "black"], [180, "red"], [183, "white"], [185, "red"], [186, "white"], [187, "blue"], [188, "white"], [189, "red"], [190, "green"], [191, "orange"], [195, "black"], [196, "red"], [197, "black"], [198, "red"], [199, "green"]]}, "Young women are more likely to buy shoes that match the color of their hat.": {"hypothesis": "Young women are more likely to buy shoes that match the color of their hat.", "acc": 0.6796116504854367, "num_visits": 103, "reward": 0.7930135623217294, "correct_examples": [[96, "orange"], [99, "blue"], [101, "green"], [103, "black"], [106, "green"], [89, "white"], [90, "orange"], [91, "green"], [93, "green"], [95, "red"], [109, "blue"], [114, "red"], [115, "black"], [116, "white"], [119, "blue"], [124, "orange"], [125, "green"], [126, "green"], [128, "orange"], [129, "orange"], [130, "red"], [131, "orange"], [132, "black"], [133, "blue"], [134, "green"], [135, "black"], [138, "black"], [140, "blue"], [142, "black"], [144, "white"], [145, "black"], [147, "black"], [148, "green"], [149, "white"], [150, "black"], [151, "orange"], [152, "orange"], [153, "orange"], [154, "white"], [156, "white"], [159, "blue"], [160, "orange"], [161, "green"], [162, "orange"], [164, "blue"], [166, "black"], [167, "orange"], [168, "red"], [169, "black"], [170, "blue"], [172, "red"], [173, "red"], [174, "blue"], [175, "red"], [177, "orange"], [178, "black"], [180, "red"], [183, "white"], [185, "red"], [186, "white"], [187, "blue"], [188, "white"], [189, "red"], [190, "green"], [191, "orange"], [195, "black"], [196, "red"], [197, "black"], [198, "red"], [199, "green"]]}, "The color of the shoes is often the same as the color of the hat.": {"hypothesis": "The color of the shoes is often the same as the color of the hat.", "acc": 0.6699029126213589, "num_visits": 103, "reward": 0.7833048244576516, "correct_examples": [[96, "orange"], [99, "blue"], [101, "green"], [103, "black"], [106, "green"], [89, "white"], [90, "orange"], [91, "green"], [93, "green"], [95, "red"], [109, "blue"], [114, "red"], [115, "black"], [116, "white"], [119, "blue"], [125, "green"], [126, "green"], [128, "orange"], [129, "orange"], [130, "red"], [131, "orange"], [132, "black"], [133, "blue"], [134, "green"], [135, "black"], [138, "black"], [140, "blue"], [142, "black"], [144, "white"], [145, "black"], [147, "black"], [148, "green"], [149, "white"], [150, "black"], [151, "orange"], [152, "orange"], [153, "orange"], [154, "white"], [156, "white"], [159, "blue"], [160, "orange"], [161, "green"], [162, "orange"], [164, "blue"], [166, "black"], [167, "orange"], [168, "red"], [169, "black"], [170, "blue"], [172, "red"], [173, "red"], [174, "blue"], [175, "red"], [177, "orange"], [178, "black"], [180, "red"], [183, "white"], [185, "red"], [186, "white"], [187, "blue"], [188, "white"], [189, "red"], [190, "green"], [191, "orange"], [195, "black"], [196, "red"], [197, "black"], [198, "red"], [199, "green"]]}, "Customers tend to buy shoes that match the color of their shirt.": {"hypothesis": "Customers tend to buy shoes that match the color of their shirt.", "acc": 0.5799999999999994, "num_visits": 200, "reward": 0.6613811815359358, "correct_examples": [[1, "red"], [2, "green"], [5, "green"], [6, "white"], [9, "black"], [10, "green"], [11, "red"], [13, "orange"], [15, "red"], [16, "white"], [19, "green"], [21, "blue"], [22, "blue"], [23, "blue"], [24, "orange"], [25, "black"], [26, "black"], [27, "orange"], [28, "red"], [29, "black"], [34, "black"], [35, "black"], [37, "blue"], [38, "orange"], [39, "white"], [41, "green"], [42, "blue"], [43, "blue"], [44, "black"], [45, "red"], [47, "orange"], [48, "blue"], [50, "orange"], [51, "white"], [52, "black"], [53, "green"], [54, "green"], [55, "red"], [56, "red"], [57, "red"], [58, "blue"], [60, "white"], [61, "white"], [63, "orange"], [64, "white"], [65, "red"], [66, "blue"], [67, "green"], [68, "green"], [69, "white"], [70, "white"], [71, "red"], [72, "blue"], [73, "green"], [74, "blue"], [75, "blue"], [76, "black"], [77, "blue"], [78, "green"], [79, "green"], [80, "orange"], [81, "black"], [83, "orange"], [86, "green"], [88, "green"], [92, "blue"], [94, "blue"], [97, "white"], [98, "blue"], [100, "black"], [102, "red"], [104, "red"], [105, "blue"], [107, "white"], [108, "green"], [110, "orange"], [111, "red"], [112, "blue"], [113, "black"], [115, "black"], [116, "white"], [117, "blue"], [118, "orange"], [120, "red"], [121, "green"], [122, "green"], [123, "blue"], [124, "orange"], [127, "black"], [133, "blue"], [135, "black"], [136, "red"], [137, "black"], [139, "white"], [141, "blue"], [143, "black"], [146, "green"], [155, "blue"], [157, "red"], [158, "red"], [159, "blue"], [160, "orange"], [163, "white"], [165, "orange"], [171, "black"], [172, "red"], [176, "white"], [179, "green"], [181, "red"], [182, "blue"], [184, "white"], [189, "red"], [192, "orange"], [193, "white"], [194, "black"], [197, "black"]]}, "Men are more likely to buy shoes that match the color of their shirt.": {"hypothesis": "Men are more likely to buy shoes that match the color of their shirt.", "acc": 0.5799999999999994, "num_visits": 200, "reward": 0.6613811815359358, "correct_examples": [[1, "red"], [2, "green"], [5, "green"], [6, "white"], [9, "black"], [10, "green"], [11, "red"], [13, "orange"], [15, "red"], [16, "white"], [19, "green"], [21, "blue"], [22, "blue"], [23, "blue"], [24, "orange"], [25, "black"], [26, "black"], [27, "orange"], [28, "red"], [29, "black"], [34, "black"], [35, "black"], [37, "blue"], [38, "orange"], [39, "white"], [41, "green"], [42, "blue"], [43, "blue"], [44, "black"], [45, "red"], [47, "orange"], [48, "blue"], [50, "orange"], [51, "white"], [52, "black"], [53, "green"], [54, "green"], [55, "red"], [56, "red"], [57, "red"], [58, "blue"], [60, "white"], [61, "white"], [63, "orange"], [64, "white"], [65, "red"], [66, "blue"], [67, "green"], [68, "green"], [69, "white"], [70, "white"], [71, "red"], [72, "blue"], [73, "green"], [74, "blue"], [75, "blue"], [76, "black"], [77, "blue"], [78, "green"], [79, "green"], [80, "orange"], [81, "black"], [83, "orange"], [86, "green"], [88, "green"], [92, "blue"], [94, "blue"], [97, "white"], [98, "blue"], [100, "black"], [102, "red"], [104, "red"], [105, "blue"], [107, "white"], [108, "green"], [110, "orange"], [111, "red"], [112, "blue"], [113, "black"], [115, "black"], [116, "white"], [117, "blue"], [118, "orange"], [120, "red"], [121, "green"], [122, "green"], [123, "blue"], [124, "orange"], [127, "black"], [133, "blue"], [135, "black"], [136, "red"], [137, "black"], [139, "white"], [141, "blue"], [143, "black"], [146, "green"], [155, "blue"], [157, "red"], [158, "red"], [159, "blue"], [160, "orange"], [163, "white"], [165, "orange"], [171, "black"], [172, "red"], [176, "white"], [179, "green"], [181, "red"], [182, "blue"], [184, "white"], [189, "red"], [192, "orange"], [193, "white"], [194, "black"], [197, "black"]]}, "Young customers are more likely to buy shoes that match the color of their shirt.": {"hypothesis": "Young customers are more likely to buy shoes that match the color of their shirt.", "acc": 0.5699999999999996, "num_visits": 200, "reward": 0.651381181535936, "correct_examples": [[1, "red"], [2, "green"], [5, "green"], [6, "white"], [9, "black"], [10, "green"], [11, "red"], [13, "orange"], [15, "red"], [19, "green"], [21, "blue"], [22, "blue"], [23, "blue"], [24, "orange"], [25, "black"], [26, "black"], [27, "orange"], [28, "red"], [29, "black"], [34, "black"], [35, "black"], [37, "blue"], [38, "orange"], [39, "white"], [41, "green"], [42, "blue"], [43, "blue"], [44, "black"], [45, "red"], [47, "orange"], [48, "blue"], [50, "orange"], [51, "white"], [52, "black"], [53, "green"], [54, "green"], [55, "red"], [56, "red"], [57, "red"], [58, "blue"], [60, "white"], [61, "white"], [63, "orange"], [64, "white"], [66, "blue"], [67, "green"], [68, "green"], [69, "white"], [70, "white"], [71, "red"], [73, "green"], [74, "blue"], [75, "blue"], [76, "black"], [77, "blue"], [78, "green"], [79, "green"], [80, "orange"], [81, "black"], [83, "orange"], [86, "green"], [88, "green"], [92, "blue"], [94, "blue"], [97, "white"], [98, "blue"], [100, "black"], [102, "red"], [104, "red"], [105, "blue"], [107, "white"], [108, "green"], [110, "orange"], [111, "red"], [112, "blue"], [113, "black"], [115, "black"], [116, "white"], [117, "blue"], [118, "orange"], [120, "red"], [121, "green"], [122, "green"], [123, "blue"], [124, "orange"], [127, "black"], [133, "blue"], [135, "black"], [136, "red"], [137, "black"], [139, "white"], [140, "blue"], [141, "blue"], [143, "black"], [146, "green"], [155, "blue"], [157, "red"], [158, "red"], [159, "blue"], [160, "orange"], [163, "white"], [165, "orange"], [171, "black"], [172, "red"], [176, "white"], [179, "green"], [181, "red"], [182, "blue"], [184, "white"], [189, "red"], [192, "orange"], [193, "white"], [194, "black"], [197, "black"]]}, "Customers with a small bag are more likely to buy shoes that match the color of their shirt.": {"hypothesis": "Customers with a small bag are more likely to buy shoes that match the color of their shirt.", "acc": 0.5561797752808987, "num_visits": 178, "reward": 0.642443655181404, "correct_examples": [[21, "blue"], [22, "blue"], [23, "blue"], [26, "black"], [27, "orange"], [28, "red"], [29, "black"], [34, "black"], [35, "black"], [37, "blue"], [38, "orange"], [39, "white"], [41, "green"], [42, "blue"], [43, "blue"], [45, "red"], [47, "orange"], [48, "blue"], [50, "orange"], [52, "black"], [53, "green"], [54, "green"], [55, "red"], [56, "red"], [57, "red"], [58, "blue"], [60, "white"], [61, "white"], [63, "orange"], [64, "white"], [66, "blue"], [67, "green"], [68, "green"], [69, "white"], [71, "red"], [72, "blue"], [73, "green"], [74, "blue"], [75, "blue"], [76, "black"], [77, "blue"], [78, "green"], [79, "green"], [80, "orange"], [81, "black"], [83, "orange"], [86, "green"], [87, "blue"], [88, "green"], [92, "blue"], [94, "blue"], [97, "white"], [98, "blue"], [100, "black"], [102, "red"], [104, "red"], [105, "blue"], [107, "white"], [108, "green"], [110, "orange"], [111, "red"], [112, "blue"], [113, "black"], [115, "black"], [116, "white"], [117, "blue"], [118, "orange"], [120, "red"], [121, "green"], [122, "green"], [123, "blue"], [124, "orange"], [127, "black"], [133, "blue"], [135, "black"], [136, "red"], [137, "black"], [140, "blue"], [141, "blue"], [143, "black"], [146, "green"], [155, "blue"], [157, "red"], [158, "red"], [159, "blue"], [160, "orange"], [165, "orange"], [171, "black"], [172, "red"], [176, "white"], [179, "green"], [181, "red"], [182, "blue"], [189, "red"], [192, "orange"], [193, "white"], [194, "black"], [197, "black"], [198, "red"]]}, "Young and tall customers with a small bag tend to buy shoes that match their shirt color.": {"hypothesis": "Young and tall customers with a small bag tend to buy shoes that match their shirt color.", "acc": 0.5320512820512818, "num_visits": 156, "reward": 0.6237040812505268, "correct_examples": [[34, "black"], [35, "black"], [37, "blue"], [39, "white"], [41, "green"], [42, "blue"], [44, "black"], [45, "red"], [47, "orange"], [48, "blue"], [50, "orange"], [52, "black"], [53, "green"], [54, "green"], [55, "red"], [56, "red"], [57, "red"], [58, "blue"], [60, "white"], [61, "white"], [63, "orange"], [64, "white"], [65, "red"], [66, "blue"], [67, "green"], [68, "green"], [69, "white"], [70, "white"], [71, "red"], [72, "blue"], [73, "green"], [74, "blue"], [75, "blue"], [76, "black"], [77, "blue"], [78, "green"], [80, "orange"], [81, "black"], [83, "orange"], [86, "green"], [88, "green"], [92, "blue"], [94, "blue"], [97, "white"], [98, "blue"], [102, "red"], [104, "red"], [105, "blue"], [107, "white"], [108, "green"], [110, "orange"], [111, "red"], [113, "black"], [115, "black"], [116, "white"], [117, "blue"], [118, "orange"], [120, "red"], [121, "green"], [122, "green"], [123, "blue"], [124, "orange"], [127, "black"], [135, "black"], [136, "red"], [137, "black"], [139, "white"], [141, "blue"], [143, "black"], [146, "green"], [155, "blue"], [157, "red"], [158, "red"], [159, "blue"], [160, "orange"], [163, "white"], [169, "black"], [171, "black"], [172, "red"], [176, "white"], [179, "green"], [181, "red"], [184, "white"]]}, "Customers with white shirts are more likely to buy white shoes.}": {"hypothesis": "Customers with white shirts are more likely to buy white shoes.}", "acc": 0.5196850393700785, "num_visits": 127, "reward": 0.6214170418994565, "correct_examples": [[5, "green"], [6, "white"], [7, "orange"], [9, "black"], [10, "green"], [11, "red"], [12, "orange"], [14, "white"], [15, "red"], [16, "white"], [18, "black"], [19, "green"], [21, "blue"], [22, "blue"], [24, "orange"], [25, "black"], [26, "black"], [27, "orange"], [29, "black"], [30, "white"], [33, "black"], [34, "black"], [35, "black"], [38, "orange"], [39, "white"], [43, "blue"], [46, "white"], [47, "orange"], [50, "orange"], [51, "white"], [52, "black"], [56, "red"], [57, "red"], [58, "blue"], [60, "white"], [61, "white"], [69, "white"], [70, "white"], [73, "green"], [74, "blue"], [75, "blue"], [76, "black"], [77, "blue"], [78, "green"], [81, "black"], [82, "blue"], [83, "orange"], [92, "blue"], [94, "blue"], [97, "white"], [100, "black"], [104, "red"], [105, "blue"], [109, "blue"], [111, "red"], [113, "black"], [115, "black"], [116, "white"], [118, "orange"], [127, "black"], [128, "orange"], [141, "blue"], [144, "white"], [147, "black"], [148, "green"], [189, "red"]]}, "Customers with a red hat are more likely to buy red shoes.": {"hypothesis": "Customers with a red hat are more likely to buy red shoes.", "acc": 0.46296296296296297, "num_visits": 54, "reward": 0.6190536623339223, "correct_examples": [[56, "red"], [57, "red"], [59, "black"], [61, "white"], [62, "green"], [64, "white"], [68, "green"], [69, "white"], [70, "white"], [71, "red"], [74, "blue"], [78, "green"], [82, "blue"], [83, "orange"], [84, "red"], [85, "red"], [86, "green"], [92, "blue"], [97, "white"], [98, "blue"], [105, "blue"], [131, "orange"], [133, "blue"], [135, "black"], [137, "black"]]}, "Customers with black hats tend to buy black shoes.": {"hypothesis": "Customers with black hats tend to buy black shoes.", "acc": 0.4, "num_visits": 30, "reward": 0.6095204476708524, "correct_examples": [[132, "black"], [138, "black"], [142, "black"], [145, "black"], [147, "black"], [148, "green"], [150, "black"], [154, "white"], [159, "blue"], [160, "orange"], [166, "black"], [169, "black"]]}, "Customers with a green hat are more likely to buy green shoes.": {"hypothesis": "Customers with a green hat are more likely to buy green shoes.", "acc": 0.5087719298245614, "num_visits": 57, "reward": 0.6612128497371859, "correct_examples": [[54, "green"], [57, "red"], [60, "white"], [61, "white"], [62, "green"], [64, "white"], [68, "green"], [69, "white"], [70, "white"], [73, "green"], [74, "blue"], [77, "blue"], [78, "green"], [81, "black"], [82, "blue"], [83, "orange"], [86, "green"], [94, "blue"], [99, "blue"], [100, "black"], [101, "green"], [113, "black"], [115, "black"], [116, "white"], [194, "black"], [195, "black"], [197, "black"], [198, "red"], [199, "green"]]}, "Older customers are more likely to buy shoes that match the color of their hat.}": {"hypothesis": "Older customers are more likely to buy shoes that match the color of their hat.}", "acc": 0.38095238095238093, "num_visits": 21, "reward": 0.6241898041474383, "correct_examples": [[43, "blue"], [44, "black"], [46, "white"], [48, "blue"], [49, "blue"], [56, "red"], [59, "black"], [62, "green"]]}, "Customers with large bags are more likely to buy shoes that match the color of their shirt.": {"hypothesis": "Customers with large bags are more likely to buy shoes that match the color of their shirt.", "acc": 0.5320512820512818, "num_visits": 156, "reward": 0.6228248764668014, "correct_examples": [[1, "red"], [9, "black"], [10, "green"], [11, "red"], [13, "orange"], [15, "red"], [19, "green"], [21, "blue"], [23, "blue"], [24, "orange"], [25, "black"], [26, "black"], [27, "orange"], [28, "red"], [29, "black"], [38, "orange"], [39, "white"], [41, "green"], [42, "blue"], [44, "black"], [45, "red"], [47, "orange"], [48, "blue"], [50, "orange"], [51, "white"], [52, "black"], [53, "green"], [54, "green"], [55, "red"], [57, "red"], [60, "white"], [61, "white"], [63, "orange"], [64, "white"], [65, "red"], [66, "blue"], [67, "green"], [68, "green"], [69, "white"], [71, "red"], [72, "blue"], [73, "green"], [74, "blue"], [75, "blue"], [76, "black"], [77, "blue"], [78, "green"], [79, "green"], [80, "orange"], [81, "black"], [83, "orange"], [86, "green"], [88, "green"], [92, "blue"], [94, "blue"], [97, "white"], [100, "black"], [102, "red"], [104, "red"], [107, "white"], [108, "green"], [110, "orange"], [111, "red"], [112, "blue"], [113, "black"], [117, "blue"], [118, "orange"], [120, "red"], [121, "green"], [122, "green"], [123, "blue"], [124, "orange"], [127, "black"], [133, "blue"], [136, "red"], [137, "black"], [139, "white"], [141, "blue"], [146, "green"], [159, "blue"], [160, "orange"], [163, "white"], [165, "orange"]]}, "Customers with a large bag are more likely to buy green or red shoes.}": {"hypothesis": "Customers with a large bag are more likely to buy green or red shoes.}", "acc": 0.3, "num_visits": 10, "reward": 0.6224470143821954, "correct_examples": [[54, "green"], [56, "red"], [57, "red"]]}, "Customers with a white shirt are more likely to buy white shoes.": {"hypothesis": "Customers with a white shirt are more likely to buy white shoes.", "acc": 0.4583333333333333, "num_visits": 48, "reward": 0.6195531720302896, "correct_examples": [[54, "green"], [56, "red"], [57, "red"], [58, "blue"], [60, "white"], [61, "white"], [63, "orange"], [64, "white"], [68, "green"], [69, "white"], [70, "white"], [73, "green"], [74, "blue"], [75, "blue"], [76, "black"], [77, "blue"], [78, "green"], [80, "orange"], [82, "blue"], [83, "orange"], [92, "blue"], [94, "blue"]]}, "Customers with a blue bag are more likely to buy red shoes.": {"hypothesis": "Customers with a blue bag are more likely to buy red shoes.", "acc": 0.35294117647058826, "num_visits": 17, "reward": 0.6182792444801184, "correct_examples": [[55, "red"], [56, "red"], [57, "red"], [60, "white"], [64, "white"], [65, "red"]]}, "Older customers are more likely to buy blue or red shoes.": {"hypothesis": "Older customers are more likely to buy blue or red shoes.", "acc": 0.38095238095238093, "num_visits": 21, "reward": 0.6179599876038466, "correct_examples": [[66, "blue"], [71, "red"], [72, "blue"], [82, "blue"], [87, "blue"], [104, "red"], [105, "blue"], [106, "green"]]}}