{"The color of the shoes is often the same as the color of the hat.": {"hypothesis": "The color of the shoes is often the same as the color of the hat.", "acc": 0.5757575757575758, "num_visits": 33, "reward": 0.7677868990087393, "correct_examples": [[96, "orange"], [99, "blue"], [101, "green"], [103, "black"], [106, "green"], [89, "white"], [90, "orange"], [91, "green"], [93, "green"], [95, "red"], [109, "blue"], [114, "red"], [115, "black"], [116, "white"], [119, "blue"], [125, "green"], [126, "green"], [128, "orange"], [129, "orange"]]}, "Young women are more likely to buy shoes that match the color of their hat.": {"hypothesis": "Young women are more likely to buy shoes that match the color of their hat.", "acc": 0.6060606060606061, "num_visits": 33, "reward": 0.7980899293117696, "correct_examples": [[96, "orange"], [99, "blue"], [101, "green"], [103, "black"], [106, "green"], [89, "white"], [90, "orange"], [91, "green"], [93, "green"], [95, "red"], [109, "blue"], [114, "red"], [115, "black"], [116, "white"], [119, "blue"], [124, "orange"], [125, "green"], [126, "green"], [128, "orange"], [129, "orange"]]}, "Customers with a small bag are more likely to buy shoes that match the color of their shirt.": {"hypothesis": "Customers with a small bag are more likely to buy shoes that match the color of their shirt.", "acc": 0.6759259259259258, "num_visits": 108, "reward": 0.7820741282542558, "correct_examples": [[21, "blue"], [22, "blue"], [23, "blue"], [26, "black"], [27, "orange"], [28, "red"], [29, "black"], [34, "black"], [35, "black"], [37, "blue"], [38, "orange"], [39, "white"], [41, "green"], [42, "blue"], [43, "blue"], [45, "red"], [47, "orange"], [48, "blue"], [50, "orange"], [52, "black"], [53, "green"], [54, "green"], [55, "red"], [56, "red"], [57, "red"], [58, "blue"], [60, "white"], [61, "white"], [63, "orange"], [64, "white"], [66, "blue"], [67, "green"], [68, "green"], [69, "white"], [71, "red"], [72, "blue"], [73, "green"], [74, "blue"], [75, "blue"], [76, "black"], [77, "blue"], [78, "green"], [79, "green"], [80, "orange"], [81, "black"], [83, "orange"], [86, "green"], [87, "blue"], [88, "green"], [92, "blue"], [94, "blue"], [97, "white"], [98, "blue"], [100, "black"], [102, "red"], [104, "red"], [105, "blue"], [107, "white"], [108, "green"], [110, "orange"], [111, "red"], [112, "blue"], [113, "black"], [115, "black"], [116, "white"], [117, "blue"], [118, "orange"], [120, "red"], [121, "green"], [122, "green"], [123, "blue"], [124, "orange"], [127, "black"]]}, "Customers tend to buy shoes that match the color of their shirt.": {"hypothesis": "Customers tend to buy shoes that match the color of their shirt.", "acc": 0.6846153846153846, "num_visits": 130, "reward": 0.7813658015341403, "correct_examples": [[1, "red"], [2, "green"], [5, "green"], [6, "white"], [9, "black"], [10, "green"], [11, "red"], [13, "orange"], [15, "red"], [16, "white"], [19, "green"], [21, "blue"], [22, "blue"], [23, "blue"], [24, "orange"], [25, "black"], [26, "black"], [27, "orange"], [28, "red"], [29, "black"], [34, "black"], [35, "black"], [37, "blue"], [38, "orange"], [39, "white"], [41, "green"], [42, "blue"], [43, "blue"], [44, "black"], [45, "red"], [47, "orange"], [48, "blue"], [50, "orange"], [51, "white"], [52, "black"], [53, "green"], [54, "green"], [55, "red"], [56, "red"], [57, "red"], [58, "blue"], [60, "white"], [61, "white"], [63, "orange"], [64, "white"], [65, "red"], [66, "blue"], [67, "green"], [68, "green"], [69, "white"], [70, "white"], [71, "red"], [72, "blue"], [73, "green"], [74, "blue"], [75, "blue"], [76, "black"], [77, "blue"], [78, "green"], [79, "green"], [80, "orange"], [81, "black"], [83, "orange"], [86, "green"], [88, "green"], [92, "blue"], [94, "blue"], [97, "white"], [98, "blue"], [100, "black"], [102, "red"], [104, "red"], [105, "blue"], [107, "white"], [108, "green"], [110, "orange"], [111, "red"], [112, "blue"], [113, "black"], [115, "black"], [116, "white"], [117, "blue"], [118, "orange"], [120, "red"], [121, "green"], [122, "green"], [123, "blue"], [124, "orange"], [127, "black"]]}, "Men are more likely to buy shoes that match the color of their shirt.": {"hypothesis": "Men are more likely to buy shoes that match the color of their shirt.", "acc": 0.6846153846153846, "num_visits": 130, "reward": 0.7813658015341403, "correct_examples": [[1, "red"], [2, "green"], [5, "green"], [6, "white"], [9, "black"], [10, "green"], [11, "red"], [13, "orange"], [15, "red"], [16, "white"], [19, "green"], [21, "blue"], [22, "blue"], [23, "blue"], [24, "orange"], [25, "black"], [26, "black"], [27, "orange"], [28, "red"], [29, "black"], [34, "black"], [35, "black"], [37, "blue"], [38, "orange"], [39, "white"], [41, "green"], [42, "blue"], [43, "blue"], [44, "black"], [45, "red"], [47, "orange"], [48, "blue"], [50, "orange"], [51, "white"], [52, "black"], [53, "green"], [54, "green"], [55, "red"], [56, "red"], [57, "red"], [58, "blue"], [60, "white"], [61, "white"], [63, "orange"], [64, "white"], [65, "red"], [66, "blue"], [67, "green"], [68, "green"], [69, "white"], [70, "white"], [71, "red"], [72, "blue"], [73, "green"], [74, "blue"], [75, "blue"], [76, "black"], [77, "blue"], [78, "green"], [79, "green"], [80, "orange"], [81, "black"], [83, "orange"], [86, "green"], [88, "green"], [92, "blue"], [94, "blue"], [97, "white"], [98, "blue"], [100, "black"], [102, "red"], [104, "red"], [105, "blue"], [107, "white"], [108, "green"], [110, "orange"], [111, "red"], [112, "blue"], [113, "black"], [115, "black"], [116, "white"], [117, "blue"], [118, "orange"], [120, "red"], [121, "green"], [122, "green"], [123, "blue"], [124, "orange"], [127, "black"]]}, "Young and tall customers with a small bag tend to buy shoes that match their shirt color.": {"hypothesis": "Young and tall customers with a small bag tend to buy shoes that match their shirt color.", "acc": 0.649484536082474, "num_visits": 97, "reward": 0.7614898568606294, "correct_examples": [[34, "black"], [35, "black"], [37, "blue"], [39, "white"], [41, "green"], [42, "blue"], [44, "black"], [45, "red"], [47, "orange"], [48, "blue"], [50, "orange"], [52, "black"], [53, "green"], [54, "green"], [55, "red"], [56, "red"], [57, "red"], [58, "blue"], [60, "white"], [61, "white"], [63, "orange"], [64, "white"], [65, "red"], [66, "blue"], [67, "green"], [68, "green"], [69, "white"], [70, "white"], [71, "red"], [72, "blue"], [73, "green"], [74, "blue"], [75, "blue"], [76, "black"], [77, "blue"], [78, "green"], [80, "orange"], [81, "black"], [83, "orange"], [86, "green"], [88, "green"], [92, "blue"], [94, "blue"], [97, "white"], [98, "blue"], [102, "red"], [104, "red"], [105, "blue"], [107, "white"], [108, "green"], [110, "orange"], [111, "red"], [113, "black"], [115, "black"], [116, "white"], [117, "blue"], [118, "orange"], [120, "red"], [121, "green"], [122, "green"], [123, "blue"], [124, "orange"], [127, "black"]]}, "Young customers are more likely to buy shoes that match the color of their shirt.": {"hypothesis": "Young customers are more likely to buy shoes that match the color of their shirt.", "acc": 0.6615384615384615, "num_visits": 130, "reward": 0.7582888784572172, "correct_examples": [[1, "red"], [2, "green"], [5, "green"], [6, "white"], [9, "black"], [10, "green"], [11, "red"], [13, "orange"], [15, "red"], [19, "green"], [21, "blue"], [22, "blue"], [23, "blue"], [24, "orange"], [25, "black"], [26, "black"], [27, "orange"], [28, "red"], [29, "black"], [34, "black"], [35, "black"], [37, "blue"], [38, "orange"], [39, "white"], [41, "green"], [42, "blue"], [43, "blue"], [44, "black"], [45, "red"], [47, "orange"], [48, "blue"], [50, "orange"], [51, "white"], [52, "black"], [53, "green"], [54, "green"], [55, "red"], [56, "red"], [57, "red"], [58, "blue"], [60, "white"], [61, "white"], [63, "orange"], [64, "white"], [66, "blue"], [67, "green"], [68, "green"], [69, "white"], [70, "white"], [71, "red"], [73, "green"], [74, "blue"], [75, "blue"], [76, "black"], [77, "blue"], [78, "green"], [79, "green"], [80, "orange"], [81, "black"], [83, "orange"], [86, "green"], [88, "green"], [92, "blue"], [94, "blue"], [97, "white"], [98, "blue"], [100, "black"], [102, "red"], [104, "red"], [105, "blue"], [107, "white"], [108, "green"], [110, "orange"], [111, "red"], [112, "blue"], [113, "black"], [115, "black"], [116, "white"], [117, "blue"], [118, "orange"], [120, "red"], [121, "green"], [122, "green"], [123, "blue"], [124, "orange"], [127, "black"]]}, "Older customers are more likely to buy blue or red shoes.": {"hypothesis": "Older customers are more likely to buy blue or red shoes.", "acc": 0.38095238095238093, "num_visits": 21, "reward": 0.6179599876038466, "correct_examples": [[66, "blue"], [71, "red"], [72, "blue"], [82, "blue"], [87, "blue"], [104, "red"], [105, "blue"], [106, "green"]]}, "Customers with large bags are more likely to buy shoes that match the color of their shirt.": {"hypothesis": "Customers with large bags are more likely to buy shoes that match the color of their shirt.", "acc": 0.5934959349593495, "num_visits": 123, "reward": 0.6929613194113186, "correct_examples": [[1, "red"], [9, "black"], [10, "green"], [11, "red"], [13, "orange"], [15, "red"], [19, "green"], [21, "blue"], [23, "blue"], [24, "orange"], [25, "black"], [26, "black"], [27, "orange"], [28, "red"], [29, "black"], [38, "orange"], [39, "white"], [41, "green"], [42, "blue"], [44, "black"], [45, "red"], [47, "orange"], [48, "blue"], [50, "orange"], [51, "white"], [52, "black"], [53, "green"], [54, "green"], [55, "red"], [57, "red"], [60, "white"], [61, "white"], [63, "orange"], [64, "white"], [65, "red"], [66, "blue"], [67, "green"], [68, "green"], [69, "white"], [71, "red"], [72, "blue"], [73, "green"], [74, "blue"], [75, "blue"], [76, "black"], [77, "blue"], [78, "green"], [79, "green"], [80, "orange"], [81, "black"], [83, "orange"], [86, "green"], [88, "green"], [92, "blue"], [94, "blue"], [97, "white"], [100, "black"], [102, "red"], [104, "red"], [107, "white"], [108, "green"], [110, "orange"], [111, "red"], [112, "blue"], [113, "black"], [117, "blue"], [118, "orange"], [120, "red"], [121, "green"], [122, "green"], [123, "blue"], [124, "orange"], [127, "black"]]}, "Customers with a blue shirt are more likely to buy blue shoes.": {"hypothesis": "Customers with a blue shirt are more likely to buy blue shoes.", "acc": 0.3333333333333333, "num_visits": 15, "reward": 0.6134978743121521, "correct_examples": [[66, "blue"], [67, "green"], [72, "blue"], [82, "blue"], [106, "green"]]}, "Customers with white shirts are more likely to buy white shoes.}": {"hypothesis": "Customers with white shirts are more likely to buy white shoes.}", "acc": 0.5304347826086954, "num_visits": 115, "reward": 0.6333016705339416, "correct_examples": [[5, "green"], [6, "white"], [7, "orange"], [9, "black"], [10, "green"], [11, "red"], [12, "orange"], [14, "white"], [15, "red"], [16, "white"], [18, "black"], [19, "green"], [21, "blue"], [22, "blue"], [24, "orange"], [25, "black"], [26, "black"], [27, "orange"], [29, "black"], [30, "white"], [33, "black"], [34, "black"], [35, "black"], [38, "orange"], [39, "white"], [43, "blue"], [46, "white"], [47, "orange"], [50, "orange"], [51, "white"], [52, "black"], [56, "red"], [57, "red"], [58, "blue"], [60, "white"], [61, "white"], [69, "white"], [70, "white"], [73, "green"], [74, "blue"], [75, "blue"], [76, "black"], [77, "blue"], [78, "green"], [81, "black"], [82, "blue"], [83, "orange"], [92, "blue"], [94, "blue"], [97, "white"], [100, "black"], [104, "red"], [105, "blue"], [109, "blue"], [111, "red"], [113, "black"], [115, "black"], [116, "white"], [118, "orange"], [127, "black"], [128, "orange"]]}, "Customers with a red hat are more likely to buy red shoes.": {"hypothesis": "Customers with a red hat are more likely to buy red shoes.", "acc": 0.4666666666666667, "num_visits": 45, "reward": 0.6287261176700346, "correct_examples": [[56, "red"], [57, "red"], [59, "black"], [61, "white"], [62, "green"], [64, "white"], [68, "green"], [69, "white"], [70, "white"], [71, "red"], [74, "blue"], [78, "green"], [82, "blue"], [83, "orange"], [84, "red"], [85, "red"], [86, "green"], [92, "blue"], [97, "white"], [98, "blue"], [105, "blue"]]}, "Customers with a green hat are more likely to buy green shoes.": {"hypothesis": "Customers with a green hat are more likely to buy green shoes.", "acc": 0.47058823529411764, "num_visits": 51, "reward": 0.6243049591856522, "correct_examples": [[54, "green"], [57, "red"], [60, "white"], [61, "white"], [62, "green"], [64, "white"], [68, "green"], [69, "white"], [70, "white"], [73, "green"], [74, "blue"], [77, "blue"], [78, "green"], [81, "black"], [82, "blue"], [83, "orange"], [86, "green"], [94, "blue"], [99, "blue"], [100, "black"], [101, "green"], [113, "black"], [115, "black"], [116, "white"]]}, "Customers with a blue bag are more likely to buy red shoes.": {"hypothesis": "Customers with a blue bag are more likely to buy red shoes.", "acc": 0.35294117647058826, "num_visits": 17, "reward": 0.6182792444801184, "correct_examples": [[55, "red"], [56, "red"], [57, "red"], [60, "white"], [64, "white"], [65, "red"]]}, "Customers with a white shirt are more likely to buy white shoes.": {"hypothesis": "Customers with a white shirt are more likely to buy white shoes.", "acc": 0.46808510638297873, "num_visits": 47, "reward": 0.627802119185955, "correct_examples": [[54, "green"], [56, "red"], [57, "red"], [58, "blue"], [60, "white"], [61, "white"], [63, "orange"], [64, "white"], [68, "green"], [69, "white"], [70, "white"], [73, "green"], [74, "blue"], [75, "blue"], [76, "black"], [77, "blue"], [78, "green"], [80, "orange"], [82, "blue"], [83, "orange"], [92, "blue"], [94, "blue"]]}, "Customers with a green shirt are more likely to buy green shoes.": {"hypothesis": "Customers with a green shirt are more likely to buy green shoes.", "acc": 0.48484848484848486, "num_visits": 33, "reward": 0.6768778080996485, "correct_examples": [[67, "green"], [71, "red"], [72, "blue"], [79, "green"], [88, "green"], [91, "green"], [93, "green"], [94, "blue"], [98, "blue"], [100, "black"], [121, "green"], [122, "green"], [123, "blue"], [125, "green"], [127, "black"], [128, "orange"]]}, "Customers with a red shirt are more likely to buy red shoes.": {"hypothesis": "Customers with a red shirt are more likely to buy red shoes.", "acc": 0.3076923076923077, "num_visits": 13, "reward": 0.6129093517287729, "correct_examples": [[65, "red"], [67, "green"], [71, "red"], [124, "orange"]]}, "Older customers are more likely to buy shoes that match the color of their hat.}": {"hypothesis": "Older customers are more likely to buy shoes that match the color of their hat.}", "acc": 0.4, "num_visits": 20, "reward": 0.6280044704430067, "correct_examples": [[43, "blue"], [44, "black"], [46, "white"], [48, "blue"], [49, "blue"], [56, "red"], [59, "black"], [62, "green"]]}, "Customers with a large bag are more likely to buy green or red shoes.}": {"hypothesis": "Customers with a large bag are more likely to buy green or red shoes.}", "acc": 0.3, "num_visits": 10, "reward": 0.6224470143821954, "correct_examples": [[54, "green"], [56, "red"], [57, "red"]]}, "Customers with a large bag are more likely to buy blue or green shoes.}": {"hypothesis": "Customers with a large bag are more likely to buy blue or green shoes.}", "acc": 0.3333333333333333, "num_visits": 15, "reward": 0.6118400762247016, "correct_examples": [[65, "red"], [72, "blue"], [82, "blue"], [87, "blue"], [88, "green"]]}}