{"**Women with a pink hat choose white shoes.**": {"hypothesis": "", "acc": 0.0, "num_visits": 0, "reward": 0, "correct_examples": []}, "**Women are more likely to choose red shoes than men.**": {"hypothesis": "", "acc": 0.0, "num_visits": 0, "reward": 0, "correct_examples": []}, "**Bag Color**: The color of the bag could also be a factor. A green bag might lead someone to choose green shoes.": {"hypothesis": "", "acc": 0.0, "num_visits": 0, "reward": 0, "correct_examples": []}, "**Younger customers (under 25) are more likely to choose green shoes.**": {"hypothesis": "", "acc": 0.0, "num_visits": 0, "reward": 0, "correct_examples": []}, "**People with large bags prefer black shoes.**": {"hypothesis": "", "acc": 0.0, "num_visits": 0, "reward": 0, "correct_examples": []}, "**Older customers (over 40) prefer white shoes.**": {"hypothesis": "", "acc": 0.0, "num_visits": 0, "reward": 0, "correct_examples": []}, "**Teenagers (13-19) prefer orange shoes.**": {"hypothesis": "", "acc": 0.0, "num_visits": 0, "reward": 0, "correct_examples": []}, "**Customers with a yellow shirt choose orange shoes.**\n\nThese hypotheses are designed to be specific and testable, covering a range of factors including gender, age, height, and color coordination.": {"hypothesis": "", "acc": 0.0, "num_visits": 0, "reward": 0, "correct_examples": []}, "**People with a black hat choose black shoes.**": {"hypothesis": "", "acc": 0.0, "num_visits": 0, "reward": 0, "correct_examples": []}, "**Customers with a blue shirt are more likely to choose blue shoes.**": {"hypothesis": "", "acc": 0.0, "num_visits": 0, "reward": 0, "correct_examples": []}, "**Taller customers prefer black shoes.**": {"hypothesis": "", "acc": 0.0, "num_visits": 0, "reward": 0, "correct_examples": []}, "**Men with a blue shirt choose blue shoes.**": {"hypothesis": "", "acc": 0.0, "num_visits": 0, "reward": 0, "correct_examples": []}, "**Shorter customers prefer white shoes.**": {"hypothesis": "", "acc": 0.0, "num_visits": 0, "reward": 0, "correct_examples": []}, "**Bag Size**: The size of the bag might indicate something about the person's lifestyle. For example, someone with a large bag might be practical and choose durable colors like black or brown.\n\nNow, considering these factors, I can start forming hypotheses. I should make sure each hypothesis is specific and testable. Let me try to come up with a few:\n\n- Women are more likely to choose red shoes than men.\n- Taller customers prefer black shoes.\n- Younger customers (under 25) are more likely to choose green shoes.\n- People wearing a hat that matches their shirt color will choose shoes of the same color.\n- Customers with a blue shirt are more likely to choose blue shoes.\n- Those with a green bag will choose green shoes.\n- People with large bags prefer black shoes.\n- Older customers (over 40) prefer white shoes.\n- Men with a red hat choose red shoes more often.\n- Customers with a red shirt are more likely to choose red shoes.\n- Shorter customers prefer white shoes.\n- Teenagers (13-19) prefer orange shoes.\n- People with a black hat choose black shoes.\n- Customers with a green shirt choose green shoes.\n- Men with a blue shirt choose blue shoes.\n- Women with an orange bag choose orange shoes.\n- Customers with a small bag prefer white shoes.\n- Older men prefer brown shoes.\n- Women with a pink hat choose white shoes.\n- Customers with a yellow shirt choose orange shoes.\n\nWait, I need to make sure each hypothesis is based on the given factors and that I cover all possible aspects. Let me check if I have": {"hypothesis": "", "acc": 0.0, "num_visits": 0, "reward": 0, "correct_examples": []}, "**Height**: Taller people might prefer certain colors. Maybe taller individuals go for darker colors to look more grounded, while shorter people might choose brighter colors to stand out.": {"hypothesis": "", "acc": 0.0, "num_visits": 0, "reward": 0, "correct_examples": []}, "**Those with a green bag will choose green shoes.**": {"hypothesis": "", "acc": 0.0, "num_visits": 0, "reward": 0, "correct_examples": []}, "**Men with a red hat choose red shoes more often.**": {"hypothesis": "", "acc": 0.0, "num_visits": 0, "reward": 0, "correct_examples": []}, "**Hat Color**: If someone is wearing a hat, its color might influence their shoe choice. For example, a red hat might make someone choose red shoes for a matching look.": {"hypothesis": "", "acc": 0.0, "num_visits": 0, "reward": 0, "correct_examples": []}, "**Gender**: Men and women might have different preferences. For example, women might prefer brighter colors, while men might go for more neutral or darker shades. So maybe women are more likely to choose red or orange, while men go for black or blue.": {"hypothesis": "", "acc": 0.0, "num_visits": 0, "reward": 0, "correct_examples": []}, "**People wearing a hat that matches their shirt color will choose shoes of the same color.**": {"hypothesis": "", "acc": 0.0, "num_visits": 0, "reward": 0, "correct_examples": []}}