{"Customers who are old and have a green hat are more likely to buy white shoes.": {"hypothesis": "Customers who are old and have a green hat are more likely to buy white shoes.", "acc": 0.5, "num_visits": 10, "reward": 0.739926295609404, "correct_examples": [[0, "white"], [1, "black"], [3, "blue"], [4, "white"], [8, "black"]]}, "Customers who are tall and have a white shirt are more likely to buy white shoes.": {"hypothesis": "Customers who are tall and have a white shirt are more likely to buy white shoes.", "acc": 0.3, "num_visits": 10, "reward": 0.5399262956094041, "correct_examples": [[1, "black"], [3, "blue"], [4, "white"]]}, "Customers who are short and have a large bag are more likely to buy black shoes.\n\nThese hypotheses are derived by identifying patterns in the given examples and attempting to generalize them. Each hypothesis focuses on a different combination of attributes to predict the shoe color.": {"hypothesis": "Customers who are short and have a large bag are more likely to buy black shoes.\n\nThese hypotheses are derived by identifying patterns in the given examples and attempting to generalize them. Each hypothesis focuses on a different combination of attributes to predict the shoe color.", "acc": 0.4, "num_visits": 10, "reward": 0.6399262956094041, "correct_examples": [[1, "black"], [4, "white"], [8, "black"], [9, "black"]]}, "Customers who are young and have a blue hat are more likely to buy black shoes.": {"hypothesis": "Customers who are young and have a blue hat are more likely to buy black shoes.", "acc": 0.5, "num_visits": 10, "reward": 0.739926295609404, "correct_examples": [[1, "black"], [3, "blue"], [4, "white"], [8, "black"], [9, "black"]]}, "Customers who are old and have a small orange bag are more likely to buy green shoes.": {"hypothesis": "Customers who are old and have a small orange bag are more likely to buy green shoes.", "acc": 0.6, "num_visits": 10, "reward": 0.839926295609404, "correct_examples": [[1, "black"], [2, "blue"], [5, "blue"], [6, "blue"], [7, "green"], [9, "black"]]}}