{"Customers with green shirts tend to buy black shoes.": {"hypothesis": "Customers with green shirts tend to buy black shoes.", "acc": 0.5454545454545454, "num_visits": 11, "reward": 0.8610357781417988, "correct_examples": [[68, "black"], [70, "white"], [71, "black"], [72, "blue"], [78, "black"], [79, "black"]]}, "Customers with white hats tend to buy shoes that match their bag color.": {"hypothesis": "Customers with white hats tend to buy shoes that match their bag color.", "acc": 0.36363636363636365, "num_visits": 11, "reward": 0.6792175963236171, "correct_examples": [[67, "orange"], [73, "orange"], [75, "black"], [76, "red"]]}, "Customers with a blue bag tend to buy blue shoes.": {"hypothesis": "Customers with a blue bag tend to buy blue shoes.", "acc": 0.4875, "num_visits": 80, "reward": 0.6045206530205497, "correct_examples": [[1, "black"], [2, "blue"], [3, "blue"], [5, "blue"], [6, "blue"], [8, "black"], [10, "orange"], [11, "green"], [14, "blue"], [16, "green"], [21, "black"], [25, "black"], [26, "black"], [27, "red"], [29, "black"], [30, "green"], [31, "black"], [34, "green"], [35, "red"], [38, "orange"], [40, "red"], [42, "blue"], [43, "black"], [46, "orange"], [47, "orange"], [50, "red"], [54, "red"], [56, "blue"], [58, "green"], [60, "white"], [64, "white"], [66, "blue"], [67, "orange"], [69, "white"], [73, "orange"], [74, "blue"], [75, "black"], [76, "red"], [77, "blue"]]}, "Customers with large bags are more likely to buy black or white shoes.": {"hypothesis": "Customers with large bags are more likely to buy black or white shoes.", "acc": 0.375, "num_visits": 24, "reward": 0.5886495045111337, "correct_examples": [[64, "white"], [55, "black"], [57, "black"], [61, "white"], [66, "blue"], [68, "black"], [69, "white"], [70, "white"], [75, "black"]]}, "Customers with large bags tend to buy shoes that match the bag color.}": {"hypothesis": "Customers with large bags tend to buy shoes that match the bag color.}", "acc": 0.4318181818181818, "num_visits": 44, "reward": 0.5896087981618086, "correct_examples": [[21, "black"], [27, "red"], [30, "green"], [34, "green"], [35, "red"], [38, "orange"], [40, "red"], [43, "black"], [46, "orange"], [54, "red"], [56, "blue"], [58, "green"], [60, "white"], [64, "white"], [73, "orange"], [74, "blue"], [75, "black"], [76, "red"], [77, "blue"]]}, "The color of the shoes is often the same as the color of the shirt.": {"hypothesis": "The color of the shoes is often the same as the color of the shirt.", "acc": 0.4444444444444444, "num_visits": 54, "reward": 0.5868774474518669, "correct_examples": [[32, "orange"], [33, "red"], [20, "green"], [23, "blue"], [24, "orange"], [36, "blue"], [37, "blue"], [38, "orange"], [39, "white"], [42, "blue"], [44, "black"], [47, "orange"], [52, "black"], [59, "orange"], [60, "white"], [61, "white"], [64, "white"], [65, "red"], [66, "blue"], [69, "white"], [70, "white"], [72, "blue"], [74, "blue"], [77, "blue"]]}, "The color of the shoes is often the same as the color of the bag.": {"hypothesis": "The color of the shoes is often the same as the color of the bag.", "acc": 0.3870967741935484, "num_visits": 31, "reward": 0.5750832749673446, "correct_examples": [[21, "black"], [27, "red"], [30, "green"], [34, "green"], [35, "red"], [38, "orange"], [40, "red"], [43, "black"], [46, "orange"], [75, "black"], [76, "red"], [77, "blue"]]}, "Customers with a white hat are more likely to buy shoes that match the color of their bag.}": {"hypothesis": "Customers with a white hat are more likely to buy shoes that match the color of their bag.}", "acc": 0.4477611940298508, "num_visits": 67, "reward": 0.5756316192726263, "correct_examples": [[10, "orange"], [11, "green"], [14, "blue"], [16, "green"], [19, "black"], [21, "black"], [25, "black"], [26, "black"], [27, "red"], [29, "black"], [30, "green"], [31, "black"], [34, "green"], [35, "red"], [38, "orange"], [40, "red"], [43, "black"], [46, "orange"], [50, "red"], [54, "red"], [56, "blue"], [58, "green"], [60, "white"], [64, "white"], [69, "white"], [73, "orange"], [74, "blue"], [75, "black"], [76, "red"], [77, "blue"]]}, "Old customers are more likely to buy shoes that match the color of their shirt.": {"hypothesis": "Old customers are more likely to buy shoes that match the color of their shirt.", "acc": 0.4492753623188406, "num_visits": 69, "reward": 0.5752789658254248, "correct_examples": [[12, "red"], [14, "blue"], [18, "red"], [20, "green"], [23, "blue"], [24, "orange"], [25, "black"], [26, "black"], [29, "black"], [31, "black"], [32, "orange"], [33, "red"], [36, "blue"], [37, "blue"], [38, "orange"], [39, "white"], [42, "blue"], [44, "black"], [47, "orange"], [52, "black"], [59, "orange"], [60, "white"], [61, "white"], [64, "white"], [65, "red"], [66, "blue"], [69, "white"], [70, "white"], [72, "blue"], [74, "blue"], [77, "blue"]]}, "Customers with a small bag are more likely to buy shoes that match the color of their bag.": {"hypothesis": "Customers with a small bag are more likely to buy shoes that match the color of their bag.", "acc": 0.42857142857142855, "num_visits": 56, "reward": 0.5684378609445827, "correct_examples": [[10, "orange"], [11, "green"], [14, "blue"], [16, "green"], [21, "black"], [25, "black"], [26, "black"], [27, "red"], [29, "black"], [30, "green"], [31, "black"], [34, "green"], [35, "red"], [38, "orange"], [40, "red"], [43, "black"], [46, "orange"], [50, "red"], [54, "red"], [60, "white"], [74, "blue"], [75, "black"], [76, "red"], [77, "blue"]]}, "Young customers tend to buy shoes that match the color of their shirt.": {"hypothesis": "Young customers tend to buy shoes that match the color of their shirt.", "acc": 0.44776119402985076, "num_visits": 67, "reward": 0.5754479587992074, "correct_examples": [[12, "red"], [14, "blue"], [18, "red"], [20, "green"], [23, "blue"], [24, "orange"], [25, "black"], [26, "black"], [29, "black"], [31, "black"], [32, "orange"], [33, "red"], [36, "blue"], [37, "blue"], [38, "orange"], [39, "white"], [42, "blue"], [44, "black"], [47, "orange"], [52, "black"], [60, "white"], [61, "white"], [64, "white"], [65, "red"], [66, "blue"], [69, "white"], [70, "white"], [72, "blue"], [74, "blue"], [77, "blue"]]}, "Young customers tend to buy black or blue shoes.": {"hypothesis": "Young customers tend to buy black or blue shoes.", "acc": 0.4, "num_visits": 50, "reward": 0.5478081163615013, "correct_examples": [[1, "black"], [2, "blue"], [3, "blue"], [5, "blue"], [6, "blue"], [8, "black"], [9, "black"], [13, "black"], [14, "blue"], [15, "black"], [19, "black"], [21, "black"], [22, "black"], [25, "black"], [26, "black"], [28, "black"], [29, "black"], [31, "black"], [53, "black"], [77, "blue"]]}, "Customers with red shirts are more likely to buy shoes that match the color of their bags.": {"hypothesis": "Customers with red shirts are more likely to buy shoes that match the color of their bags.", "acc": 0.29411764705882354, "num_visits": 17, "reward": 0.5453048119012851, "correct_examples": [[64, "white"], [56, "blue"], [58, "green"], [67, "orange"], [69, "white"]]}, "Old and short men tend to buy shoes that match the color of their bags.}": {"hypothesis": "Old and short men tend to buy shoes that match the color of their bags.}", "acc": 0.29411764705882354, "num_visits": 17, "reward": 0.5453048119012851, "correct_examples": [[64, "white"], [56, "blue"], [58, "green"], [67, "orange"], [69, "white"]]}, "Customers with a white shirt tend to buy white or blue shoes.": {"hypothesis": "Customers with a white shirt tend to buy white or blue shoes.", "acc": 0.37142857142857144, "num_visits": 35, "reward": 0.5444202050418441, "correct_examples": [[2, "blue"], [3, "blue"], [4, "white"], [5, "blue"], [7, "green"], [14, "blue"], [19, "black"], [22, "black"], [23, "blue"], [25, "black"], [26, "black"], [29, "black"], [31, "black"]]}, "Customers with a blue hat are more likely to buy black shoes.": {"hypothesis": "Customers with a blue hat are more likely to buy black shoes.", "acc": 0.3333333333333333, "num_visits": 24, "reward": 0.54439873885119, "correct_examples": [[45, "black"], [47, "orange"], [51, "black"], [52, "black"], [53, "black"], [55, "black"], [57, "black"], [69, "white"]]}, "Customers with a black bag tend to buy black shoes.": {"hypothesis": "Customers with a black bag tend to buy black shoes.", "acc": 0.36363636363636365, "num_visits": 33, "reward": 0.5442092124713843, "correct_examples": [[1, "black"], [6, "blue"], [8, "black"], [10, "orange"], [14, "blue"], [16, "green"], [19, "black"], [25, "black"], [26, "black"], [27, "red"], [29, "black"], [31, "black"]]}, "Customers with a large bag are more likely to buy black shoes.": {"hypothesis": "Customers with a large bag are more likely to buy black shoes.", "acc": 0.4098360655737705, "num_visits": 61, "reward": 0.5426502629990534, "correct_examples": [[10, "orange"], [12, "red"], [14, "blue"], [15, "black"], [19, "black"], [21, "black"], [22, "black"], [25, "black"], [26, "black"], [28, "black"], [29, "black"], [31, "black"], [38, "orange"], [42, "blue"], [43, "black"], [44, "black"], [45, "black"], [46, "orange"], [51, "black"], [52, "black"], [57, "black"], [60, "white"], [61, "white"], [63, "black"], [69, "white"]]}, "Customers with a green shirt tend to buy blue or green shoes.": {"hypothesis": "Customers with a green shirt tend to buy blue or green shoes.", "acc": 0.375, "num_visits": 40, "reward": 0.5397688802128167, "correct_examples": [[1, "black"], [2, "blue"], [3, "blue"], [5, "blue"], [6, "blue"], [8, "black"], [14, "blue"], [15, "black"], [16, "green"], [23, "blue"], [25, "black"], [26, "black"], [29, "black"], [31, "black"], [74, "blue"]]}, "Young and tall individuals tend to buy shoes that match the color of their hat.": {"hypothesis": "Young and tall individuals tend to buy shoes that match the color of their hat.", "acc": 0.26666666666666666, "num_visits": 15, "reward": 0.5340758238630372, "correct_examples": [[35, "red"], [40, "red"], [44, "black"], [50, "red"]]}}