{"Customers with a large green bag tend to buy white shoes.": {"hypothesis": "Customers with a large green bag tend to buy white shoes.", "acc": 0.4, "num_visits": 15, "reward": 0.6824739440131911, "correct_examples": [[105, "white"], [106, "white"], [109, "white"], [111, "orange"], [114, "blue"], [119, "white"]]}, "Young men with a red shirt tend to buy green or orange shoes.": {"hypothesis": "Young men with a red shirt tend to buy green or orange shoes.", "acc": 0.4, "num_visits": 15, "reward": 0.6824739440131911, "correct_examples": [[107, "green"], [108, "black"], [113, "black"], [114, "blue"], [116, "orange"], [117, "blue"]]}, "Customers with a large orange bag tend to buy orange or black shoes.": {"hypothesis": "Customers with a large orange bag tend to buy orange or black shoes.", "acc": 0.4, "num_visits": 15, "reward": 0.6824739440131911, "correct_examples": [[107, "green"], [110, "black"], [111, "orange"], [112, "orange"], [116, "orange"], [118, "green"]]}, "Customers with green bags tend to buy black or green shoes.}": {"hypothesis": "Customers with green bags tend to buy black or green shoes.}", "acc": 0.45, "num_visits": 40, "reward": 0.6229792571159554, "correct_examples": [[79, "black"], [81, "black"], [83, "orange"], [85, "black"], [86, "black"], [88, "black"], [90, "black"], [92, "black"], [93, "white"], [94, "blue"], [96, "black"], [97, "black"], [100, "black"], [101, "white"], [102, "black"], [108, "black"], [113, "black"], [115, "black"]]}, "Customers with green shirts tend to buy black shoes.": {"hypothesis": "Customers with green shirts tend to buy black shoes.", "acc": 0.4705882352941176, "num_visits": 51, "reward": 0.623781240285675, "correct_examples": [[68, "black"], [70, "white"], [71, "black"], [72, "blue"], [78, "black"], [79, "black"], [81, "black"], [83, "orange"], [86, "black"], [87, "white"], [88, "black"], [90, "black"], [92, "black"], [94, "blue"], [95, "white"], [96, "black"], [97, "black"], [100, "black"], [102, "black"], [108, "black"], [110, "black"], [113, "black"], [114, "blue"], [115, "black"]]}, "Old customers with a blue hat tend to buy black shoes.": {"hypothesis": "Old customers with a blue hat tend to buy black shoes.", "acc": 0.26666666666666666, "num_visits": 15, "reward": 0.5491406106798578, "correct_examples": [[108, "black"], [110, "black"], [113, "black"], [115, "black"]]}, "Customers with a small green bag tend to buy black shoes.": {"hypothesis": "Customers with a small green bag tend to buy black shoes.", "acc": 0.36, "num_visits": 25, "reward": 0.578803376180123, "correct_examples": [[97, "black"], [100, "black"], [102, "black"], [104, "blue"], [90, "black"], [92, "black"], [108, "black"], [111, "orange"], [116, "orange"]]}, "Young customers with a blue hat tend to buy white shoes.": {"hypothesis": "Young customers with a blue hat tend to buy white shoes.", "acc": 0.4, "num_visits": 25, "reward": 0.618803376180123, "correct_examples": [[98, "white"], [99, "white"], [100, "black"], [90, "black"], [105, "white"], [106, "white"], [109, "white"], [114, "blue"], [115, "black"], [119, "white"]]}, "Old and tall customers tend to buy black shoes.}": {"hypothesis": "Old and tall customers tend to buy black shoes.}", "acc": 0.3333333333333333, "num_visits": 24, "reward": 0.5564533377851494, "correct_examples": [[97, "black"], [100, "black"], [102, "black"], [104, "blue"], [90, "black"], [110, "black"], [113, "black"], [115, "black"]]}, "Customers with a blue bag tend to buy blue shoes.": {"hypothesis": "Customers with a blue bag tend to buy blue shoes.", "acc": 0.46017699115044247, "num_visits": 113, "reward": 0.5627284048813117, "correct_examples": [[1, "black"], [2, "blue"], [3, "blue"], [5, "blue"], [6, "blue"], [8, "black"], [10, "orange"], [11, "green"], [14, "blue"], [16, "green"], [21, "black"], [25, "black"], [26, "black"], [27, "red"], [29, "black"], [30, "green"], [31, "black"], [34, "green"], [35, "red"], [38, "orange"], [40, "red"], [42, "blue"], [43, "black"], [46, "orange"], [47, "orange"], [50, "red"], [54, "red"], [56, "blue"], [58, "green"], [60, "white"], [64, "white"], [66, "blue"], [67, "orange"], [69, "white"], [73, "orange"], [74, "blue"], [75, "black"], [76, "red"], [77, "blue"], [80, "red"], [84, "orange"], [85, "black"], [87, "white"], [89, "green"], [90, "black"], [94, "blue"], [95, "white"], [96, "black"], [104, "blue"], [111, "orange"], [112, "orange"], [114, "blue"]]}, "Customers with a small bag are more likely to buy shoes that match the color of their bag.": {"hypothesis": "Customers with a small bag are more likely to buy shoes that match the color of their bag.", "acc": 0.449438202247191, "num_visits": 89, "reward": 0.5654037596917733, "correct_examples": [[10, "orange"], [11, "green"], [14, "blue"], [16, "green"], [21, "black"], [25, "black"], [26, "black"], [27, "red"], [29, "black"], [30, "green"], [31, "black"], [34, "green"], [35, "red"], [38, "orange"], [40, "red"], [43, "black"], [46, "orange"], [50, "red"], [54, "red"], [60, "white"], [74, "blue"], [75, "black"], [76, "red"], [77, "blue"], [84, "orange"], [85, "black"], [87, "white"], [89, "green"], [93, "white"], [94, "blue"], [95, "white"], [96, "black"], [101, "white"], [104, "blue"], [107, "green"], [111, "orange"], [112, "orange"], [114, "blue"], [116, "orange"], [118, "green"]]}, "Customers with a white hat are more likely to buy shoes that match the color of their bag.}": {"hypothesis": "Customers with a white hat are more likely to buy shoes that match the color of their bag.}", "acc": 0.4489795918367347, "num_visits": 98, "reward": 0.5594919854392176, "correct_examples": [[10, "orange"], [11, "green"], [14, "blue"], [16, "green"], [19, "black"], [21, "black"], [25, "black"], [26, "black"], [27, "red"], [29, "black"], [30, "green"], [31, "black"], [34, "green"], [35, "red"], [38, "orange"], [40, "red"], [43, "black"], [46, "orange"], [50, "red"], [54, "red"], [56, "blue"], [58, "green"], [60, "white"], [64, "white"], [69, "white"], [73, "orange"], [74, "blue"], [75, "black"], [76, "red"], [77, "blue"], [80, "red"], [84, "orange"], [85, "black"], [87, "white"], [89, "green"], [93, "white"], [94, "blue"], [95, "white"], [96, "black"], [101, "white"], [104, "blue"], [111, "orange"], [112, "orange"], [114, "blue"]]}, "Young customers tend to buy shoes that match the color of their shirt.": {"hypothesis": "Young customers tend to buy shoes that match the color of their shirt.", "acc": 0.43209876543209874, "num_visits": 81, "reward": 0.5531146827654592, "correct_examples": [[12, "red"], [14, "blue"], [18, "red"], [20, "green"], [23, "blue"], [24, "orange"], [25, "black"], [26, "black"], [29, "black"], [31, "black"], [32, "orange"], [33, "red"], [36, "blue"], [37, "blue"], [38, "orange"], [39, "white"], [42, "blue"], [44, "black"], [47, "orange"], [52, "black"], [60, "white"], [61, "white"], [64, "white"], [65, "red"], [66, "blue"], [69, "white"], [70, "white"], [72, "blue"], [74, "blue"], [77, "blue"], [81, "black"], [83, "orange"], [87, "white"], [103, "red"], [113, "black"]]}, "Customers with large bags are more likely to buy black or white shoes.": {"hypothesis": "Customers with large bags are more likely to buy black or white shoes.", "acc": 0.391304347826087, "num_visits": 46, "reward": 0.5518897600236768, "correct_examples": [[64, "white"], [55, "black"], [57, "black"], [61, "white"], [66, "blue"], [68, "black"], [69, "white"], [70, "white"], [75, "black"], [81, "black"], [83, "orange"], [85, "black"], [87, "white"], [88, "black"], [101, "white"], [102, "black"], [110, "black"], [113, "black"]]}, "Customers with large bags tend to buy shoes that match the bag color.}": {"hypothesis": "Customers with large bags tend to buy shoes that match the bag color.}", "acc": 0.417910447761194, "num_visits": 67, "reward": 0.5494162076405767, "correct_examples": [[21, "black"], [27, "red"], [30, "green"], [34, "green"], [35, "red"], [38, "orange"], [40, "red"], [43, "black"], [46, "orange"], [54, "red"], [56, "blue"], [58, "green"], [60, "white"], [64, "white"], [73, "orange"], [74, "blue"], [75, "black"], [76, "red"], [77, "blue"], [80, "red"], [84, "orange"], [85, "black"], [87, "white"], [89, "green"], [93, "white"], [94, "blue"], [95, "white"], [96, "black"]]}, "Old customers are more likely to buy shoes that match the color of their shirt.": {"hypothesis": "Old customers are more likely to buy shoes that match the color of their shirt.", "acc": 0.4266666666666667, "num_visits": 75, "reward": 0.5486763400352782, "correct_examples": [[12, "red"], [14, "blue"], [18, "red"], [20, "green"], [23, "blue"], [24, "orange"], [25, "black"], [26, "black"], [29, "black"], [31, "black"], [32, "orange"], [33, "red"], [36, "blue"], [37, "blue"], [38, "orange"], [39, "white"], [42, "blue"], [44, "black"], [47, "orange"], [52, "black"], [59, "orange"], [60, "white"], [61, "white"], [64, "white"], [65, "red"], [66, "blue"], [69, "white"], [70, "white"], [72, "blue"], [74, "blue"], [77, "blue"], [83, "orange"]]}, "The color of the shoes is often the same as the color of the shirt.": {"hypothesis": "The color of the shoes is often the same as the color of the shirt.", "acc": 0.4153846153846154, "num_visits": 65, "reward": 0.5484717786387442, "correct_examples": [[32, "orange"], [33, "red"], [20, "green"], [23, "blue"], [24, "orange"], [36, "blue"], [37, "blue"], [38, "orange"], [39, "white"], [42, "blue"], [44, "black"], [47, "orange"], [52, "black"], [59, "orange"], [60, "white"], [61, "white"], [64, "white"], [65, "red"], [66, "blue"], [69, "white"], [70, "white"], [72, "blue"], [74, "blue"], [77, "blue"], [81, "black"], [83, "orange"], [87, "white"]]}, "Customers with white hats tend to buy shoes that match their bag color.": {"hypothesis": "Customers with white hats tend to buy shoes that match their bag color.", "acc": 0.38095238095238093, "num_visits": 42, "reward": 0.5483827183018422, "correct_examples": [[67, "orange"], [73, "orange"], [75, "black"], [76, "red"], [80, "red"], [84, "orange"], [85, "black"], [87, "white"], [89, "green"], [93, "white"], [94, "blue"], [95, "white"], [96, "black"], [101, "white"], [104, "blue"], [107, "green"]]}, "Young customers tend to buy black or blue shoes.": {"hypothesis": "Young customers tend to buy black or blue shoes.", "acc": 0.4, "num_visits": 50, "reward": 0.5478081163615013, "correct_examples": [[1, "black"], [2, "blue"], [3, "blue"], [5, "blue"], [6, "blue"], [8, "black"], [9, "black"], [13, "black"], [14, "blue"], [15, "black"], [19, "black"], [21, "black"], [22, "black"], [25, "black"], [26, "black"], [28, "black"], [29, "black"], [31, "black"], [53, "black"], [77, "blue"]]}, "Old customers with large bags tend to buy black or white shoes.": {"hypothesis": "Old customers with large bags tend to buy black or white shoes.", "acc": 0.3448275862068966, "num_visits": 29, "reward": 0.5467021593080218, "correct_examples": [[79, "black"], [81, "black"], [88, "black"], [93, "white"], [94, "blue"], [100, "black"], [102, "black"], [104, "blue"], [106, "white"], [110, "black"]]}}