{"Customers with a white hat are more likely to buy shoes that match the color of their bag.}": {"hypothesis": "Customers with a white hat are more likely to buy shoes that match the color of their bag.}", "acc": 0.5, "num_visits": 20, "reward": 0.706191579049138, "correct_examples": [[10, "orange"], [11, "green"], [14, "blue"], [16, "green"], [19, "black"], [21, "black"], [25, "black"], [26, "black"], [27, "red"], [29, "black"]]}, "Customers with a large bag are more likely to buy black shoes.": {"hypothesis": "Customers with a large bag are more likely to buy black shoes.", "acc": 0.55, "num_visits": 20, "reward": 0.756191579049138, "correct_examples": [[10, "orange"], [12, "red"], [14, "blue"], [15, "black"], [19, "black"], [21, "black"], [22, "black"], [25, "black"], [26, "black"], [28, "black"], [29, "black"]]}, "Young customers tend to buy black or blue shoes.": {"hypothesis": "Young customers tend to buy black or blue shoes.", "acc": 0.5666666666666667, "num_visits": 30, "reward": 0.7350213859763768, "correct_examples": [[1, "black"], [2, "blue"], [3, "blue"], [5, "blue"], [6, "blue"], [8, "black"], [9, "black"], [13, "black"], [14, "blue"], [15, "black"], [19, "black"], [21, "black"], [22, "black"], [25, "black"], [26, "black"], [28, "black"], [29, "black"]]}, "Customers with a blue bag tend to buy blue shoes.": {"hypothesis": "Customers with a blue bag tend to buy blue shoes.", "acc": 0.5, "num_visits": 30, "reward": 0.6683547193097101, "correct_examples": [[1, "black"], [2, "blue"], [3, "blue"], [5, "blue"], [6, "blue"], [8, "black"], [10, "orange"], [11, "green"], [14, "blue"], [16, "green"], [21, "black"], [25, "black"], [26, "black"], [27, "red"], [29, "black"]]}, "Customers with a small bag are more likely to buy shoes that match the color of their bag.": {"hypothesis": "Customers with a small bag are more likely to buy shoes that match the color of their bag.", "acc": 0.45, "num_visits": 20, "reward": 0.656191579049138, "correct_examples": [[10, "orange"], [11, "green"], [14, "blue"], [16, "green"], [21, "black"], [25, "black"], [26, "black"], [27, "red"], [29, "black"]]}, "Customers with a green shirt tend to buy blue or green shoes.": {"hypothesis": "Customers with a green shirt tend to buy blue or green shoes.", "acc": 0.43333333333333335, "num_visits": 30, "reward": 0.6016880526430435, "correct_examples": [[1, "black"], [2, "blue"], [3, "blue"], [5, "blue"], [6, "blue"], [8, "black"], [14, "blue"], [15, "black"], [16, "green"], [23, "blue"], [25, "black"], [26, "black"], [29, "black"]]}, "Old customers are more likely to buy shoes that match the color of their shirt.": {"hypothesis": "Old customers are more likely to buy shoes that match the color of their shirt.", "acc": 0.45, "num_visits": 20, "reward": 0.656191579049138, "correct_examples": [[12, "red"], [14, "blue"], [18, "red"], [20, "green"], [23, "blue"], [24, "orange"], [25, "black"], [26, "black"], [29, "black"]]}, "Young customers tend to buy shoes that match the color of their shirt.": {"hypothesis": "Young customers tend to buy shoes that match the color of their shirt.", "acc": 0.45, "num_visits": 20, "reward": 0.656191579049138, "correct_examples": [[12, "red"], [14, "blue"], [18, "red"], [20, "green"], [23, "blue"], [24, "orange"], [25, "black"], [26, "black"], [29, "black"]]}, "Customers with an orange hat tend to buy blue or green shoes.": {"hypothesis": "Customers with an orange hat tend to buy blue or green shoes.", "acc": 0.3181818181818182, "num_visits": 22, "reward": 0.5094359276108766, "correct_examples": [[1, "black"], [2, "blue"], [3, "blue"], [6, "blue"], [11, "green"], [14, "blue"], [16, "green"]]}, "Customers with a black bag tend to buy black shoes.": {"hypothesis": "Customers with a black bag tend to buy black shoes.", "acc": 0.4230769230769231, "num_visits": 26, "reward": 0.6039189009955488, "correct_examples": [[1, "black"], [6, "blue"], [8, "black"], [10, "orange"], [14, "blue"], [16, "green"], [19, "black"], [25, "black"], [26, "black"], [27, "red"], [29, "black"]]}, "Customers with a small bag tend to buy white or blue shoes.": {"hypothesis": "Customers with a small bag tend to buy white or blue shoes.", "acc": 0.3181818181818182, "num_visits": 22, "reward": 0.506942555863424, "correct_examples": [[0, "white"], [3, "blue"], [4, "white"], [5, "blue"], [6, "blue"], [14, "blue"], [17, "white"]]}, "Tall customers tend to buy white or blue shoes.}": {"hypothesis": "Tall customers tend to buy white or blue shoes.}", "acc": 0.3181818181818182, "num_visits": 22, "reward": 0.5082193094095645, "correct_examples": [[0, "white"], [2, "blue"], [3, "blue"], [4, "white"], [7, "green"], [8, "black"], [14, "blue"]]}, "Customers with a white shirt tend to buy white or blue shoes.": {"hypothesis": "Customers with a white shirt tend to buy white or blue shoes.", "acc": 0.42857142857142855, "num_visits": 28, "reward": 0.6028351188939989, "correct_examples": [[2, "blue"], [3, "blue"], [4, "white"], [5, "blue"], [7, "green"], [14, "blue"], [19, "black"], [22, "black"], [23, "blue"], [25, "black"], [26, "black"], [29, "black"]]}, "Customers with a red hat tend to buy black shoes.": {"hypothesis": "Customers with a red hat tend to buy black shoes.", "acc": 0.25, "num_visits": 20, "reward": 0.4435113780102475, "correct_examples": [[1, "black"], [3, "blue"], [4, "white"], [8, "black"], [15, "black"]]}, "Old customers tend to buy white or blue shoes.": {"hypothesis": "Old customers tend to buy white or blue shoes.", "acc": 0.2, "num_visits": 20, "reward": 0.3935113780102475, "correct_examples": [[2, "blue"], [3, "blue"], [5, "blue"], [14, "blue"]]}}