{"Young customers are more likely to buy green shoes.}": {"hypothesis": "Young customers are more likely to buy green shoes.}", "acc": 0.4, "num_visits": 10, "reward": 0.7562012708860619, "correct_examples": [[146, "green"], [149, "green"], [150, "green"], [158, "black"]]}, "Customers with a large bag are more likely to buy green or black shoes.": {"hypothesis": "Customers with a large bag are more likely to buy green or black shoes.", "acc": 0.4, "num_visits": 10, "reward": 0.7562012708860619, "correct_examples": [[143, "green"], [146, "green"], [149, "green"], [150, "green"]]}, "Customers with a green shirt or a green bag are more likely to buy green shoes.": {"hypothesis": "Customers with a green shirt or a green bag are more likely to buy green shoes.", "acc": 0.5172413793103449, "num_visits": 29, "reward": 0.7264099677914745, "correct_examples": [[130, "green"], [131, "green"], [133, "black"], [135, "black"], [136, "black"], [142, "blue"], [143, "green"], [146, "green"], [149, "green"], [150, "green"], [152, "black"], [154, "green"], [155, "green"], [156, "black"], [159, "black"]]}, "Customers with a blue bag are more likely to buy blue or black shoes.": {"hypothesis": "Customers with a blue bag are more likely to buy blue or black shoes.", "acc": 0.3, "num_visits": 10, "reward": 0.6562012708860618, "correct_examples": [[144, "black"], [150, "green"], [157, "blue"]]}, "Customers with a green shirt are more likely to buy green shoes.": {"hypothesis": "Customers with a green shirt are more likely to buy green shoes.", "acc": 0.3, "num_visits": 10, "reward": 0.6562012708860618, "correct_examples": [[143, "green"], [146, "green"], [150, "green"]]}, "Old customers with a white hat tend to buy green or white shoes.": {"hypothesis": "Old customers with a white hat tend to buy green or white shoes.", "acc": 0.4418604651162791, "num_visits": 43, "reward": 0.613635971249061, "correct_examples": [[118, "green"], [120, "black"], [122, "green"], [126, "white"], [127, "black"], [130, "green"], [132, "white"], [136, "black"], [137, "black"], [141, "black"], [142, "blue"], [143, "green"], [145, "blue"], [147, "red"], [148, "white"], [149, "green"], [150, "green"], [154, "green"], [155, "green"]]}, "Customers with green shirts tend to buy black shoes.": {"hypothesis": "Customers with green shirts tend to buy black shoes.", "acc": 0.45054945054945056, "num_visits": 91, "reward": 0.5686290220539506, "correct_examples": [[68, "black"], [70, "white"], [71, "black"], [72, "blue"], [78, "black"], [79, "black"], [81, "black"], [83, "orange"], [86, "black"], [87, "white"], [88, "black"], [90, "black"], [92, "black"], [94, "blue"], [95, "white"], [96, "black"], [97, "black"], [100, "black"], [102, "black"], [108, "black"], [110, "black"], [113, "black"], [114, "blue"], [115, "black"], [120, "black"], [121, "black"], [123, "blue"], [127, "black"], [132, "white"], [133, "black"], [135, "black"], [137, "black"], [138, "red"], [141, "black"], [142, "blue"], [144, "black"], [145, "blue"], [147, "red"], [151, "black"], [152, "black"], [153, "blue"]]}, "Old customers are more likely to buy shoes that match the color of their shirt.": {"hypothesis": "Old customers are more likely to buy shoes that match the color of their shirt.", "acc": 0.44660194174757284, "num_visits": 103, "reward": 0.5575901530435661, "correct_examples": [[12, "red"], [14, "blue"], [18, "red"], [20, "green"], [23, "blue"], [24, "orange"], [25, "black"], [26, "black"], [29, "black"], [31, "black"], [32, "orange"], [33, "red"], [36, "blue"], [37, "blue"], [38, "orange"], [39, "white"], [42, "blue"], [44, "black"], [47, "orange"], [52, "black"], [59, "orange"], [60, "white"], [61, "white"], [64, "white"], [65, "red"], [66, "blue"], [69, "white"], [70, "white"], [72, "blue"], [74, "blue"], [77, "blue"], [83, "orange"], [132, "white"], [135, "black"], [137, "black"], [138, "red"], [139, "white"], [140, "white"], [142, "blue"], [145, "blue"], [146, "green"], [147, "red"], [150, "green"], [151, "black"], [152, "black"], [153, "blue"]]}, "Customers with a white hat are more likely to buy green shoes.": {"hypothesis": "Customers with a white hat are more likely to buy green shoes.", "acc": 0.2, "num_visits": 10, "reward": 0.556201270886062, "correct_examples": [[143, "green"], [149, "green"]]}, "Customers with a red shirt are more likely to buy red shoes.": {"hypothesis": "Customers with a red shirt are more likely to buy red shoes.", "acc": 0.3448275862068966, "num_visits": 29, "reward": 0.5539961746880262, "correct_examples": [[128, "red"], [129, "red"], [141, "black"], [142, "blue"], [143, "green"], [144, "black"], [147, "red"], [151, "black"], [152, "black"], [154, "green"]]}, "Customers with a small bag are more likely to buy shoes that match the color of their bag.": {"hypothesis": "Customers with a small bag are more likely to buy shoes that match the color of their bag.", "acc": 0.44545454545454544, "num_visits": 110, "reward": 0.5528532695797101, "correct_examples": [[10, "orange"], [11, "green"], [14, "blue"], [16, "green"], [21, "black"], [25, "black"], [26, "black"], [27, "red"], [29, "black"], [30, "green"], [31, "black"], [34, "green"], [35, "red"], [38, "orange"], [40, "red"], [43, "black"], [46, "orange"], [50, "red"], [54, "red"], [60, "white"], [74, "blue"], [75, "black"], [76, "red"], [77, "blue"], [84, "orange"], [85, "black"], [87, "white"], [89, "green"], [93, "white"], [94, "blue"], [95, "white"], [96, "black"], [101, "white"], [104, "blue"], [107, "green"], [111, "orange"], [112, "orange"], [114, "blue"], [116, "orange"], [118, "green"], [121, "black"], [124, "red"], [125, "white"], [137, "black"], [138, "red"], [154, "green"], [155, "green"], [156, "black"], [157, "blue"]]}, "Customers with large bags tend to buy shoes that match the bag color.}": {"hypothesis": "Customers with large bags tend to buy shoes that match the bag color.}", "acc": 0.4230769230769232, "num_visits": 78, "reward": 0.5506174371935523, "correct_examples": [[21, "black"], [27, "red"], [30, "green"], [34, "green"], [35, "red"], [38, "orange"], [40, "red"], [43, "black"], [46, "orange"], [54, "red"], [56, "blue"], [58, "green"], [60, "white"], [64, "white"], [73, "orange"], [74, "blue"], [75, "black"], [76, "red"], [77, "blue"], [80, "red"], [84, "orange"], [85, "black"], [87, "white"], [89, "green"], [93, "white"], [94, "blue"], [95, "white"], [96, "black"], [137, "black"], [138, "red"], [155, "green"], [156, "black"], [157, "blue"]]}, "Customers with a blue bag tend to buy blue shoes.": {"hypothesis": "Customers with a blue bag tend to buy blue shoes.", "acc": 0.45517241379310347, "num_visits": 145, "reward": 0.5487154503134005, "correct_examples": [[1, "black"], [2, "blue"], [3, "blue"], [5, "blue"], [6, "blue"], [8, "black"], [10, "orange"], [11, "green"], [14, "blue"], [16, "green"], [21, "black"], [25, "black"], [26, "black"], [27, "red"], [29, "black"], [30, "green"], [31, "black"], [34, "green"], [35, "red"], [38, "orange"], [40, "red"], [42, "blue"], [43, "black"], [46, "orange"], [47, "orange"], [50, "red"], [54, "red"], [56, "blue"], [58, "green"], [60, "white"], [64, "white"], [66, "blue"], [67, "orange"], [69, "white"], [73, "orange"], [74, "blue"], [75, "black"], [76, "red"], [77, "blue"], [80, "red"], [84, "orange"], [85, "black"], [87, "white"], [89, "green"], [90, "black"], [94, "blue"], [95, "white"], [96, "black"], [104, "blue"], [111, "orange"], [112, "orange"], [114, "blue"], [121, "black"], [124, "red"], [137, "black"], [138, "red"], [139, "white"], [142, "blue"], [143, "green"], [144, "black"], [145, "blue"], [147, "red"], [149, "green"], [151, "black"], [156, "black"], [157, "blue"]]}, "Young customers tend to buy shoes that match the color of their shirt.": {"hypothesis": "Young customers tend to buy shoes that match the color of their shirt.", "acc": 0.4326923076923077, "num_visits": 104, "reward": 0.5431456329290363, "correct_examples": [[12, "red"], [14, "blue"], [18, "red"], [20, "green"], [23, "blue"], [24, "orange"], [25, "black"], [26, "black"], [29, "black"], [31, "black"], [32, "orange"], [33, "red"], [36, "blue"], [37, "blue"], [38, "orange"], [39, "white"], [42, "blue"], [44, "black"], [47, "orange"], [52, "black"], [60, "white"], [61, "white"], [64, "white"], [65, "red"], [66, "blue"], [69, "white"], [70, "white"], [72, "blue"], [74, "blue"], [77, "blue"], [81, "black"], [83, "orange"], [87, "white"], [103, "red"], [113, "black"], [123, "blue"], [132, "white"], [140, "white"], [145, "blue"], [146, "green"], [147, "red"], [150, "green"], [151, "black"], [152, "black"], [153, "blue"]]}, "Customers with a small green bag tend to buy black shoes.": {"hypothesis": "Customers with a small green bag tend to buy black shoes.", "acc": 0.36585365853658536, "num_visits": 41, "reward": 0.5395642373314093, "correct_examples": [[97, "black"], [100, "black"], [102, "black"], [104, "blue"], [90, "black"], [92, "black"], [108, "black"], [111, "orange"], [116, "orange"], [120, "black"], [121, "black"], [125, "white"], [127, "black"], [136, "black"], [137, "black"]]}, "Customers with a large green bag tend to buy white shoes.": {"hypothesis": "Customers with a large green bag tend to buy white shoes.", "acc": 0.38, "num_visits": 50, "reward": 0.5387990100239805, "correct_examples": [[105, "white"], [106, "white"], [109, "white"], [111, "orange"], [114, "blue"], [119, "white"], [121, "black"], [125, "white"], [126, "white"], [127, "black"], [132, "white"], [133, "black"], [137, "black"], [138, "red"], [139, "white"], [141, "black"], [142, "blue"], [144, "black"], [147, "red"]]}, "Customers with an orange hat and a large bag are more likely to buy red or white shoes.}": {"hypothesis": "Customers with an orange hat and a large bag are more likely to buy red or white shoes.}", "acc": 0.30434782608695654, "num_visits": 23, "reward": 0.5383339043241966, "correct_examples": [[128, "red"], [129, "red"], [133, "black"], [134, "white"], [140, "white"], [141, "black"], [147, "red"]]}, "Customers with large bags are more likely to buy black or white shoes.": {"hypothesis": "Customers with large bags are more likely to buy black or white shoes.", "acc": 0.38, "num_visits": 50, "reward": 0.5368435673820913, "correct_examples": [[64, "white"], [55, "black"], [57, "black"], [61, "white"], [66, "blue"], [68, "black"], [69, "white"], [70, "white"], [75, "black"], [81, "black"], [83, "orange"], [85, "black"], [87, "white"], [88, "black"], [101, "white"], [102, "black"], [110, "black"], [113, "black"], [125, "white"]]}, "The color of the shoes is often the same as the color of the shirt.": {"hypothesis": "The color of the shoes is often the same as the color of the shirt.", "acc": 0.40277777777777785, "num_visits": 72, "reward": 0.5355261536732864, "correct_examples": [[32, "orange"], [33, "red"], [20, "green"], [23, "blue"], [24, "orange"], [36, "blue"], [37, "blue"], [38, "orange"], [39, "white"], [42, "blue"], [44, "black"], [47, "orange"], [52, "black"], [59, "orange"], [60, "white"], [61, "white"], [64, "white"], [65, "red"], [66, "blue"], [69, "white"], [70, "white"], [72, "blue"], [74, "blue"], [77, "blue"], [81, "black"], [83, "orange"], [87, "white"], [140, "white"], [142, "blue"]]}, "Customers with a white shirt or a large bag are more likely to buy white shoes.": {"hypothesis": "Customers with a white shirt or a large bag are more likely to buy white shoes.", "acc": 0.32142857142857145, "num_visits": 28, "reward": 0.5341680206008141, "correct_examples": [[134, "white"], [136, "black"], [139, "white"], [140, "white"], [141, "black"], [142, "blue"], [148, "white"], [151, "black"], [156, "black"]]}}