{"Customers with green bags tend to buy black or green shoes.}": {"hypothesis": "Customers with green bags tend to buy black or green shoes.}", "acc": 0.6, "num_visits": 20, "reward": 0.839926295609404, "correct_examples": [[79, "black"], [81, "black"], [83, "orange"], [85, "black"], [86, "black"], [88, "black"], [90, "black"], [92, "black"], [93, "white"], [94, "blue"], [96, "black"], [97, "black"]]}, "Customers with blue hats tend to buy black shoes.": {"hypothesis": "Customers with blue hats tend to buy black shoes.", "acc": 0.45, "num_visits": 20, "reward": 0.6899262956094041, "correct_examples": [[79, "black"], [81, "black"], [85, "black"], [86, "black"], [88, "black"], [92, "black"], [93, "white"], [95, "white"], [96, "black"]]}, "Customers with green shirts tend to buy black shoes.": {"hypothesis": "Customers with green shirts tend to buy black shoes.", "acc": 0.5483870967741935, "num_visits": 31, "reward": 0.7411005349196416, "correct_examples": [[68, "black"], [70, "white"], [71, "black"], [72, "blue"], [78, "black"], [79, "black"], [81, "black"], [83, "orange"], [86, "black"], [87, "white"], [88, "black"], [90, "black"], [92, "black"], [94, "blue"], [95, "white"], [96, "black"], [97, "black"]]}, "Customers with white hats tend to buy shoes that match their bag color.": {"hypothesis": "Customers with white hats tend to buy shoes that match their bag color.", "acc": 0.41935483870967744, "num_visits": 31, "reward": 0.6120682768551255, "correct_examples": [[67, "orange"], [73, "orange"], [75, "black"], [76, "red"], [80, "red"], [84, "orange"], [85, "black"], [87, "white"], [89, "green"], [93, "white"], [94, "blue"], [95, "white"], [96, "black"]]}, "Customers with orange shirts tend to buy orange shoes.": {"hypothesis": "Customers with orange shirts tend to buy orange shoes.", "acc": 0.3157894736842105, "num_visits": 19, "reward": 0.5619486590754424, "correct_examples": [[83, "orange"], [84, "orange"], [89, "green"], [93, "white"], [94, "blue"], [95, "white"]]}, "Old customers with large bags tend to buy black or white shoes.": {"hypothesis": "Old customers with large bags tend to buy black or white shoes.", "acc": 0.29411764705882354, "num_visits": 17, "reward": 0.5537828013121249, "correct_examples": [[79, "black"], [81, "black"], [88, "black"], [93, "white"], [94, "blue"]]}, "Customers with a blue bag tend to buy blue shoes.": {"hypothesis": "Customers with a blue bag tend to buy blue shoes.", "acc": 0.48, "num_visits": 100, "reward": 0.5872983013144674, "correct_examples": [[1, "black"], [2, "blue"], [3, "blue"], [5, "blue"], [6, "blue"], [8, "black"], [10, "orange"], [11, "green"], [14, "blue"], [16, "green"], [21, "black"], [25, "black"], [26, "black"], [27, "red"], [29, "black"], [30, "green"], [31, "black"], [34, "green"], [35, "red"], [38, "orange"], [40, "red"], [42, "blue"], [43, "black"], [46, "orange"], [47, "orange"], [50, "red"], [54, "red"], [56, "blue"], [58, "green"], [60, "white"], [64, "white"], [66, "blue"], [67, "orange"], [69, "white"], [73, "orange"], [74, "blue"], [75, "black"], [76, "red"], [77, "blue"], [80, "red"], [84, "orange"], [85, "black"], [87, "white"], [89, "green"], [90, "black"], [94, "blue"], [95, "white"], [96, "black"]]}, "Customers with large bags are more likely to buy black or white shoes.": {"hypothesis": "Customers with large bags are more likely to buy black or white shoes.", "acc": 0.3783783783783784, "num_visits": 37, "reward": 0.5533802990850825, "correct_examples": [[64, "white"], [55, "black"], [57, "black"], [61, "white"], [66, "blue"], [68, "black"], [69, "white"], [70, "white"], [75, "black"], [81, "black"], [83, "orange"], [85, "black"], [87, "white"], [88, "black"]]}, "Customers with large bags tend to buy shoes that match the bag color.}": {"hypothesis": "Customers with large bags tend to buy shoes that match the bag color.}", "acc": 0.4375, "num_visits": 64, "reward": 0.5716228766430842, "correct_examples": [[21, "black"], [27, "red"], [30, "green"], [34, "green"], [35, "red"], [38, "orange"], [40, "red"], [43, "black"], [46, "orange"], [54, "red"], [56, "blue"], [58, "green"], [60, "white"], [64, "white"], [73, "orange"], [74, "blue"], [75, "black"], [76, "red"], [77, "blue"], [80, "red"], [84, "orange"], [85, "black"], [87, "white"], [89, "green"], [93, "white"], [94, "blue"], [95, "white"], [96, "black"]]}, "Customers with a small bag are more likely to buy shoes that match the color of their bag.": {"hypothesis": "Customers with a small bag are more likely to buy shoes that match the color of their bag.", "acc": 0.4444444444444444, "num_visits": 72, "reward": 0.5708967052265399, "correct_examples": [[10, "orange"], [11, "green"], [14, "blue"], [16, "green"], [21, "black"], [25, "black"], [26, "black"], [27, "red"], [29, "black"], [30, "green"], [31, "black"], [34, "green"], [35, "red"], [38, "orange"], [40, "red"], [43, "black"], [46, "orange"], [50, "red"], [54, "red"], [60, "white"], [74, "blue"], [75, "black"], [76, "red"], [77, "blue"], [84, "orange"], [85, "black"], [87, "white"], [89, "green"], [93, "white"], [94, "blue"], [95, "white"], [96, "black"]]}, "Customers with a white hat are more likely to buy shoes that match the color of their bag.}": {"hypothesis": "Customers with a white hat are more likely to buy shoes that match the color of their bag.}", "acc": 0.45348837209302323, "num_visits": 86, "reward": 0.5691911060005947, "correct_examples": [[10, "orange"], [11, "green"], [14, "blue"], [16, "green"], [19, "black"], [21, "black"], [25, "black"], [26, "black"], [27, "red"], [29, "black"], [30, "green"], [31, "black"], [34, "green"], [35, "red"], [38, "orange"], [40, "red"], [43, "black"], [46, "orange"], [50, "red"], [54, "red"], [56, "blue"], [58, "green"], [60, "white"], [64, "white"], [69, "white"], [73, "orange"], [74, "blue"], [75, "black"], [76, "red"], [77, "blue"], [80, "red"], [84, "orange"], [85, "black"], [87, "white"], [89, "green"], [93, "white"], [94, "blue"], [95, "white"], [96, "black"]]}, "The color of the shoes is often the same as the color of the bag.": {"hypothesis": "The color of the shoes is often the same as the color of the bag.", "acc": 0.375, "num_visits": 40, "reward": 0.5444682833551493, "correct_examples": [[21, "black"], [27, "red"], [30, "green"], [34, "green"], [35, "red"], [38, "orange"], [40, "red"], [43, "black"], [46, "orange"], [75, "black"], [76, "red"], [77, "blue"], [80, "red"], [87, "white"], [89, "green"]]}, "The color of the shoes is often the same as the color of the shirt.": {"hypothesis": "The color of the shoes is often the same as the color of the shirt.", "acc": 0.4153846153846154, "num_visits": 65, "reward": 0.5484717786387442, "correct_examples": [[32, "orange"], [33, "red"], [20, "green"], [23, "blue"], [24, "orange"], [36, "blue"], [37, "blue"], [38, "orange"], [39, "white"], [42, "blue"], [44, "black"], [47, "orange"], [52, "black"], [59, "orange"], [60, "white"], [61, "white"], [64, "white"], [65, "red"], [66, "blue"], [69, "white"], [70, "white"], [72, "blue"], [74, "blue"], [77, "blue"], [81, "black"], [83, "orange"], [87, "white"]]}, "Young customers tend to buy shoes that match the color of their shirt.": {"hypothesis": "Young customers tend to buy shoes that match the color of their shirt.", "acc": 0.42857142857142855, "num_visits": 77, "reward": 0.5494423169478959, "correct_examples": [[12, "red"], [14, "blue"], [18, "red"], [20, "green"], [23, "blue"], [24, "orange"], [25, "black"], [26, "black"], [29, "black"], [31, "black"], [32, "orange"], [33, "red"], [36, "blue"], [37, "blue"], [38, "orange"], [39, "white"], [42, "blue"], [44, "black"], [47, "orange"], [52, "black"], [60, "white"], [61, "white"], [64, "white"], [65, "red"], [66, "blue"], [69, "white"], [70, "white"], [72, "blue"], [74, "blue"], [77, "blue"], [81, "black"], [83, "orange"], [87, "white"]]}, "Old customers are more likely to buy shoes that match the color of their shirt.": {"hypothesis": "Old customers are more likely to buy shoes that match the color of their shirt.", "acc": 0.4266666666666667, "num_visits": 75, "reward": 0.5486763400352782, "correct_examples": [[12, "red"], [14, "blue"], [18, "red"], [20, "green"], [23, "blue"], [24, "orange"], [25, "black"], [26, "black"], [29, "black"], [31, "black"], [32, "orange"], [33, "red"], [36, "blue"], [37, "blue"], [38, "orange"], [39, "white"], [42, "blue"], [44, "black"], [47, "orange"], [52, "black"], [59, "orange"], [60, "white"], [61, "white"], [64, "white"], [65, "red"], [66, "blue"], [69, "white"], [70, "white"], [72, "blue"], [74, "blue"], [77, "blue"], [83, "orange"]]}, "Young customers tend to buy black or blue shoes.": {"hypothesis": "Young customers tend to buy black or blue shoes.", "acc": 0.4, "num_visits": 50, "reward": 0.5478081163615013, "correct_examples": [[1, "black"], [2, "blue"], [3, "blue"], [5, "blue"], [6, "blue"], [8, "black"], [9, "black"], [13, "black"], [14, "blue"], [15, "black"], [19, "black"], [21, "black"], [22, "black"], [25, "black"], [26, "black"], [28, "black"], [29, "black"], [31, "black"], [53, "black"], [77, "blue"]]}, "Customers with red shirts are more likely to buy shoes that match the color of their bags.": {"hypothesis": "Customers with red shirts are more likely to buy shoes that match the color of their bags.", "acc": 0.29411764705882354, "num_visits": 17, "reward": 0.5453048119012851, "correct_examples": [[64, "white"], [56, "blue"], [58, "green"], [67, "orange"], [69, "white"]]}, "Old and short men tend to buy shoes that match the color of their bags.}": {"hypothesis": "Old and short men tend to buy shoes that match the color of their bags.}", "acc": 0.29411764705882354, "num_visits": 17, "reward": 0.5453048119012851, "correct_examples": [[64, "white"], [56, "blue"], [58, "green"], [67, "orange"], [69, "white"]]}, "Customers with a white shirt tend to buy white or blue shoes.": {"hypothesis": "Customers with a white shirt tend to buy white or blue shoes.", "acc": 0.37142857142857144, "num_visits": 35, "reward": 0.5444202050418441, "correct_examples": [[2, "blue"], [3, "blue"], [4, "white"], [5, "blue"], [7, "green"], [14, "blue"], [19, "black"], [22, "black"], [23, "blue"], [25, "black"], [26, "black"], [29, "black"], [31, "black"]]}, "Customers with a blue hat are more likely to buy black shoes.": {"hypothesis": "Customers with a blue hat are more likely to buy black shoes.", "acc": 0.3333333333333333, "num_visits": 24, "reward": 0.54439873885119, "correct_examples": [[45, "black"], [47, "orange"], [51, "black"], [52, "black"], [53, "black"], [55, "black"], [57, "black"], [69, "white"]]}}