{"Old customers with a white hat tend to buy green or white shoes.": {"hypothesis": "Old customers with a white hat tend to buy green or white shoes.", "acc": 0.391304347826087, "num_visits": 23, "reward": 0.6230660888308943, "correct_examples": [[118, "green"], [120, "black"], [122, "green"], [126, "white"], [127, "black"], [130, "green"], [132, "white"], [136, "black"], [137, "black"]]}, "Customers with a black hat tend to buy black or green shoes.}": {"hypothesis": "Customers with a black hat tend to buy black or green shoes.}", "acc": 0.2631578947368421, "num_visits": 19, "reward": 0.5181512492067315, "correct_examples": [[115, "black"], [118, "green"], [122, "green"], [127, "black"], [130, "green"]]}, "Customers with a large orange bag tend to buy black or orange shoes.": {"hypothesis": "Customers with a large orange bag tend to buy black or orange shoes.", "acc": 0.25, "num_visits": 16, "reward": 0.5264266722450366, "correct_examples": [[116, "orange"], [118, "green"], [120, "black"], [127, "black"]]}, "Customers with a large green bag tend to buy white shoes.": {"hypothesis": "Customers with a large green bag tend to buy white shoes.", "acc": 0.42857142857142855, "num_visits": 35, "reward": 0.6164475736132639, "correct_examples": [[105, "white"], [106, "white"], [109, "white"], [111, "orange"], [114, "blue"], [119, "white"], [121, "black"], [125, "white"], [126, "white"], [127, "black"], [132, "white"], [133, "black"], [137, "black"], [138, "red"], [139, "white"]]}, "Young customers with a blue hat tend to buy white shoes.": {"hypothesis": "Young customers with a blue hat tend to buy white shoes.", "acc": 0.36363636363636365, "num_visits": 44, "reward": 0.5310782452280665, "correct_examples": [[98, "white"], [99, "white"], [100, "black"], [90, "black"], [105, "white"], [106, "white"], [109, "white"], [114, "blue"], [115, "black"], [119, "white"], [120, "black"], [121, "black"], [125, "white"], [126, "white"], [131, "green"], [135, "black"]]}, "Customers with green shirts tend to buy black shoes.": {"hypothesis": "Customers with green shirts tend to buy black shoes.", "acc": 0.4647887323943662, "num_visits": 71, "reward": 0.5966983581818154, "correct_examples": [[68, "black"], [70, "white"], [71, "black"], [72, "blue"], [78, "black"], [79, "black"], [81, "black"], [83, "orange"], [86, "black"], [87, "white"], [88, "black"], [90, "black"], [92, "black"], [94, "blue"], [95, "white"], [96, "black"], [97, "black"], [100, "black"], [102, "black"], [108, "black"], [110, "black"], [113, "black"], [114, "blue"], [115, "black"], [120, "black"], [121, "black"], [123, "blue"], [127, "black"], [132, "white"], [133, "black"], [135, "black"], [137, "black"], [138, "red"]]}, "Customers with a large orange bag tend to buy orange or black shoes.": {"hypothesis": "Customers with a large orange bag tend to buy orange or black shoes.", "acc": 0.32142857142857145, "num_visits": 28, "reward": 0.530863501779778, "correct_examples": [[107, "green"], [110, "black"], [111, "orange"], [112, "orange"], [116, "orange"], [118, "green"], [120, "black"], [125, "white"], [127, "black"]]}, "Customers with green bags tend to buy black or green shoes.}": {"hypothesis": "Customers with green bags tend to buy black or green shoes.}", "acc": 0.38596491228070173, "num_visits": 57, "reward": 0.5331853941254581, "correct_examples": [[79, "black"], [81, "black"], [83, "orange"], [85, "black"], [86, "black"], [88, "black"], [90, "black"], [92, "black"], [93, "white"], [94, "blue"], [96, "black"], [97, "black"], [100, "black"], [101, "white"], [102, "black"], [108, "black"], [113, "black"], [115, "black"], [121, "black"], [122, "green"], [127, "black"], [137, "black"]]}, "Customers with a small green bag tend to buy black shoes.": {"hypothesis": "Customers with a small green bag tend to buy black shoes.", "acc": 0.375, "num_visits": 40, "reward": 0.5507420414735988, "correct_examples": [[97, "black"], [100, "black"], [102, "black"], [104, "blue"], [90, "black"], [92, "black"], [108, "black"], [111, "orange"], [116, "orange"], [120, "black"], [121, "black"], [125, "white"], [127, "black"], [136, "black"], [137, "black"]]}, "Customers with a small bag are more likely to buy shoes that match the color of their bag.": {"hypothesis": "Customers with a small bag are more likely to buy shoes that match the color of their bag.", "acc": 0.4368932038834951, "num_visits": 103, "reward": 0.5464115937766079, "correct_examples": [[10, "orange"], [11, "green"], [14, "blue"], [16, "green"], [21, "black"], [25, "black"], [26, "black"], [27, "red"], [29, "black"], [30, "green"], [31, "black"], [34, "green"], [35, "red"], [38, "orange"], [40, "red"], [43, "black"], [46, "orange"], [50, "red"], [54, "red"], [60, "white"], [74, "blue"], [75, "black"], [76, "red"], [77, "blue"], [84, "orange"], [85, "black"], [87, "white"], [89, "green"], [93, "white"], [94, "blue"], [95, "white"], [96, "black"], [101, "white"], [104, "blue"], [107, "green"], [111, "orange"], [112, "orange"], [114, "blue"], [116, "orange"], [118, "green"], [121, "black"], [124, "red"], [125, "white"], [137, "black"], [138, "red"]]}, "Customers with large bags are more likely to buy black or white shoes.": {"hypothesis": "Customers with large bags are more likely to buy black or white shoes.", "acc": 0.38, "num_visits": 50, "reward": 0.5368435673820913, "correct_examples": [[64, "white"], [55, "black"], [57, "black"], [61, "white"], [66, "blue"], [68, "black"], [69, "white"], [70, "white"], [75, "black"], [81, "black"], [83, "orange"], [85, "black"], [87, "white"], [88, "black"], [101, "white"], [102, "black"], [110, "black"], [113, "black"], [125, "white"]]}, "Customers with a blue bag tend to buy blue shoes.": {"hypothesis": "Customers with a blue bag tend to buy blue shoes.", "acc": 0.456, "num_visits": 125, "reward": 0.5554147114124394, "correct_examples": [[1, "black"], [2, "blue"], [3, "blue"], [5, "blue"], [6, "blue"], [8, "black"], [10, "orange"], [11, "green"], [14, "blue"], [16, "green"], [21, "black"], [25, "black"], [26, "black"], [27, "red"], [29, "black"], [30, "green"], [31, "black"], [34, "green"], [35, "red"], [38, "orange"], [40, "red"], [42, "blue"], [43, "black"], [46, "orange"], [47, "orange"], [50, "red"], [54, "red"], [56, "blue"], [58, "green"], [60, "white"], [64, "white"], [66, "blue"], [67, "orange"], [69, "white"], [73, "orange"], [74, "blue"], [75, "black"], [76, "red"], [77, "blue"], [80, "red"], [84, "orange"], [85, "black"], [87, "white"], [89, "green"], [90, "black"], [94, "blue"], [95, "white"], [96, "black"], [104, "blue"], [111, "orange"], [112, "orange"], [114, "blue"], [121, "black"], [124, "red"], [137, "black"], [138, "red"], [139, "white"]]}, "Customers with large bags tend to buy shoes that match the bag color.}": {"hypothesis": "Customers with large bags tend to buy shoes that match the bag color.}", "acc": 0.41666666666666674, "num_visits": 72, "reward": 0.5476570504131849, "correct_examples": [[21, "black"], [27, "red"], [30, "green"], [34, "green"], [35, "red"], [38, "orange"], [40, "red"], [43, "black"], [46, "orange"], [54, "red"], [56, "blue"], [58, "green"], [60, "white"], [64, "white"], [73, "orange"], [74, "blue"], [75, "black"], [76, "red"], [77, "blue"], [80, "red"], [84, "orange"], [85, "black"], [87, "white"], [89, "green"], [93, "white"], [94, "blue"], [95, "white"], [96, "black"], [137, "black"], [138, "red"]]}, "Old customers with a blue hat tend to buy black shoes.": {"hypothesis": "Old customers with a blue hat tend to buy black shoes.", "acc": 0.25, "num_visits": 16, "reward": 0.5264266722450366, "correct_examples": [[108, "black"], [110, "black"], [113, "black"], [115, "black"]]}, "Old customers are more likely to buy shoes that match the color of their shirt.": {"hypothesis": "Old customers are more likely to buy shoes that match the color of their shirt.", "acc": 0.4457831325301205, "num_visits": 83, "reward": 0.5677850387789216, "correct_examples": [[12, "red"], [14, "blue"], [18, "red"], [20, "green"], [23, "blue"], [24, "orange"], [25, "black"], [26, "black"], [29, "black"], [31, "black"], [32, "orange"], [33, "red"], [36, "blue"], [37, "blue"], [38, "orange"], [39, "white"], [42, "blue"], [44, "black"], [47, "orange"], [52, "black"], [59, "orange"], [60, "white"], [61, "white"], [64, "white"], [65, "red"], [66, "blue"], [69, "white"], [70, "white"], [72, "blue"], [74, "blue"], [77, "blue"], [83, "orange"], [132, "white"], [135, "black"], [137, "black"], [138, "red"], [139, "white"]]}, "Young customers tend to buy shoes that match the color of their shirt.": {"hypothesis": "Young customers tend to buy shoes that match the color of their shirt.", "acc": 0.42045454545454547, "num_visits": 88, "reward": 0.5386798326789141, "correct_examples": [[12, "red"], [14, "blue"], [18, "red"], [20, "green"], [23, "blue"], [24, "orange"], [25, "black"], [26, "black"], [29, "black"], [31, "black"], [32, "orange"], [33, "red"], [36, "blue"], [37, "blue"], [38, "orange"], [39, "white"], [42, "blue"], [44, "black"], [47, "orange"], [52, "black"], [60, "white"], [61, "white"], [64, "white"], [65, "red"], [66, "blue"], [69, "white"], [70, "white"], [72, "blue"], [74, "blue"], [77, "blue"], [81, "black"], [83, "orange"], [87, "white"], [103, "red"], [113, "black"], [123, "blue"], [132, "white"]]}, "The color of the shoes is often the same as the color of the shirt.": {"hypothesis": "The color of the shoes is often the same as the color of the shirt.", "acc": 0.40298507462686567, "num_visits": 67, "reward": 0.5384772802437969, "correct_examples": [[32, "orange"], [33, "red"], [20, "green"], [23, "blue"], [24, "orange"], [36, "blue"], [37, "blue"], [38, "orange"], [39, "white"], [42, "blue"], [44, "black"], [47, "orange"], [52, "black"], [59, "orange"], [60, "white"], [61, "white"], [64, "white"], [65, "red"], [66, "blue"], [69, "white"], [70, "white"], [72, "blue"], [74, "blue"], [77, "blue"], [81, "black"], [83, "orange"], [87, "white"]]}, "Customers with white hats tend to buy shoes that match their bag color.": {"hypothesis": "Customers with white hats tend to buy shoes that match their bag color.", "acc": 0.3695652173913043, "num_visits": 46, "reward": 0.5330859401477948, "correct_examples": [[67, "orange"], [73, "orange"], [75, "black"], [76, "red"], [80, "red"], [84, "orange"], [85, "black"], [87, "white"], [89, "green"], [93, "white"], [94, "blue"], [95, "white"], [96, "black"], [101, "white"], [104, "blue"], [107, "green"], [133, "black"]]}, "Young customers with a large red bag tend to buy red shoes.": {"hypothesis": "Young customers with a large red bag tend to buy red shoes.", "acc": 0.18181818181818182, "num_visits": 11, "reward": 0.5157096577378023, "correct_examples": [[118, "green"], [124, "red"]]}, "Customers with a small green bag tend to buy blue or green shoes.": {"hypothesis": "Customers with a small green bag tend to buy blue or green shoes.", "acc": 0.18181818181818182, "num_visits": 11, "reward": 0.5157096577378023, "correct_examples": [[115, "black"], [117, "blue"]]}}