{"Older and shorter individuals tend to buy shoes that are a neutral color like white or black.": {"hypothesis": "Older and shorter individuals tend to buy shoes that are a neutral color like white or black.", "acc": 0.4, "num_visits": 15, "reward": 0.6553436574967204, "correct_examples": [[36, "blue"], [37, "blue"], [39, "white"], [43, "black"], [44, "black"], [48, "white"]]}, "The color of the shoes is often the same as the color of the shirt.": {"hypothesis": "The color of the shoes is often the same as the color of the shirt.", "acc": 0.46153846153846156, "num_visits": 26, "reward": 0.6554858921000044, "correct_examples": [[32, "orange"], [33, "red"], [20, "green"], [23, "blue"], [24, "orange"], [36, "blue"], [37, "blue"], [38, "orange"], [39, "white"], [42, "blue"], [44, "black"], [47, "orange"]]}, "Old customers are more likely to buy shoes that match the color of their shirt.": {"hypothesis": "Old customers are more likely to buy shoes that match the color of their shirt.", "acc": 0.475, "num_visits": 40, "reward": 0.6313654174807394, "correct_examples": [[12, "red"], [14, "blue"], [18, "red"], [20, "green"], [23, "blue"], [24, "orange"], [25, "black"], [26, "black"], [29, "black"], [31, "black"], [32, "orange"], [33, "red"], [36, "blue"], [37, "blue"], [38, "orange"], [39, "white"], [42, "blue"], [44, "black"], [47, "orange"]]}, "Young customers tend to buy shoes that match the color of their shirt.": {"hypothesis": "Young customers tend to buy shoes that match the color of their shirt.", "acc": 0.475, "num_visits": 40, "reward": 0.6313654174807394, "correct_examples": [[12, "red"], [14, "blue"], [18, "red"], [20, "green"], [23, "blue"], [24, "orange"], [25, "black"], [26, "black"], [29, "black"], [31, "black"], [32, "orange"], [33, "red"], [36, "blue"], [37, "blue"], [38, "orange"], [39, "white"], [42, "blue"], [44, "black"], [47, "orange"]]}, "Customers with a blue bag tend to buy blue shoes.": {"hypothesis": "Customers with a blue bag tend to buy blue shoes.", "acc": 0.49999999999999994, "num_visits": 50, "reward": 0.6398574811268268, "correct_examples": [[1, "black"], [2, "blue"], [3, "blue"], [5, "blue"], [6, "blue"], [8, "black"], [10, "orange"], [11, "green"], [14, "blue"], [16, "green"], [21, "black"], [25, "black"], [26, "black"], [27, "red"], [29, "black"], [30, "green"], [31, "black"], [34, "green"], [35, "red"], [38, "orange"], [40, "red"], [42, "blue"], [43, "black"], [46, "orange"], [47, "orange"]]}, "Customers with a white hat are more likely to buy shoes that match the color of their bag.}": {"hypothesis": "Customers with a white hat are more likely to buy shoes that match the color of their bag.}", "acc": 0.45000000000000007, "num_visits": 40, "reward": 0.6063654174807395, "correct_examples": [[10, "orange"], [11, "green"], [14, "blue"], [16, "green"], [19, "black"], [21, "black"], [25, "black"], [26, "black"], [27, "red"], [29, "black"], [30, "green"], [31, "black"], [34, "green"], [35, "red"], [38, "orange"], [40, "red"], [43, "black"], [46, "orange"]]}, "Customers with a large bag are more likely to buy black shoes.": {"hypothesis": "Customers with a large bag are more likely to buy black shoes.", "acc": 0.45, "num_visits": 40, "reward": 0.6063654174807394, "correct_examples": [[10, "orange"], [12, "red"], [14, "blue"], [15, "black"], [19, "black"], [21, "black"], [22, "black"], [25, "black"], [26, "black"], [28, "black"], [29, "black"], [31, "black"], [38, "orange"], [42, "blue"], [43, "black"], [44, "black"], [45, "black"], [46, "orange"]]}, "Customers with a small bag are more likely to buy shoes that match the color of their bag.": {"hypothesis": "Customers with a small bag are more likely to buy shoes that match the color of their bag.", "acc": 0.425, "num_visits": 40, "reward": 0.5813654174807393, "correct_examples": [[10, "orange"], [11, "green"], [14, "blue"], [16, "green"], [21, "black"], [25, "black"], [26, "black"], [27, "red"], [29, "black"], [30, "green"], [31, "black"], [34, "green"], [35, "red"], [38, "orange"], [40, "red"], [43, "black"], [46, "orange"]]}, "Young and tall individuals tend to buy shoes that match the color of their hat.": {"hypothesis": "Young and tall individuals tend to buy shoes that match the color of their hat.", "acc": 0.2727272727272727, "num_visits": 11, "reward": 0.5677096064236045, "correct_examples": [[35, "red"], [40, "red"], [44, "black"]]}, "The color of the shoes is often the same as the color of the bag.": {"hypothesis": "The color of the shoes is often the same as the color of the bag.", "acc": 0.36, "num_visits": 25, "reward": 0.5572769702248751, "correct_examples": [[21, "black"], [27, "red"], [30, "green"], [34, "green"], [35, "red"], [38, "orange"], [40, "red"], [43, "black"], [46, "orange"]]}, "Customers with large bags tend to buy shoes that match the bag color.}": {"hypothesis": "Customers with large bags tend to buy shoes that match the bag color.}", "acc": 0.36, "num_visits": 25, "reward": 0.5577883466088978, "correct_examples": [[21, "black"], [27, "red"], [30, "green"], [34, "green"], [35, "red"], [38, "orange"], [40, "red"], [43, "black"], [46, "orange"]]}, "Customers with a black bag tend to buy black shoes.": {"hypothesis": "Customers with a black bag tend to buy black shoes.", "acc": 0.3870967741935484, "num_visits": 31, "reward": 0.564715952843886, "correct_examples": [[1, "black"], [6, "blue"], [8, "black"], [10, "orange"], [14, "blue"], [16, "green"], [19, "black"], [25, "black"], [26, "black"], [27, "red"], [29, "black"], [31, "black"]]}, "Young customers tend to buy black or blue shoes.": {"hypothesis": "Young customers tend to buy black or blue shoes.", "acc": 0.4186046511627907, "num_visits": 43, "reward": 0.5664810946319996, "correct_examples": [[1, "black"], [2, "blue"], [3, "blue"], [5, "blue"], [6, "blue"], [8, "black"], [9, "black"], [13, "black"], [14, "blue"], [15, "black"], [19, "black"], [21, "black"], [22, "black"], [25, "black"], [26, "black"], [28, "black"], [29, "black"], [31, "black"]]}, "Customers with a green shirt tend to buy blue or green shoes.": {"hypothesis": "Customers with a green shirt tend to buy blue or green shoes.", "acc": 0.4, "num_visits": 35, "reward": 0.5644078038189155, "correct_examples": [[1, "black"], [2, "blue"], [3, "blue"], [5, "blue"], [6, "blue"], [8, "black"], [14, "blue"], [15, "black"], [16, "green"], [23, "blue"], [25, "black"], [26, "black"], [29, "black"], [31, "black"]]}, "Customers with a white shirt tend to buy white or blue shoes.": {"hypothesis": "Customers with a white shirt tend to buy white or blue shoes.", "acc": 0.3939393939393939, "num_visits": 33, "reward": 0.5637579800695043, "correct_examples": [[2, "blue"], [3, "blue"], [4, "white"], [5, "blue"], [7, "green"], [14, "blue"], [19, "black"], [22, "black"], [23, "blue"], [25, "black"], [26, "black"], [29, "black"], [31, "black"]]}, "Customers with an orange hat tend to buy blue or green shoes.": {"hypothesis": "Customers with an orange hat tend to buy blue or green shoes.", "acc": 0.3181818181818182, "num_visits": 22, "reward": 0.5094359276108766, "correct_examples": [[1, "black"], [2, "blue"], [3, "blue"], [6, "blue"], [11, "green"], [14, "blue"], [16, "green"]]}, "Tall customers tend to buy white or blue shoes.}": {"hypothesis": "Tall customers tend to buy white or blue shoes.}", "acc": 0.3181818181818182, "num_visits": 22, "reward": 0.5082193094095645, "correct_examples": [[0, "white"], [2, "blue"], [3, "blue"], [4, "white"], [7, "green"], [8, "black"], [14, "blue"]]}, "Customers with a small bag tend to buy white or blue shoes.": {"hypothesis": "Customers with a small bag tend to buy white or blue shoes.", "acc": 0.3181818181818182, "num_visits": 22, "reward": 0.506942555863424, "correct_examples": [[0, "white"], [3, "blue"], [4, "white"], [5, "blue"], [6, "blue"], [14, "blue"], [17, "white"]]}, "Younger customers tend to buy shoes that match their hat color.": {"hypothesis": "Younger customers tend to buy shoes that match their hat color.", "acc": 0.2, "num_visits": 10, "reward": 0.4969158350701492, "correct_examples": [[21, "black"], [24, "orange"]]}, "Older customers tend to buy black shoes.": {"hypothesis": "Older customers tend to buy black shoes.", "acc": 0.2, "num_visits": 10, "reward": 0.4969158350701492, "correct_examples": [[21, "black"], [28, "black"]]}}