{"Customers with a green shirt or a green bag are more likely to buy green shoes.": {"hypothesis": "Customers with a green shirt or a green bag are more likely to buy green shoes.", "acc": 0.47368421052631576, "num_visits": 19, "reward": 0.7304514431795973, "correct_examples": [[130, "green"], [131, "green"], [133, "black"], [135, "black"], [136, "black"], [142, "blue"], [143, "green"], [146, "green"], [149, "green"]]}, "Customers with an orange hat and a large bag are more likely to buy red or white shoes.}": {"hypothesis": "Customers with an orange hat and a large bag are more likely to buy red or white shoes.}", "acc": 0.3684210526315789, "num_visits": 19, "reward": 0.6251882852848605, "correct_examples": [[128, "red"], [129, "red"], [133, "black"], [134, "white"], [140, "white"], [141, "black"], [147, "red"]]}, "Customers with a white shirt or a large bag are more likely to buy white shoes.": {"hypothesis": "Customers with a white shirt or a large bag are more likely to buy white shoes.", "acc": 0.3684210526315789, "num_visits": 19, "reward": 0.6251882852848605, "correct_examples": [[134, "white"], [136, "black"], [139, "white"], [140, "white"], [141, "black"], [142, "blue"], [148, "white"]]}, "Customers with a large green bag tend to buy white shoes.": {"hypothesis": "Customers with a large green bag tend to buy white shoes.", "acc": 0.4222222222222222, "num_visits": 45, "reward": 0.5890660496327057, "correct_examples": [[105, "white"], [106, "white"], [109, "white"], [111, "orange"], [114, "blue"], [119, "white"], [121, "black"], [125, "white"], [126, "white"], [127, "black"], [132, "white"], [133, "black"], [137, "black"], [138, "red"], [139, "white"], [141, "black"], [142, "blue"], [144, "black"], [147, "red"]]}, "Old customers with a white hat tend to buy green or white shoes.": {"hypothesis": "Old customers with a white hat tend to buy green or white shoes.", "acc": 0.48484848484848486, "num_visits": 33, "reward": 0.679680100066878, "correct_examples": [[118, "green"], [120, "black"], [122, "green"], [126, "white"], [127, "black"], [130, "green"], [132, "white"], [136, "black"], [137, "black"], [141, "black"], [142, "blue"], [143, "green"], [145, "blue"], [147, "red"], [148, "white"], [149, "green"]]}, "Customers with green shirts tend to buy black shoes.": {"hypothesis": "Customers with green shirts tend to buy black shoes.", "acc": 0.4691358024691358, "num_visits": 81, "reward": 0.5934938490411636, "correct_examples": [[68, "black"], [70, "white"], [71, "black"], [72, "blue"], [78, "black"], [79, "black"], [81, "black"], [83, "orange"], [86, "black"], [87, "white"], [88, "black"], [90, "black"], [92, "black"], [94, "blue"], [95, "white"], [96, "black"], [97, "black"], [100, "black"], [102, "black"], [108, "black"], [110, "black"], [113, "black"], [114, "blue"], [115, "black"], [120, "black"], [121, "black"], [123, "blue"], [127, "black"], [132, "white"], [133, "black"], [135, "black"], [137, "black"], [138, "red"], [141, "black"], [142, "blue"], [144, "black"], [145, "blue"], [147, "red"]]}, "Old customers are more likely to buy shoes that match the color of their shirt.": {"hypothesis": "Old customers are more likely to buy shoes that match the color of their shirt.", "acc": 0.45161290322580644, "num_visits": 93, "reward": 0.567670861657413, "correct_examples": [[12, "red"], [14, "blue"], [18, "red"], [20, "green"], [23, "blue"], [24, "orange"], [25, "black"], [26, "black"], [29, "black"], [31, "black"], [32, "orange"], [33, "red"], [36, "blue"], [37, "blue"], [38, "orange"], [39, "white"], [42, "blue"], [44, "black"], [47, "orange"], [52, "black"], [59, "orange"], [60, "white"], [61, "white"], [64, "white"], [65, "red"], [66, "blue"], [69, "white"], [70, "white"], [72, "blue"], [74, "blue"], [77, "blue"], [83, "orange"], [132, "white"], [135, "black"], [137, "black"], [138, "red"], [139, "white"], [140, "white"], [142, "blue"], [145, "blue"], [146, "green"], [147, "red"]]}, "Customers with a red shirt are more likely to buy red shoes.": {"hypothesis": "Customers with a red shirt are more likely to buy red shoes.", "acc": 0.3684210526315789, "num_visits": 19, "reward": 0.6251882852848605, "correct_examples": [[128, "red"], [129, "red"], [141, "black"], [142, "blue"], [143, "green"], [144, "black"], [147, "red"]]}, "Customers with a black shirt or a black bag are more likely to buy black shoes.": {"hypothesis": "Customers with a black shirt or a black bag are more likely to buy black shoes.", "acc": 0.18181818181818182, "num_visits": 11, "reward": 0.5174257400276199, "correct_examples": [[133, "black"], [135, "black"]]}, "Customers with a blue bag tend to buy blue shoes.": {"hypothesis": "Customers with a blue bag tend to buy blue shoes.", "acc": 0.4666666666666667, "num_visits": 135, "reward": 0.5629939953347367, "correct_examples": [[1, "black"], [2, "blue"], [3, "blue"], [5, "blue"], [6, "blue"], [8, "black"], [10, "orange"], [11, "green"], [14, "blue"], [16, "green"], [21, "black"], [25, "black"], [26, "black"], [27, "red"], [29, "black"], [30, "green"], [31, "black"], [34, "green"], [35, "red"], [38, "orange"], [40, "red"], [42, "blue"], [43, "black"], [46, "orange"], [47, "orange"], [50, "red"], [54, "red"], [56, "blue"], [58, "green"], [60, "white"], [64, "white"], [66, "blue"], [67, "orange"], [69, "white"], [73, "orange"], [74, "blue"], [75, "black"], [76, "red"], [77, "blue"], [80, "red"], [84, "orange"], [85, "black"], [87, "white"], [89, "green"], [90, "black"], [94, "blue"], [95, "white"], [96, "black"], [104, "blue"], [111, "orange"], [112, "orange"], [114, "blue"], [121, "black"], [124, "red"], [137, "black"], [138, "red"], [139, "white"], [142, "blue"], [143, "green"], [144, "black"], [145, "blue"], [147, "red"], [149, "green"]]}, "The color of the shoes is often the same as the color of the shirt.": {"hypothesis": "The color of the shoes is often the same as the color of the shirt.", "acc": 0.4084507042253522, "num_visits": 71, "reward": 0.540827856183822, "correct_examples": [[32, "orange"], [33, "red"], [20, "green"], [23, "blue"], [24, "orange"], [36, "blue"], [37, "blue"], [38, "orange"], [39, "white"], [42, "blue"], [44, "black"], [47, "orange"], [52, "black"], [59, "orange"], [60, "white"], [61, "white"], [64, "white"], [65, "red"], [66, "blue"], [69, "white"], [70, "white"], [72, "blue"], [74, "blue"], [77, "blue"], [81, "black"], [83, "orange"], [87, "white"], [140, "white"], [142, "blue"]]}, "Young customers tend to buy shoes that match the color of their shirt.": {"hypothesis": "Young customers tend to buy shoes that match the color of their shirt.", "acc": 0.43617021276595747, "num_visits": 94, "reward": 0.5516091910058245, "correct_examples": [[12, "red"], [14, "blue"], [18, "red"], [20, "green"], [23, "blue"], [24, "orange"], [25, "black"], [26, "black"], [29, "black"], [31, "black"], [32, "orange"], [33, "red"], [36, "blue"], [37, "blue"], [38, "orange"], [39, "white"], [42, "blue"], [44, "black"], [47, "orange"], [52, "black"], [60, "white"], [61, "white"], [64, "white"], [65, "red"], [66, "blue"], [69, "white"], [70, "white"], [72, "blue"], [74, "blue"], [77, "blue"], [81, "black"], [83, "orange"], [87, "white"], [103, "red"], [113, "black"], [123, "blue"], [132, "white"], [140, "white"], [145, "blue"], [146, "green"], [147, "red"]]}, "Customers with a small bag are more likely to buy shoes that match the color of their bag.": {"hypothesis": "Customers with a small bag are more likely to buy shoes that match the color of their bag.", "acc": 0.4326923076923077, "num_visits": 104, "reward": 0.5417613565961726, "correct_examples": [[10, "orange"], [11, "green"], [14, "blue"], [16, "green"], [21, "black"], [25, "black"], [26, "black"], [27, "red"], [29, "black"], [30, "green"], [31, "black"], [34, "green"], [35, "red"], [38, "orange"], [40, "red"], [43, "black"], [46, "orange"], [50, "red"], [54, "red"], [60, "white"], [74, "blue"], [75, "black"], [76, "red"], [77, "blue"], [84, "orange"], [85, "black"], [87, "white"], [89, "green"], [93, "white"], [94, "blue"], [95, "white"], [96, "black"], [101, "white"], [104, "blue"], [107, "green"], [111, "orange"], [112, "orange"], [114, "blue"], [116, "orange"], [118, "green"], [121, "black"], [124, "red"], [125, "white"], [137, "black"], [138, "red"]]}, "Customers with large bags tend to buy shoes that match the bag color.}": {"hypothesis": "Customers with large bags tend to buy shoes that match the bag color.}", "acc": 0.41095890410958913, "num_visits": 73, "reward": 0.5411426505749635, "correct_examples": [[21, "black"], [27, "red"], [30, "green"], [34, "green"], [35, "red"], [38, "orange"], [40, "red"], [43, "black"], [46, "orange"], [54, "red"], [56, "blue"], [58, "green"], [60, "white"], [64, "white"], [73, "orange"], [74, "blue"], [75, "black"], [76, "red"], [77, "blue"], [80, "red"], [84, "orange"], [85, "black"], [87, "white"], [89, "green"], [93, "white"], [94, "blue"], [95, "white"], [96, "black"], [137, "black"], [138, "red"]]}, "Customers with a small green bag tend to buy black shoes.": {"hypothesis": "Customers with a small green bag tend to buy black shoes.", "acc": 0.36585365853658536, "num_visits": 41, "reward": 0.5395642373314093, "correct_examples": [[97, "black"], [100, "black"], [102, "black"], [104, "blue"], [90, "black"], [92, "black"], [108, "black"], [111, "orange"], [116, "orange"], [120, "black"], [121, "black"], [125, "white"], [127, "black"], [136, "black"], [137, "black"]]}, "Customers with large bags are more likely to buy black or white shoes.": {"hypothesis": "Customers with large bags are more likely to buy black or white shoes.", "acc": 0.38, "num_visits": 50, "reward": 0.5368435673820913, "correct_examples": [[64, "white"], [55, "black"], [57, "black"], [61, "white"], [66, "blue"], [68, "black"], [69, "white"], [70, "white"], [75, "black"], [81, "black"], [83, "orange"], [85, "black"], [87, "white"], [88, "black"], [101, "white"], [102, "black"], [110, "black"], [113, "black"], [125, "white"]]}, "Customers with green bags tend to buy black or green shoes.}": {"hypothesis": "Customers with green bags tend to buy black or green shoes.}", "acc": 0.38596491228070173, "num_visits": 57, "reward": 0.5331853941254581, "correct_examples": [[79, "black"], [81, "black"], [83, "orange"], [85, "black"], [86, "black"], [88, "black"], [90, "black"], [92, "black"], [93, "white"], [94, "blue"], [96, "black"], [97, "black"], [100, "black"], [101, "white"], [102, "black"], [108, "black"], [113, "black"], [115, "black"], [121, "black"], [122, "green"], [127, "black"], [137, "black"]]}, "Customers with white hats tend to buy shoes that match their bag color.": {"hypothesis": "Customers with white hats tend to buy shoes that match their bag color.", "acc": 0.3695652173913043, "num_visits": 46, "reward": 0.5330859401477948, "correct_examples": [[67, "orange"], [73, "orange"], [75, "black"], [76, "red"], [80, "red"], [84, "orange"], [85, "black"], [87, "white"], [89, "green"], [93, "white"], [94, "blue"], [95, "white"], [96, "black"], [101, "white"], [104, "blue"], [107, "green"], [133, "black"]]}, "Young customers with a blue hat tend to buy white shoes.": {"hypothesis": "Young customers with a blue hat tend to buy white shoes.", "acc": 0.36363636363636365, "num_visits": 44, "reward": 0.5310782452280665, "correct_examples": [[98, "white"], [99, "white"], [100, "black"], [90, "black"], [105, "white"], [106, "white"], [109, "white"], [114, "blue"], [115, "black"], [119, "white"], [120, "black"], [121, "black"], [125, "white"], [126, "white"], [131, "green"], [135, "black"]]}, "Customers with a large orange bag tend to buy orange or black shoes.": {"hypothesis": "Customers with a large orange bag tend to buy orange or black shoes.", "acc": 0.32142857142857145, "num_visits": 28, "reward": 0.530863501779778, "correct_examples": [[107, "green"], [110, "black"], [111, "orange"], [112, "orange"], [116, "orange"], [118, "green"], [120, "black"], [125, "white"], [127, "black"]]}}