{"Older customers choose shoe colors that match their accessories.\n\nWait, but looking back, the age hypothesis isn't very strong. Maybe instead, the fifth hypothesis could be about the majority color in the outfit. Or perhaps the combination of colors. Alternatively, maybe the presence of a specific color in multiple items influences the shoe color.\n\nAlternatively, maybe the shoe color is more likely to match the bag if the bag is large, but I don't see a clear correlation there. Let me check: first customer, large red bag, bought white shoes. Second, large blue bag, bought blue shoes. Sixth, large blue bag, bought white shoes. Tenth, large white bag, bought black shoes. So only the second customer matches. So that's not a strong pattern.\n\nSo perhaps the fifth hypothesis could be that the shoe color matches the most prominent color in the outfit. But that's a bit vague. Alternatively, maybe the shoe color is chosen based on the color that appears most frequently in the customer's clothing and accessories.\n\nWait, looking at the first customer: green hat, red shirt, red bag. Red appears twice, but she bought white shoes. So that doesn't fit. Second customer: white hat, orange shirt, blue bag. Blue appears once, bought blue shoes. Third: blue hat, orange shirt, black bag. Black appears once, bought white shoes. Fourth: red hat, black shirt, red bag. Red appears twice, bought red shoes. Fifth: blue hat, orange shirt, green bag. No color repeats, bought white shoes. Sixth: green hat, red shirt, blue bag. No repeats, bought white shoes. Seventh: white hat, blue shirt, green bag. No repeats, bought green shoes. Eighth: white hat, red shirt, black bag. No repeats, bought black shoes. Ninth: blue hat, red shirt, red bag. Red appears twice, bought black shoes. Tenth: blue hat, blue shirt, white bag. Blue appears twice, bought black shoes.\n\nSo in cases where a color repeats (like red in the fourth customer), the shoes match that color. But in the ninth and tenth customers, even though a color repeats, the shoes don't match. So maybe that's not a strong pattern either.\n\nAlternatively, maybe the shoe color is chosen to contrast with the outfit. For example, if the outfit is bright, shoes are neutral, or vice versa. But I'm not sure.\n\nI think the strongest pattern is the bag color matching the shoes, so that's the first hypothesis. Then, shirt color sometimes matches, hat color sometimes matches. Age doesn't seem to have a clear pattern, but maybe young people prefer certain colors. Alternatively, maybe the presence of a specific color in the bag is the main factor.\n\nSo, to finalize, the five hypotheses would be:": {"hypothesis": "Older customers choose shoe colors that match their accessories.\n\nWait, but looking back, the age hypothesis isn't very strong. Maybe instead, the fifth hypothesis could be about the majority color in the outfit. Or perhaps the combination of colors. Alternatively, maybe the presence of a specific color in multiple items influences the shoe color.\n\nAlternatively, maybe the shoe color is more likely to match the bag if the bag is large, but I don't see a clear correlation there. Let me check: first customer, large red bag, bought white shoes. Second, large blue bag, bought blue shoes. Sixth, large blue bag, bought white shoes. Tenth, large white bag, bought black shoes. So only the second customer matches. So that's not a strong pattern.\n\nSo perhaps the fifth hypothesis could be that the shoe color matches the most prominent color in the outfit. But that's a bit vague. Alternatively, maybe the shoe color is chosen based on the color that appears most frequently in the customer's clothing and accessories.\n\nWait, looking at the first customer: green hat, red shirt, red bag. Red appears twice, but she bought white shoes. So that doesn't fit. Second customer: white hat, orange shirt, blue bag. Blue appears once, bought blue shoes. Third: blue hat, orange shirt, black bag. Black appears once, bought white shoes. Fourth: red hat, black shirt, red bag. Red appears twice, bought red shoes. Fifth: blue hat, orange shirt, green bag. No color repeats, bought white shoes. Sixth: green hat, red shirt, blue bag. No repeats, bought white shoes. Seventh: white hat, blue shirt, green bag. No repeats, bought green shoes. Eighth: white hat, red shirt, black bag. No repeats, bought black shoes. Ninth: blue hat, red shirt, red bag. Red appears twice, bought black shoes. Tenth: blue hat, blue shirt, white bag. Blue appears twice, bought black shoes.\n\nSo in cases where a color repeats (like red in the fourth customer), the shoes match that color. But in the ninth and tenth customers, even though a color repeats, the shoes don't match. So maybe that's not a strong pattern either.\n\nAlternatively, maybe the shoe color is chosen to contrast with the outfit. For example, if the outfit is bright, shoes are neutral, or vice versa. But I'm not sure.\n\nI think the strongest pattern is the bag color matching the shoes, so that's the first hypothesis. Then, shirt color sometimes matches, hat color sometimes matches. Age doesn't seem to have a clear pattern, but maybe young people prefer certain colors. Alternatively, maybe the presence of a specific color in the bag is the main factor.\n\nSo, to finalize, the five hypotheses would be:", "acc": 0.4857142857142858, "num_visits": 35, "reward": 0.6802525185806602, "correct_examples": [[165, "blue"], [171, "red"], [155, "green"], [156, "black"], [175, "green"], [176, "black"], [179, "green"], [180, "orange"], [183, "black"], [185, "red"], [186, "orange"], [187, "white"], [189, "white"], [190, "white"], [193, "black"], [197, "black"], [198, "red"]]}, "Older customers choose shoe colors that match their accessories.": {"hypothesis": "Older customers choose shoe colors that match their accessories.", "acc": 0.42857142857142855, "num_visits": 35, "reward": 0.6231096614378029, "correct_examples": [[165, "blue"], [171, "red"], [155, "green"], [175, "green"], [176, "black"], [179, "green"], [180, "orange"], [185, "red"], [186, "orange"], [188, "blue"], [193, "black"], [194, "black"], [197, "black"], [198, "red"], [199, "white"]]}, "The color of the shoes is likely to match the color of the customer's shirt.": {"hypothesis": "The color of the shoes is likely to match the color of the customer's shirt.", "acc": 0.4625, "num_visits": 80, "reward": 0.5911749461645996, "correct_examples": [[128, "red"], [129, "red"], [122, "green"], [123, "blue"], [131, "green"], [132, "white"], [135, "black"], [137, "black"], [138, "red"], [139, "white"], [140, "white"], [142, "blue"], [145, "blue"], [146, "green"], [147, "red"], [150, "green"], [151, "black"], [152, "black"], [153, "blue"], [160, "orange"], [162, "black"], [163, "white"], [164, "white"], [166, "white"], [167, "black"], [169, "green"], [177, "green"], [178, "red"], [179, "green"], [181, "red"], [182, "blue"], [184, "white"], [191, "blue"], [192, "orange"], [194, "black"], [195, "white"], [197, "black"]]}, "The color of the shoes is most consistently determined by the shirt color, followed by the bag and hat.": {"hypothesis": "The color of the shoes is most consistently determined by the shirt color, followed by the bag and hat.", "acc": 0.4625, "num_visits": 80, "reward": 0.5911749461645996, "correct_examples": [[128, "red"], [129, "red"], [122, "green"], [123, "blue"], [131, "green"], [132, "white"], [135, "black"], [137, "black"], [138, "red"], [139, "white"], [140, "white"], [142, "blue"], [145, "blue"], [146, "green"], [147, "red"], [150, "green"], [151, "black"], [152, "black"], [153, "blue"], [160, "orange"], [162, "black"], [163, "white"], [164, "white"], [166, "white"], [167, "black"], [169, "green"], [177, "green"], [178, "red"], [179, "green"], [181, "red"], [182, "blue"], [184, "white"], [191, "blue"], [192, "orange"], [194, "black"], [195, "white"], [197, "black"]]}, "The color of the shoes may correspond with the color of the customer's bag.": {"hypothesis": "The color of the shoes may correspond with the color of the customer's bag.", "acc": 0.475, "num_visits": 80, "reward": 0.6036749461645996, "correct_examples": [[118, "green"], [121, "black"], [125, "white"], [130, "green"], [132, "white"], [133, "black"], [137, "black"], [138, "red"], [142, "blue"], [143, "green"], [144, "black"], [147, "red"], [149, "green"], [154, "green"], [155, "green"], [156, "black"], [157, "blue"], [165, "blue"], [167, "black"], [168, "black"], [171, "red"], [172, "green"], [173, "blue"], [175, "green"], [176, "black"], [179, "green"], [180, "orange"], [183, "black"], [185, "red"], [186, "orange"], [187, "white"], [188, "blue"], [189, "white"], [190, "white"], [193, "black"], [196, "white"], [197, "black"], [198, "red"]]}, "The color of the shoes matches the color of the bag if the bag is large, otherwise the shirt.\n\nWait, but some of these might not be supported by the data. For example, hypothesis 3 about the hat isn't supported because in the data, the shoes rarely match the hat. So maybe that's not a good hypothesis.\n\nSimilarly, hypothesis 4 and 5 about age might not hold because, for example, older customers bought blue, green, white, which sometimes matched the bag or shirt, but not consistently based on age.\n\nHypothesis 6 about the most prominent color: in observation 8, orange appears twice, but shoes are green. So that doesn't hold. So maybe that's not a good hypothesis.\n\nHypothesis 7 about the largest accessory: the bag is the largest, so it would align with hypothesis": {"hypothesis": "The color of the shoes matches the color of the bag if the bag is large, otherwise the shirt.\n\nWait, but some of these might not be supported by the data. For example, hypothesis 3 about the hat isn't supported because in the data, the shoes rarely match the hat. So maybe that's not a good hypothesis.\n\nSimilarly, hypothesis 4 and 5 about age might not hold because, for example, older customers bought blue, green, white, which sometimes matched the bag or shirt, but not consistently based on age.\n\nHypothesis 6 about the most prominent color: in observation 8, orange appears twice, but shoes are green. So that doesn't hold. So maybe that's not a good hypothesis.\n\nHypothesis 7 about the largest accessory: the bag is the largest, so it would align with hypothesis", "acc": 0.49000000000000027, "num_visits": 200, "reward": 0.5713811815359368, "correct_examples": [[1, "black"], [2, "blue"], [3, "blue"], [5, "blue"], [6, "blue"], [7, "green"], [9, "black"], [12, "red"], [14, "blue"], [18, "red"], [19, "black"], [24, "orange"], [25, "black"], [26, "black"], [27, "red"], [29, "black"], [31, "black"], [33, "red"], [34, "green"], [35, "red"], [37, "blue"], [38, "orange"], [39, "white"], [42, "blue"], [44, "black"], [47, "orange"], [50, "red"], [54, "red"], [56, "blue"], [58, "green"], [59, "orange"], [60, "white"], [61, "white"], [64, "white"], [65, "red"], [66, "blue"], [69, "white"], [73, "orange"], [74, "blue"], [76, "red"], [77, "blue"], [81, "black"], [83, "orange"], [84, "orange"], [85, "black"], [87, "white"], [89, "green"], [90, "black"], [93, "white"], [94, "blue"], [95, "white"], [96, "black"], [100, "black"], [103, "red"], [111, "orange"], [112, "orange"], [116, "orange"], [117, "blue"], [122, "green"], [124, "red"], [125, "white"], [127, "black"], [128, "red"], [132, "white"], [137, "black"], [138, "red"], [139, "white"], [142, "blue"], [143, "green"], [144, "black"], [147, "red"], [149, "green"], [150, "green"], [151, "black"], [153, "blue"], [154, "green"], [157, "blue"], [162, "black"], [163, "white"], [165, "blue"], [167, "black"], [168, "black"], [172, "green"], [173, "blue"], [175, "green"], [177, "green"], [179, "green"], [180, "orange"], [181, "red"], [182, "blue"], [184, "white"], [186, "orange"], [189, "white"], [190, "white"], [191, "blue"], [194, "black"], [197, "black"], [198, "red"]]}, "The shoe color frequently corresponds to the color of the customer's shirt.": {"hypothesis": "The shoe color frequently corresponds to the color of the customer's shirt.", "acc": 0.4444444444444444, "num_visits": 126, "reward": 0.5469750957514393, "correct_examples": [[12, "red"], [14, "blue"], [18, "red"], [20, "green"], [23, "blue"], [24, "orange"], [25, "black"], [26, "black"], [29, "black"], [31, "black"], [32, "orange"], [33, "red"], [36, "blue"], [37, "blue"], [38, "orange"], [39, "white"], [42, "blue"], [44, "black"], [47, "orange"], [52, "black"], [72, "blue"], [74, "blue"], [129, "red"], [131, "green"], [132, "white"], [135, "black"], [137, "black"], [138, "red"], [139, "white"], [140, "white"], [142, "blue"], [145, "blue"], [146, "green"], [147, "red"], [150, "green"], [151, "black"], [152, "black"], [153, "blue"], [160, "orange"], [162, "black"], [163, "white"], [164, "white"], [166, "white"], [167, "black"], [169, "green"], [177, "green"], [178, "red"], [179, "green"], [181, "red"], [182, "blue"], [184, "white"], [191, "blue"], [192, "orange"], [194, "black"], [195, "white"], [197, "black"]]}, "The color of the shoes matches the color of the bag or shirt, whichever is more prominent.": {"hypothesis": "The color of the shoes matches the color of the bag or shirt, whichever is more prominent.", "acc": 0.4749999999999999, "num_visits": 200, "reward": 0.5563811815359364, "correct_examples": [[1, "black"], [2, "blue"], [3, "blue"], [5, "blue"], [6, "blue"], [7, "green"], [9, "black"], [12, "red"], [14, "blue"], [18, "red"], [24, "orange"], [25, "black"], [26, "black"], [27, "red"], [29, "black"], [31, "black"], [33, "red"], [34, "green"], [35, "red"], [37, "blue"], [38, "orange"], [39, "white"], [42, "blue"], [44, "black"], [47, "orange"], [50, "red"], [54, "red"], [58, "green"], [59, "orange"], [60, "white"], [61, "white"], [64, "white"], [65, "red"], [66, "blue"], [69, "white"], [73, "orange"], [74, "blue"], [76, "red"], [77, "blue"], [81, "black"], [83, "orange"], [84, "orange"], [85, "black"], [87, "white"], [89, "green"], [90, "black"], [93, "white"], [94, "blue"], [95, "white"], [96, "black"], [100, "black"], [103, "red"], [111, "orange"], [112, "orange"], [116, "orange"], [117, "blue"], [122, "green"], [124, "red"], [125, "white"], [127, "black"], [128, "red"], [132, "white"], [137, "black"], [138, "red"], [139, "white"], [142, "blue"], [143, "green"], [144, "black"], [147, "red"], [149, "green"], [150, "green"], [151, "black"], [153, "blue"], [154, "green"], [157, "blue"], [162, "black"], [163, "white"], [165, "blue"], [167, "black"], [168, "black"], [172, "green"], [173, "blue"], [175, "green"], [177, "green"], [179, "green"], [180, "orange"], [181, "red"], [182, "blue"], [184, "white"], [186, "orange"], [189, "white"], [191, "blue"], [194, "black"], [197, "black"], [198, "red"]]}, "The color of the shoes matches the most prominent color in the customer's outfit.": {"hypothesis": "The color of the shoes matches the most prominent color in the customer's outfit.", "acc": 0.45454545454545464, "num_visits": 99, "reward": 0.5702156292209721, "correct_examples": [[2, "blue"], [3, "blue"], [5, "blue"], [9, "black"], [14, "blue"], [18, "red"], [23, "blue"], [24, "orange"], [25, "black"], [26, "black"], [29, "black"], [31, "black"], [32, "orange"], [137, "black"], [138, "red"], [139, "white"], [142, "blue"], [143, "green"], [147, "red"], [149, "green"], [150, "green"], [151, "black"], [153, "blue"], [154, "green"], [157, "blue"], [160, "orange"], [162, "black"], [167, "black"], [168, "black"], [171, "red"], [173, "blue"], [175, "green"], [178, "red"], [179, "green"], [180, "orange"], [181, "red"], [184, "white"], [185, "red"], [186, "orange"], [190, "white"], [191, "blue"], [192, "orange"], [194, "black"], [197, "black"], [198, "red"]]}, "Younger customers tend to choose shoes that match their bag color.": {"hypothesis": "Younger customers tend to choose shoes that match their bag color.", "acc": 0.45871559633027525, "num_visits": 109, "reward": 0.5689521785147555, "correct_examples": [[1, "black"], [2, "blue"], [3, "blue"], [5, "blue"], [6, "blue"], [8, "black"], [10, "orange"], [11, "green"], [14, "blue"], [19, "black"], [21, "black"], [25, "black"], [26, "black"], [27, "red"], [30, "green"], [31, "black"], [34, "green"], [35, "red"], [38, "orange"], [40, "red"], [43, "black"], [46, "orange"], [50, "red"], [111, "orange"], [112, "orange"], [114, "blue"], [116, "orange"], [118, "green"], [121, "black"], [124, "red"], [125, "white"], [143, "green"], [144, "black"], [172, "green"], [173, "blue"], [175, "green"], [176, "black"], [179, "green"], [180, "orange"], [183, "black"], [185, "red"], [186, "orange"], [187, "white"], [188, "blue"], [189, "white"], [190, "white"], [193, "black"], [196, "white"], [197, "black"], [198, "red"]]}, "Young, short man with green hat, orange shirt, large white bag \u2192 black shoes.\n\nNow, I'll try to find patterns or correlations. Let's break it down by different attributes: age, height, gender, hat color, shirt color, bag color, and shoe color.\n\nLooking at the first observation, the customer has red hat, green shirt, red bag, and bought red shoes. So, the hat and bag are red, shirt is green, shoes are red. Maybe the shoe color matches the hat or the bag? But in the second observation, the hat is green, shirt red, bag blue, and shoes black. So, no direct match there. Hmm.\n\nThird observation: red hat, red shirt, blue bag, blue shoes. Here, the shoes match the bag. Fourth: blue hat, red shirt, red bag, black shoes. No match. Fifth: white hat, blue shirt, green bag, green shoes. Shoes match the bag again.\n\nSixth: black hat, orange shirt, green bag, orange shoes. Shoes match the shirt. Seventh: red hat, white shirt, white bag, white shoes. Shoes match shirt and bag. Eighth: orange hat, white shirt, blue bag, white shoes. Shoes match shirt. Ninth: green hat, blue shirt, orange bag, white shoes. Shoes don't match any. Tenth: green hat, orange shirt, white bag, black shoes. Shoes don't match any.\n\nSo, from these, sometimes the shoes match the hat, sometimes the shirt, sometimes the bag, sometimes none. It's a bit inconsistent. Maybe it's the most prominent color? Or maybe it's the color that appears in multiple accessories.\n\nLooking again:": {"hypothesis": "Young, short man with green hat, orange shirt, large white bag \u2192 black shoes.\n\nNow, I'll try to find patterns or correlations. Let's break it down by different attributes: age, height, gender, hat color, shirt color, bag color, and shoe color.\n\nLooking at the first observation, the customer has red hat, green shirt, red bag, and bought red shoes. So, the hat and bag are red, shirt is green, shoes are red. Maybe the shoe color matches the hat or the bag? But in the second observation, the hat is green, shirt red, bag blue, and shoes black. So, no direct match there. Hmm.\n\nThird observation: red hat, red shirt, blue bag, blue shoes. Here, the shoes match the bag. Fourth: blue hat, red shirt, red bag, black shoes. No match. Fifth: white hat, blue shirt, green bag, green shoes. Shoes match the bag again.\n\nSixth: black hat, orange shirt, green bag, orange shoes. Shoes match the shirt. Seventh: red hat, white shirt, white bag, white shoes. Shoes match shirt and bag. Eighth: orange hat, white shirt, blue bag, white shoes. Shoes match shirt. Ninth: green hat, blue shirt, orange bag, white shoes. Shoes don't match any. Tenth: green hat, orange shirt, white bag, black shoes. Shoes don't match any.\n\nSo, from these, sometimes the shoes match the hat, sometimes the shirt, sometimes the bag, sometimes none. It's a bit inconsistent. Maybe it's the most prominent color? Or maybe it's the color that appears in multiple accessories.\n\nLooking again:", "acc": 0.4050632911392405, "num_visits": 79, "reward": 0.5329079602152342, "correct_examples": [[54, "red"], [55, "black"], [58, "green"], [60, "white"], [61, "white"], [63, "black"], [64, "white"], [69, "white"], [74, "blue"], [75, "black"], [77, "blue"], [80, "red"], [81, "black"], [83, "orange"], [85, "black"], [87, "white"], [90, "black"], [93, "white"], [94, "blue"], [95, "white"], [96, "black"], [100, "black"], [102, "black"], [127, "black"], [142, "blue"], [144, "black"], [145, "blue"], [147, "red"], [166, "white"], [167, "black"], [168, "black"], [171, "red"]]}, "The color of the shoes matches the color of the bag or shirt, depending on the customer's preference.\n\nWait, but some of these are similar. Maybe I can rephrase them to be more distinct.\n\nAlternatively, think of other factors like age or gender influencing the choice, but from the data, it's not clear. So perhaps it's better to focus on the color matching aspects.\n\nSo, finalizing the hypotheses:": {"hypothesis": "The color of the shoes matches the color of the bag or shirt, depending on the customer's preference.\n\nWait, but some of these are similar. Maybe I can rephrase them to be more distinct.\n\nAlternatively, think of other factors like age or gender influencing the choice, but from the data, it's not clear. So perhaps it's better to focus on the color matching aspects.\n\nSo, finalizing the hypotheses:", "acc": 0.4166666666666667, "num_visits": 96, "reward": 0.5319094632128811, "correct_examples": [[3, "blue"], [5, "blue"], [6, "blue"], [8, "black"], [9, "black"], [14, "blue"], [18, "red"], [23, "blue"], [24, "orange"], [25, "black"], [26, "black"], [29, "black"], [31, "black"], [32, "orange"], [33, "red"], [37, "blue"], [38, "orange"], [39, "white"], [40, "red"], [42, "blue"], [50, "red"], [52, "black"], [59, "orange"], [60, "white"], [64, "white"], [65, "red"], [66, "blue"], [69, "white"], [70, "white"], [72, "blue"], [74, "blue"], [121, "black"], [122, "green"], [123, "blue"], [124, "red"], [128, "red"], [132, "white"], [137, "black"], [138, "red"], [157, "blue"]]}, "The color of the shoes often matches the color of the customer's bag.": {"hypothesis": "The color of the shoes often matches the color of the customer's bag.", "acc": 0.39062500000000006, "num_visits": 64, "reward": 0.5316833628215691, "correct_examples": [[10, "orange"], [11, "green"], [14, "blue"], [16, "green"], [19, "black"], [21, "black"], [25, "black"], [26, "black"], [27, "red"], [29, "black"], [30, "green"], [31, "black"], [34, "green"], [35, "red"], [38, "orange"], [40, "red"], [43, "black"], [46, "orange"], [50, "red"], [58, "green"], [60, "white"], [112, "orange"], [114, "blue"], [116, "orange"], [118, "green"]]}, "Older customers tend to choose shoes that match their shirt color.": {"hypothesis": "Older customers tend to choose shoes that match their shirt color.", "acc": 0.4, "num_visits": 75, "reward": 0.5305371950614912, "correct_examples": [[3, "blue"], [7, "green"], [9, "black"], [12, "red"], [13, "black"], [14, "blue"], [18, "red"], [19, "black"], [20, "green"], [23, "blue"], [25, "black"], [26, "black"], [29, "black"], [31, "black"], [32, "orange"], [33, "red"], [36, "blue"], [37, "blue"], [39, "white"], [42, "blue"], [53, "black"], [64, "white"], [65, "red"], [66, "blue"], [69, "white"], [70, "white"], [72, "blue"], [74, "blue"], [87, "white"], [122, "green"]]}, "The color of the shoes is influenced by the person's age and gender.\n\nWait, but the user wants the hypotheses to be general and applicable to new examples. So maybe the fifth one is a bit too vague. Alternatively, perhaps considering the combination of shirt and hat, or shirt and bag. Or maybe the color of the shoes is more likely to match the shirt than other accessories.\n\nAlternatively, perhaps the color of the shoes is the same as the color of the most prominent or frequently occurring color in the outfit. But that might be too broad.\n\nI think the initial five I have are good, but maybe the fifth could be more specific. Alternatively, perhaps the color of the shoes is more likely to match the shirt if the shirt color is bright or stands out. But that's adding more detail than needed.\n\nI think the five I have are concise and cover the main patterns observed.\n</think>": {"hypothesis": "The color of the shoes is influenced by the person's age and gender.\n\nWait, but the user wants the hypotheses to be general and applicable to new examples. So maybe the fifth one is a bit too vague. Alternatively, perhaps considering the combination of shirt and hat, or shirt and bag. Or maybe the color of the shoes is more likely to match the shirt than other accessories.\n\nAlternatively, perhaps the color of the shoes is the same as the color of the most prominent or frequently occurring color in the outfit. But that might be too broad.\n\nI think the initial five I have are good, but maybe the fifth could be more specific. Alternatively, perhaps the color of the shoes is more likely to match the shirt if the shirt color is bright or stands out. But that's adding more detail than needed.\n\nI think the five I have are concise and cover the main patterns observed.\n</think>", "acc": 0.4111111111111111, "num_visits": 90, "reward": 0.5302747216588289, "correct_examples": [[32, "orange"], [20, "green"], [23, "blue"], [24, "orange"], [25, "black"], [33, "red"], [35, "red"], [36, "blue"], [37, "blue"], [38, "orange"], [39, "white"], [42, "blue"], [44, "black"], [47, "orange"], [52, "black"], [54, "red"], [59, "orange"], [61, "white"], [64, "white"], [65, "red"], [66, "blue"], [69, "white"], [70, "white"], [74, "blue"], [81, "black"], [83, "orange"], [87, "white"], [90, "black"], [93, "white"], [94, "blue"], [95, "white"], [96, "black"], [100, "black"], [103, "red"], [132, "white"], [160, "orange"], [162, "black"]]}, "The color of the shoes matches the color of the customer's bag.": {"hypothesis": "The color of the shoes matches the color of the customer's bag.", "acc": 0.4090909090909091, "num_visits": 88, "reward": 0.5296718161571243, "correct_examples": [[34, "green"], [35, "red"], [40, "red"], [43, "black"], [46, "orange"], [60, "white"], [73, "orange"], [74, "blue"], [75, "black"], [76, "red"], [77, "blue"], [80, "red"], [84, "orange"], [85, "black"], [87, "white"], [89, "green"], [93, "white"], [94, "blue"], [95, "white"], [96, "black"], [101, "white"], [104, "blue"], [107, "green"], [111, "orange"], [112, "orange"], [114, "blue"], [116, "orange"], [118, "green"], [121, "black"], [124, "red"], [125, "white"], [133, "black"], [142, "blue"], [143, "green"], [144, "black"], [149, "green"]]}, "Old, tall man with black hat, red shirt, small blue bag \u2192 red shoes.": {"hypothesis": "Old, tall man with black hat, red shirt, small blue bag \u2192 red shoes.", "acc": 0.3673469387755102, "num_visits": 49, "reward": 0.5294047276118312, "correct_examples": [[65, "red"], [66, "blue"], [70, "white"], [72, "blue"], [77, "blue"], [80, "red"], [81, "black"], [83, "orange"], [87, "white"], [90, "black"], [93, "white"], [94, "blue"], [95, "white"], [96, "black"], [100, "black"], [103, "red"], [167, "black"], [169, "green"]]}, "Old, tall man with white hat, green shirt, large orange bag \u2192 orange shoes.": {"hypothesis": "Old, tall man with white hat, green shirt, large orange bag \u2192 orange shoes.", "acc": 0.38333333333333336, "num_visits": 60, "reward": 0.5291920759849793, "correct_examples": [[67, "orange"], [73, "orange"], [75, "black"], [76, "red"], [77, "blue"], [80, "red"], [84, "orange"], [85, "black"], [87, "white"], [89, "green"], [93, "white"], [94, "blue"], [95, "white"], [96, "black"], [101, "white"], [104, "blue"], [107, "green"], [112, "orange"], [114, "blue"], [116, "orange"], [124, "red"], [125, "white"], [157, "blue"]]}, "Old, short woman; white hat, red shirt, small green bag \u2192 green shoes.\n\nNow, I'll try to identify any correlations between the attributes and the shoe color.\n\nLooking at the first observation, the woman has an orange shirt and bought orange shoes. Similarly, in observation 6, the woman has an orange shirt and bought orange shoes. Observation 8: orange shirt and red shoes. Observation 10: red shirt and green shoes. Observation 5: blue shirt and blue shoes. Observation 2: green shirt and green shoes. Observation 7: black shirt and black shoes. Observation 3: blue shirt and black shoes. Observation 4: blue shirt and black shoes. Observation 9: red shirt and black shoes.\n\nSo, it seems like in many cases, the shoe color matches the shirt color. For example, observations 1, 2, 5, 6, 7, 10 all have the shoe color matching the shirt. However, in observations 3, 4, 8, and 9, this isn't the case. So maybe the shirt color is a strong indicator, but not the only one.\n\nNext, looking at the hat color. Observation 1: black hat, orange shoes. Observation 2: orange hat, green shoes. Observation 3: white hat, black shoes. Observation 4: green hat, black shoes. Observation 5: orange hat, blue shoes. Observation 6: orange hat, orange shoes. Observation 7: black hat, black shoes. Observation 8: white hat, red shoes. Observation 9: green hat, black shoes. Observation 10: white hat, green shoes.\n\nHere, sometimes the hat color matches the shoes (observations 6, 7, 10), but not always. So maybe the hat isn't as strong a predictor as the shirt.\n\nLooking at the bag color: Observation 1: red bag, orange shoes. Observation 2: blue bag, green shoes. Observation 3: black bag, black shoes. Observation 4: orange bag, black shoes. Observation 5: green bag, blue shoes. Observation 6: red bag, orange shoes. Observation 7: black bag, black shoes. Observation 8: red bag, red shoes. Observation 9: red bag, black shoes. Observation 10: green bag, green shoes.\n\nAgain, sometimes the bag color matches the shoes (observations 3,5,6,7,8,10), but not always. So the bag might also be a factor, but perhaps less so than the shirt.\n\nAnother attribute is the person's gender. Let's see if that plays a role. Observations 1,2,6,7,10 are women; 3,4,5,8,9 are men. Shoe colors for women: orange, green, orange, black, green. For men: black, black, blue, red, black. It doesn't seem like gender alone determines the shoe color, but maybe in combination with other factors.\n\nAge and height: Let's see. Observation 1: old, tall \u2192 orange. Observation 2: young, short \u2192 green. Observation 3: old, short \u2192 black. Observation 4: young, short \u2192 black. Observation 5: old, tall \u2192 blue. Observation 6: young, short \u2192 orange. Observation 7: young, short \u2192 black. Observation 8: old, short \u2192 red. Observation 9: old, short \u2192 black. Observation 10: old, short \u2192 green.\n\nIt's a bit mixed. Young, short women sometimes choose orange or green, while old, short men often choose black. But it's not consistent enough to form a strong hypothesis on its own.\n\nPutting this together, the strongest pattern seems to be that the shoe color often matches the shirt color. So that's one hypothesis. Then, the hat color sometimes matches, so that's another. The bag color also sometimes matches, so that's a third. Maybe the combination of shirt and hat colors could be a hypothesis, but that might be too specific. Alternatively, considering the majority color among shirt, hat, and bag. Also, perhaps the person's age and gender might influence the choice, but it's less clear.\n\nSo, I think the five hypotheses could be:": {"hypothesis": "Old, short woman; white hat, red shirt, small green bag \u2192 green shoes.\n\nNow, I'll try to identify any correlations between the attributes and the shoe color.\n\nLooking at the first observation, the woman has an orange shirt and bought orange shoes. Similarly, in observation 6, the woman has an orange shirt and bought orange shoes. Observation 8: orange shirt and red shoes. Observation 10: red shirt and green shoes. Observation 5: blue shirt and blue shoes. Observation 2: green shirt and green shoes. Observation 7: black shirt and black shoes. Observation 3: blue shirt and black shoes. Observation 4: blue shirt and black shoes. Observation 9: red shirt and black shoes.\n\nSo, it seems like in many cases, the shoe color matches the shirt color. For example, observations 1, 2, 5, 6, 7, 10 all have the shoe color matching the shirt. However, in observations 3, 4, 8, and 9, this isn't the case. So maybe the shirt color is a strong indicator, but not the only one.\n\nNext, looking at the hat color. Observation 1: black hat, orange shoes. Observation 2: orange hat, green shoes. Observation 3: white hat, black shoes. Observation 4: green hat, black shoes. Observation 5: orange hat, blue shoes. Observation 6: orange hat, orange shoes. Observation 7: black hat, black shoes. Observation 8: white hat, red shoes. Observation 9: green hat, black shoes. Observation 10: white hat, green shoes.\n\nHere, sometimes the hat color matches the shoes (observations 6, 7, 10), but not always. So maybe the hat isn't as strong a predictor as the shirt.\n\nLooking at the bag color: Observation 1: red bag, orange shoes. Observation 2: blue bag, green shoes. Observation 3: black bag, black shoes. Observation 4: orange bag, black shoes. Observation 5: green bag, blue shoes. Observation 6: red bag, orange shoes. Observation 7: black bag, black shoes. Observation 8: red bag, red shoes. Observation 9: red bag, black shoes. Observation 10: green bag, green shoes.\n\nAgain, sometimes the bag color matches the shoes (observations 3,5,6,7,8,10), but not always. So the bag might also be a factor, but perhaps less so than the shirt.\n\nAnother attribute is the person's gender. Let's see if that plays a role. Observations 1,2,6,7,10 are women; 3,4,5,8,9 are men. Shoe colors for women: orange, green, orange, black, green. For men: black, black, blue, red, black. It doesn't seem like gender alone determines the shoe color, but maybe in combination with other factors.\n\nAge and height: Let's see. Observation 1: old, tall \u2192 orange. Observation 2: young, short \u2192 green. Observation 3: old, short \u2192 black. Observation 4: young, short \u2192 black. Observation 5: old, tall \u2192 blue. Observation 6: young, short \u2192 orange. Observation 7: young, short \u2192 black. Observation 8: old, short \u2192 red. Observation 9: old, short \u2192 black. Observation 10: old, short \u2192 green.\n\nIt's a bit mixed. Young, short women sometimes choose orange or green, while old, short men often choose black. But it's not consistent enough to form a strong hypothesis on its own.\n\nPutting this together, the strongest pattern seems to be that the shoe color often matches the shirt color. So that's one hypothesis. Then, the hat color sometimes matches, so that's another. The bag color also sometimes matches, so that's a third. Maybe the combination of shirt and hat colors could be a hypothesis, but that might be too specific. Alternatively, considering the majority color among shirt, hat, and bag. Also, perhaps the person's age and gender might influence the choice, but it's less clear.\n\nSo, I think the five hypotheses could be:", "acc": 0.425, "num_visits": 120, "reward": 0.5287302789883808, "correct_examples": [[32, "orange"], [20, "green"], [21, "black"], [23, "blue"], [24, "orange"], [25, "black"], [30, "green"], [33, "red"], [36, "blue"], [37, "blue"], [38, "orange"], [42, "blue"], [43, "black"], [44, "black"], [47, "orange"], [52, "black"], [57, "black"], [59, "orange"], [60, "white"], [61, "white"], [64, "white"], [65, "red"], [69, "white"], [72, "blue"], [74, "blue"], [75, "black"], [77, "blue"], [81, "black"], [83, "orange"], [84, "orange"], [87, "white"], [90, "black"], [93, "white"], [96, "black"], [97, "black"], [100, "black"], [103, "red"], [111, "orange"], [113, "black"], [115, "black"], [117, "blue"], [127, "black"], [129, "red"], [152, "black"], [153, "blue"], [160, "orange"], [162, "black"], [163, "white"], [164, "white"], [167, "black"], [169, "green"]]}, "Old, tall man, orange hat, blue shirt, small green bag \u2192 blue shoes.\n\nNow, I'll try to find patterns in the data. Let's look at the attributes one by one: age, height, gender, hat color, shirt color, bag color, and shoe color.\n\nStarting with age: Young customers bought white, green, black, white, and orange shoes. Old customers bought black, black, blue, black, and blue shoes. It seems like older customers tend towards darker colors like black and blue, while younger ones have a mix but include more vibrant colors like green and orange.\n\nHeight doesn't seem to have a clear pattern. Both tall and short customers bought various colors without a noticeable trend.\n\nGender: Men and women both bought a variety of colors, so maybe gender isn't a strong indicator.\n\nLooking at hat color: Green hats were bought by customers who chose white, green, black, and blue shoes. Red hats were bought by customers who chose green, blue, and orange shoes. Blue hats were linked to black, white, black, and blue shoes. White hats were with orange shoes. Black hats with black shoes. Orange hats with blue shoes. It's a bit mixed, but maybe the hat color sometimes matches the shoe color, like red with green or orange, but not always.\n\nShirt color: Green shirts were bought by customers who chose white, black, and white shoes. Red shirts went with green and orange. White shirts with green. Orange shirts with black and blue. Blue shirts with black and blue. Black shirts with black. So maybe the shirt color influences the shoe color, but it's not a direct match. For example, red shirts went with green and orange, which are complementary or similar in hue.\n\nBag color: Green bags were with white, green, black, and blue shoes. Orange bags with white, orange, black, and blue. Blue bags with black and blue. So maybe the bag color sometimes matches the shoe color, like orange with orange, blue with blue, but not always. Large bags don't seem to correlate with any specific color.\n\nPutting this together, possible hypotheses could involve age influencing color choice, with older people choosing darker colors. Hat color might influence shoe color, as in some cases they match. Shirt color could also play a role, perhaps in a complementary way. Bag color might sometimes match the shoe color. Also, when multiple colors are present in the outfit, the shoe color might match one of them.\n\nSo, the five hypotheses could be:": {"hypothesis": "Old, tall man, orange hat, blue shirt, small green bag \u2192 blue shoes.\n\nNow, I'll try to find patterns in the data. Let's look at the attributes one by one: age, height, gender, hat color, shirt color, bag color, and shoe color.\n\nStarting with age: Young customers bought white, green, black, white, and orange shoes. Old customers bought black, black, blue, black, and blue shoes. It seems like older customers tend towards darker colors like black and blue, while younger ones have a mix but include more vibrant colors like green and orange.\n\nHeight doesn't seem to have a clear pattern. Both tall and short customers bought various colors without a noticeable trend.\n\nGender: Men and women both bought a variety of colors, so maybe gender isn't a strong indicator.\n\nLooking at hat color: Green hats were bought by customers who chose white, green, black, and blue shoes. Red hats were bought by customers who chose green, blue, and orange shoes. Blue hats were linked to black, white, black, and blue shoes. White hats were with orange shoes. Black hats with black shoes. Orange hats with blue shoes. It's a bit mixed, but maybe the hat color sometimes matches the shoe color, like red with green or orange, but not always.\n\nShirt color: Green shirts were bought by customers who chose white, black, and white shoes. Red shirts went with green and orange. White shirts with green. Orange shirts with black and blue. Blue shirts with black and blue. Black shirts with black. So maybe the shirt color influences the shoe color, but it's not a direct match. For example, red shirts went with green and orange, which are complementary or similar in hue.\n\nBag color: Green bags were with white, green, black, and blue shoes. Orange bags with white, orange, black, and blue. Blue bags with black and blue. So maybe the bag color sometimes matches the shoe color, like orange with orange, blue with blue, but not always. Large bags don't seem to correlate with any specific color.\n\nPutting this together, possible hypotheses could involve age influencing color choice, with older people choosing darker colors. Hat color might influence shoe color, as in some cases they match. Shirt color could also play a role, perhaps in a complementary way. Bag color might sometimes match the shoe color. Also, when multiple colors are present in the outfit, the shoe color might match one of them.\n\nSo, the five hypotheses could be:", "acc": 0.3225806451612903, "num_visits": 31, "reward": 0.5250135166509575, "correct_examples": [[107, "green"], [111, "orange"], [113, "black"], [114, "blue"], [115, "black"], [117, "blue"], [123, "blue"], [127, "black"], [152, "black"], [153, "blue"]]}}