{"Old, short man with orange hat, blue shirt, small green bag \u2192 blue shoes.": {"hypothesis": "Old, short man with orange hat, blue shirt, small green bag \u2192 blue shoes.", "acc": 0.34782608695652173, "num_visits": 23, "reward": 0.5689843440429414, "correct_examples": [[65, "red"], [66, "blue"], [70, "white"], [72, "blue"], [77, "blue"], [81, "black"], [83, "orange"], [87, "white"]]}, "Old, tall man with black hat, red shirt, small blue bag \u2192 red shoes.": {"hypothesis": "Old, tall man with black hat, red shirt, small blue bag \u2192 red shoes.", "acc": 0.391304347826087, "num_visits": 23, "reward": 0.6124626049125066, "correct_examples": [[65, "red"], [66, "blue"], [70, "white"], [72, "blue"], [77, "blue"], [80, "red"], [81, "black"], [83, "orange"], [87, "white"]]}, "Old, tall man with white hat, green shirt, large orange bag \u2192 orange shoes.": {"hypothesis": "Old, tall man with white hat, green shirt, large orange bag \u2192 orange shoes.", "acc": 0.43478260869565216, "num_visits": 23, "reward": 0.6559408657820718, "correct_examples": [[67, "orange"], [73, "orange"], [75, "black"], [76, "red"], [77, "blue"], [80, "red"], [84, "orange"], [85, "black"], [87, "white"], [89, "green"]]}, "The color of the shoes matches the color of the customer's bag.": {"hypothesis": "The color of the shoes matches the color of the customer's bag.", "acc": 0.45714285714285713, "num_visits": 35, "reward": 0.6364233570451504, "correct_examples": [[34, "green"], [35, "red"], [40, "red"], [43, "black"], [46, "orange"], [60, "white"], [73, "orange"], [74, "blue"], [75, "black"], [76, "red"], [77, "blue"], [80, "red"], [84, "orange"], [85, "black"], [87, "white"], [89, "green"]]}, "Young, short man with green hat, orange shirt, large white bag \u2192 black shoes.\n\nNow, I'll try to find patterns or correlations. Let's break it down by different attributes: age, height, gender, hat color, shirt color, bag color, and shoe color.\n\nLooking at the first observation, the customer has red hat, green shirt, red bag, and bought red shoes. So, the hat and bag are red, shirt is green, shoes are red. Maybe the shoe color matches the hat or the bag? But in the second observation, the hat is green, shirt red, bag blue, and shoes black. So, no direct match there. Hmm.\n\nThird observation: red hat, red shirt, blue bag, blue shoes. Here, the shoes match the bag. Fourth: blue hat, red shirt, red bag, black shoes. No match. Fifth: white hat, blue shirt, green bag, green shoes. Shoes match the bag again.\n\nSixth: black hat, orange shirt, green bag, orange shoes. Shoes match the shirt. Seventh: red hat, white shirt, white bag, white shoes. Shoes match shirt and bag. Eighth: orange hat, white shirt, blue bag, white shoes. Shoes match shirt. Ninth: green hat, blue shirt, orange bag, white shoes. Shoes don't match any. Tenth: green hat, orange shirt, white bag, black shoes. Shoes don't match any.\n\nSo, from these, sometimes the shoes match the hat, sometimes the shirt, sometimes the bag, sometimes none. It's a bit inconsistent. Maybe it's the most prominent color? Or maybe it's the color that appears in multiple accessories.\n\nLooking again:": {"hypothesis": "Young, short man with green hat, orange shirt, large white bag \u2192 black shoes.\n\nNow, I'll try to find patterns or correlations. Let's break it down by different attributes: age, height, gender, hat color, shirt color, bag color, and shoe color.\n\nLooking at the first observation, the customer has red hat, green shirt, red bag, and bought red shoes. So, the hat and bag are red, shirt is green, shoes are red. Maybe the shoe color matches the hat or the bag? But in the second observation, the hat is green, shirt red, bag blue, and shoes black. So, no direct match there. Hmm.\n\nThird observation: red hat, red shirt, blue bag, blue shoes. Here, the shoes match the bag. Fourth: blue hat, red shirt, red bag, black shoes. No match. Fifth: white hat, blue shirt, green bag, green shoes. Shoes match the bag again.\n\nSixth: black hat, orange shirt, green bag, orange shoes. Shoes match the shirt. Seventh: red hat, white shirt, white bag, white shoes. Shoes match shirt and bag. Eighth: orange hat, white shirt, blue bag, white shoes. Shoes match shirt. Ninth: green hat, blue shirt, orange bag, white shoes. Shoes don't match any. Tenth: green hat, orange shirt, white bag, black shoes. Shoes don't match any.\n\nSo, from these, sometimes the shoes match the hat, sometimes the shirt, sometimes the bag, sometimes none. It's a bit inconsistent. Maybe it's the most prominent color? Or maybe it's the color that appears in multiple accessories.\n\nLooking again:", "acc": 0.4444444444444444, "num_visits": 36, "reward": 0.6212174012737695, "correct_examples": [[54, "red"], [55, "black"], [58, "green"], [60, "white"], [61, "white"], [63, "black"], [64, "white"], [69, "white"], [74, "blue"], [75, "black"], [77, "blue"], [80, "red"], [81, "black"], [83, "orange"], [85, "black"], [87, "white"]]}, "The color of the shoes matches the color of the bag if the bag is large, otherwise the shirt.\n\nWait, but some of these might not be supported by the data. For example, hypothesis 3 about the hat isn't supported because in the data, the shoes rarely match the hat. So maybe that's not a good hypothesis.\n\nSimilarly, hypothesis 4 and 5 about age might not hold because, for example, older customers bought blue, green, white, which sometimes matched the bag or shirt, but not consistently based on age.\n\nHypothesis 6 about the most prominent color: in observation 8, orange appears twice, but shoes are green. So that doesn't hold. So maybe that's not a good hypothesis.\n\nHypothesis 7 about the largest accessory: the bag is the largest, so it would align with hypothesis": {"hypothesis": "The color of the shoes matches the color of the bag if the bag is large, otherwise the shirt.\n\nWait, but some of these might not be supported by the data. For example, hypothesis 3 about the hat isn't supported because in the data, the shoes rarely match the hat. So maybe that's not a good hypothesis.\n\nSimilarly, hypothesis 4 and 5 about age might not hold because, for example, older customers bought blue, green, white, which sometimes matched the bag or shirt, but not consistently based on age.\n\nHypothesis 6 about the most prominent color: in observation 8, orange appears twice, but shoes are green. So that doesn't hold. So maybe that's not a good hypothesis.\n\nHypothesis 7 about the largest accessory: the bag is the largest, so it would align with hypothesis", "acc": 0.5222222222222224, "num_visits": 90, "reward": 0.6340232566828791, "correct_examples": [[1, "black"], [2, "blue"], [3, "blue"], [5, "blue"], [6, "blue"], [7, "green"], [9, "black"], [12, "red"], [14, "blue"], [18, "red"], [19, "black"], [24, "orange"], [25, "black"], [26, "black"], [27, "red"], [29, "black"], [31, "black"], [33, "red"], [34, "green"], [35, "red"], [37, "blue"], [38, "orange"], [39, "white"], [42, "blue"], [44, "black"], [47, "orange"], [50, "red"], [54, "red"], [56, "blue"], [58, "green"], [59, "orange"], [60, "white"], [61, "white"], [64, "white"], [65, "red"], [66, "blue"], [69, "white"], [73, "orange"], [74, "blue"], [76, "red"], [77, "blue"], [81, "black"], [83, "orange"], [84, "orange"], [85, "black"], [87, "white"], [89, "green"]]}, "The color of the shoes matches either the shirt or the bag color.": {"hypothesis": "The color of the shoes matches either the shirt or the bag color.", "acc": 0.3157894736842105, "num_visits": 19, "reward": 0.5581981140617053, "correct_examples": [[65, "red"], [66, "blue"], [72, "blue"], [77, "blue"], [80, "red"], [81, "black"]]}, "The color of the shoes is determined by a combination of shirt and bag colors.": {"hypothesis": "The color of the shoes is determined by a combination of shirt and bag colors.", "acc": 0.25, "num_visits": 12, "reward": 0.5525739976529309, "correct_examples": [[68, "black"], [73, "orange"], [76, "red"]]}, "Old, short woman; white hat, red shirt, small green bag \u2192 green shoes.\n\nNow, I'll try to identify any correlations between the attributes and the shoe color.\n\nLooking at the first observation, the woman has an orange shirt and bought orange shoes. Similarly, in observation 6, the woman has an orange shirt and bought orange shoes. Observation 8: orange shirt and red shoes. Observation 10: red shirt and green shoes. Observation 5: blue shirt and blue shoes. Observation 2: green shirt and green shoes. Observation 7: black shirt and black shoes. Observation 3: blue shirt and black shoes. Observation 4: blue shirt and black shoes. Observation 9: red shirt and black shoes.\n\nSo, it seems like in many cases, the shoe color matches the shirt color. For example, observations 1, 2, 5, 6, 7, 10 all have the shoe color matching the shirt. However, in observations 3, 4, 8, and 9, this isn't the case. So maybe the shirt color is a strong indicator, but not the only one.\n\nNext, looking at the hat color. Observation 1: black hat, orange shoes. Observation 2: orange hat, green shoes. Observation 3: white hat, black shoes. Observation 4: green hat, black shoes. Observation 5: orange hat, blue shoes. Observation 6: orange hat, orange shoes. Observation 7: black hat, black shoes. Observation 8: white hat, red shoes. Observation 9: green hat, black shoes. Observation 10: white hat, green shoes.\n\nHere, sometimes the hat color matches the shoes (observations 6, 7, 10), but not always. So maybe the hat isn't as strong a predictor as the shirt.\n\nLooking at the bag color: Observation 1: red bag, orange shoes. Observation 2: blue bag, green shoes. Observation 3: black bag, black shoes. Observation 4: orange bag, black shoes. Observation 5: green bag, blue shoes. Observation 6: red bag, orange shoes. Observation 7: black bag, black shoes. Observation 8: red bag, red shoes. Observation 9: red bag, black shoes. Observation 10: green bag, green shoes.\n\nAgain, sometimes the bag color matches the shoes (observations 3,5,6,7,8,10), but not always. So the bag might also be a factor, but perhaps less so than the shirt.\n\nAnother attribute is the person's gender. Let's see if that plays a role. Observations 1,2,6,7,10 are women; 3,4,5,8,9 are men. Shoe colors for women: orange, green, orange, black, green. For men: black, black, blue, red, black. It doesn't seem like gender alone determines the shoe color, but maybe in combination with other factors.\n\nAge and height: Let's see. Observation 1: old, tall \u2192 orange. Observation 2: young, short \u2192 green. Observation 3: old, short \u2192 black. Observation 4: young, short \u2192 black. Observation 5: old, tall \u2192 blue. Observation 6: young, short \u2192 orange. Observation 7: young, short \u2192 black. Observation 8: old, short \u2192 red. Observation 9: old, short \u2192 black. Observation 10: old, short \u2192 green.\n\nIt's a bit mixed. Young, short women sometimes choose orange or green, while old, short men often choose black. But it's not consistent enough to form a strong hypothesis on its own.\n\nPutting this together, the strongest pattern seems to be that the shoe color often matches the shirt color. So that's one hypothesis. Then, the hat color sometimes matches, so that's another. The bag color also sometimes matches, so that's a third. Maybe the combination of shirt and hat colors could be a hypothesis, but that might be too specific. Alternatively, considering the majority color among shirt, hat, and bag. Also, perhaps the person's age and gender might influence the choice, but it's less clear.\n\nSo, I think the five hypotheses could be:": {"hypothesis": "Old, short woman; white hat, red shirt, small green bag \u2192 green shoes.\n\nNow, I'll try to identify any correlations between the attributes and the shoe color.\n\nLooking at the first observation, the woman has an orange shirt and bought orange shoes. Similarly, in observation 6, the woman has an orange shirt and bought orange shoes. Observation 8: orange shirt and red shoes. Observation 10: red shirt and green shoes. Observation 5: blue shirt and blue shoes. Observation 2: green shirt and green shoes. Observation 7: black shirt and black shoes. Observation 3: blue shirt and black shoes. Observation 4: blue shirt and black shoes. Observation 9: red shirt and black shoes.\n\nSo, it seems like in many cases, the shoe color matches the shirt color. For example, observations 1, 2, 5, 6, 7, 10 all have the shoe color matching the shirt. However, in observations 3, 4, 8, and 9, this isn't the case. So maybe the shirt color is a strong indicator, but not the only one.\n\nNext, looking at the hat color. Observation 1: black hat, orange shoes. Observation 2: orange hat, green shoes. Observation 3: white hat, black shoes. Observation 4: green hat, black shoes. Observation 5: orange hat, blue shoes. Observation 6: orange hat, orange shoes. Observation 7: black hat, black shoes. Observation 8: white hat, red shoes. Observation 9: green hat, black shoes. Observation 10: white hat, green shoes.\n\nHere, sometimes the hat color matches the shoes (observations 6, 7, 10), but not always. So maybe the hat isn't as strong a predictor as the shirt.\n\nLooking at the bag color: Observation 1: red bag, orange shoes. Observation 2: blue bag, green shoes. Observation 3: black bag, black shoes. Observation 4: orange bag, black shoes. Observation 5: green bag, blue shoes. Observation 6: red bag, orange shoes. Observation 7: black bag, black shoes. Observation 8: red bag, red shoes. Observation 9: red bag, black shoes. Observation 10: green bag, green shoes.\n\nAgain, sometimes the bag color matches the shoes (observations 3,5,6,7,8,10), but not always. So the bag might also be a factor, but perhaps less so than the shirt.\n\nAnother attribute is the person's gender. Let's see if that plays a role. Observations 1,2,6,7,10 are women; 3,4,5,8,9 are men. Shoe colors for women: orange, green, orange, black, green. For men: black, black, blue, red, black. It doesn't seem like gender alone determines the shoe color, but maybe in combination with other factors.\n\nAge and height: Let's see. Observation 1: old, tall \u2192 orange. Observation 2: young, short \u2192 green. Observation 3: old, short \u2192 black. Observation 4: young, short \u2192 black. Observation 5: old, tall \u2192 blue. Observation 6: young, short \u2192 orange. Observation 7: young, short \u2192 black. Observation 8: old, short \u2192 red. Observation 9: old, short \u2192 black. Observation 10: old, short \u2192 green.\n\nIt's a bit mixed. Young, short women sometimes choose orange or green, while old, short men often choose black. But it's not consistent enough to form a strong hypothesis on its own.\n\nPutting this together, the strongest pattern seems to be that the shoe color often matches the shirt color. So that's one hypothesis. Then, the hat color sometimes matches, so that's another. The bag color also sometimes matches, so that's a third. Maybe the combination of shirt and hat colors could be a hypothesis, but that might be too specific. Alternatively, considering the majority color among shirt, hat, and bag. Also, perhaps the person's age and gender might influence the choice, but it's less clear.\n\nSo, I think the five hypotheses could be:", "acc": 0.4626865671641791, "num_visits": 67, "reward": 0.5922640906425377, "correct_examples": [[32, "orange"], [20, "green"], [21, "black"], [23, "blue"], [24, "orange"], [25, "black"], [30, "green"], [33, "red"], [36, "blue"], [37, "blue"], [38, "orange"], [42, "blue"], [43, "black"], [44, "black"], [47, "orange"], [52, "black"], [57, "black"], [59, "orange"], [60, "white"], [61, "white"], [64, "white"], [65, "red"], [69, "white"], [72, "blue"], [74, "blue"], [75, "black"], [77, "blue"], [81, "black"], [83, "orange"], [84, "orange"], [87, "white"]]}, "The color of the shoes matches the color of the bag or shirt, whichever is more prominent.": {"hypothesis": "The color of the shoes matches the color of the bag or shirt, whichever is more prominent.", "acc": 0.5, "num_visits": 90, "reward": 0.6118010344606567, "correct_examples": [[1, "black"], [2, "blue"], [3, "blue"], [5, "blue"], [6, "blue"], [7, "green"], [9, "black"], [12, "red"], [14, "blue"], [18, "red"], [24, "orange"], [25, "black"], [26, "black"], [27, "red"], [29, "black"], [31, "black"], [33, "red"], [34, "green"], [35, "red"], [37, "blue"], [38, "orange"], [39, "white"], [42, "blue"], [44, "black"], [47, "orange"], [50, "red"], [54, "red"], [58, "green"], [59, "orange"], [60, "white"], [61, "white"], [64, "white"], [65, "red"], [66, "blue"], [69, "white"], [73, "orange"], [74, "blue"], [76, "red"], [77, "blue"], [81, "black"], [83, "orange"], [84, "orange"], [85, "black"], [87, "white"], [89, "green"]]}, "Older customers tend to choose shoes that match their shirt color.": {"hypothesis": "Older customers tend to choose shoes that match their shirt color.", "acc": 0.4393939393939394, "num_visits": 66, "reward": 0.5699494203196204, "correct_examples": [[3, "blue"], [7, "green"], [9, "black"], [12, "red"], [13, "black"], [14, "blue"], [18, "red"], [19, "black"], [20, "green"], [23, "blue"], [25, "black"], [26, "black"], [29, "black"], [31, "black"], [32, "orange"], [33, "red"], [36, "blue"], [37, "blue"], [39, "white"], [42, "blue"], [53, "black"], [64, "white"], [65, "red"], [66, "blue"], [69, "white"], [70, "white"], [72, "blue"], [74, "blue"], [87, "white"]]}, "The color of the shoes matches the color of the bag or shirt, depending on the customer's preference.\n\nWait, but some of these are similar. Maybe I can rephrase them to be more distinct.\n\nAlternatively, think of other factors like age or gender influencing the choice, but from the data, it's not clear. So perhaps it's better to focus on the color matching aspects.\n\nSo, finalizing the hypotheses:": {"hypothesis": "The color of the shoes matches the color of the bag or shirt, depending on the customer's preference.\n\nWait, but some of these are similar. Maybe I can rephrase them to be more distinct.\n\nAlternatively, think of other factors like age or gender influencing the choice, but from the data, it's not clear. So perhaps it's better to focus on the color matching aspects.\n\nSo, finalizing the hypotheses:", "acc": 0.4492753623188406, "num_visits": 69, "reward": 0.5764792400775962, "correct_examples": [[3, "blue"], [5, "blue"], [6, "blue"], [8, "black"], [9, "black"], [14, "blue"], [18, "red"], [23, "blue"], [24, "orange"], [25, "black"], [26, "black"], [29, "black"], [31, "black"], [32, "orange"], [33, "red"], [37, "blue"], [38, "orange"], [39, "white"], [40, "red"], [42, "blue"], [50, "red"], [52, "black"], [59, "orange"], [60, "white"], [64, "white"], [65, "red"], [66, "blue"], [69, "white"], [70, "white"], [72, "blue"], [74, "blue"]]}, "The color of the shoes is influenced by the person's age and gender.\n\nWait, but the user wants the hypotheses to be general and applicable to new examples. So maybe the fifth one is a bit too vague. Alternatively, perhaps considering the combination of shirt and hat, or shirt and bag. Or maybe the color of the shoes is more likely to match the shirt than other accessories.\n\nAlternatively, perhaps the color of the shoes is the same as the color of the most prominent or frequently occurring color in the outfit. But that might be too broad.\n\nI think the initial five I have are good, but maybe the fifth could be more specific. Alternatively, perhaps the color of the shoes is more likely to match the shirt if the shirt color is bright or stands out. But that's adding more detail than needed.\n\nI think the five I have are concise and cover the main patterns observed.\n</think>": {"hypothesis": "The color of the shoes is influenced by the person's age and gender.\n\nWait, but the user wants the hypotheses to be general and applicable to new examples. So maybe the fifth one is a bit too vague. Alternatively, perhaps considering the combination of shirt and hat, or shirt and bag. Or maybe the color of the shoes is more likely to match the shirt than other accessories.\n\nAlternatively, perhaps the color of the shoes is the same as the color of the most prominent or frequently occurring color in the outfit. But that might be too broad.\n\nI think the initial five I have are good, but maybe the fifth could be more specific. Alternatively, perhaps the color of the shoes is more likely to match the shirt if the shirt color is bright or stands out. But that's adding more detail than needed.\n\nI think the five I have are concise and cover the main patterns observed.\n</think>", "acc": 0.435483870967742, "num_visits": 62, "reward": 0.5701849987728828, "correct_examples": [[32, "orange"], [20, "green"], [23, "blue"], [24, "orange"], [25, "black"], [33, "red"], [35, "red"], [36, "blue"], [37, "blue"], [38, "orange"], [39, "white"], [42, "blue"], [44, "black"], [47, "orange"], [52, "black"], [54, "red"], [59, "orange"], [61, "white"], [64, "white"], [65, "red"], [66, "blue"], [69, "white"], [70, "white"], [74, "blue"], [81, "black"], [83, "orange"], [87, "white"]]}, "The color of the shoes matches the most prominent color in the customer's outfit.": {"hypothesis": "The color of the shoes matches the most prominent color in the customer's outfit.", "acc": 0.40625, "num_visits": 32, "reward": 0.5715269352449303, "correct_examples": [[2, "blue"], [3, "blue"], [5, "blue"], [9, "black"], [14, "blue"], [18, "red"], [23, "blue"], [24, "orange"], [25, "black"], [26, "black"], [29, "black"], [31, "black"], [32, "orange"]]}, "The shoe color frequently corresponds to the color of the customer's shirt.": {"hypothesis": "The shoe color frequently corresponds to the color of the customer's shirt.", "acc": 0.4230769230769231, "num_visits": 52, "reward": 0.5675887907998132, "correct_examples": [[12, "red"], [14, "blue"], [18, "red"], [20, "green"], [23, "blue"], [24, "orange"], [25, "black"], [26, "black"], [29, "black"], [31, "black"], [32, "orange"], [33, "red"], [36, "blue"], [37, "blue"], [38, "orange"], [39, "white"], [42, "blue"], [44, "black"], [47, "orange"], [52, "black"], [72, "blue"], [74, "blue"]]}, "Younger customers tend to choose shoes that match their bag color.": {"hypothesis": "Younger customers tend to choose shoes that match their bag color.", "acc": 0.42592592592592593, "num_visits": 54, "reward": 0.5666361962711637, "correct_examples": [[1, "black"], [2, "blue"], [3, "blue"], [5, "blue"], [6, "blue"], [8, "black"], [10, "orange"], [11, "green"], [14, "blue"], [19, "black"], [21, "black"], [25, "black"], [26, "black"], [27, "red"], [30, "green"], [31, "black"], [34, "green"], [35, "red"], [38, "orange"], [40, "red"], [43, "black"], [46, "orange"], [50, "red"]]}, "The color of the shoes often matches the color of the customer's bag.": {"hypothesis": "The color of the shoes often matches the color of the customer's bag.", "acc": 0.4200000000000001, "num_visits": 50, "reward": 0.5664660274798972, "correct_examples": [[10, "orange"], [11, "green"], [14, "blue"], [16, "green"], [19, "black"], [21, "black"], [25, "black"], [26, "black"], [27, "red"], [29, "black"], [30, "green"], [31, "black"], [34, "green"], [35, "red"], [38, "orange"], [40, "red"], [43, "black"], [46, "orange"], [50, "red"], [58, "green"], [60, "white"]]}, "Black shoes are often selected regardless of other clothing or accessory colors.": {"hypothesis": "Black shoes are often selected regardless of other clothing or accessory colors.", "acc": 0.36, "num_visits": 25, "reward": 0.5664625844321753, "correct_examples": [[44, "black"], [45, "black"], [51, "black"], [52, "black"], [53, "black"], [55, "black"], [57, "black"], [63, "black"], [68, "black"]]}, "Young, short woman; orange hat, green shirt, large blue bag \u2192 green shoes.": {"hypothesis": "Young, short woman; orange hat, green shirt, large blue bag \u2192 green shoes.", "acc": 0.39473684210526316, "num_visits": 38, "reward": 0.5637861463009249, "correct_examples": [[32, "orange"], [20, "green"], [23, "blue"], [24, "orange"], [25, "black"], [30, "green"], [33, "red"], [36, "blue"], [37, "blue"], [38, "orange"], [39, "white"], [42, "blue"], [47, "orange"], [52, "black"], [74, "blue"]]}, "Customers tend to choose shoe colors that match one of the colors they are wearing or carrying.": {"hypothesis": "Customers tend to choose shoe colors that match one of the colors they are wearing or carrying.", "acc": 0.34782608695652173, "num_visits": 23, "reward": 0.5634310527937045, "correct_examples": [[47, "orange"], [50, "red"], [52, "black"], [54, "red"], [56, "blue"], [59, "orange"], [60, "white"], [69, "white"]]}}