{"The color of the shoes matches the most prominent color in the customer's outfit.": {"hypothesis": "The color of the shoes matches the most prominent color in the customer's outfit.", "acc": 0.4, "num_visits": 10, "reward": 0.6399262956094041, "correct_examples": [[2, "blue"], [3, "blue"], [5, "blue"], [9, "black"]]}, "The color of the shoes matches the color of the bag if the bag is large, otherwise the shirt.\n\nWait, but some of these might not be supported by the data. For example, hypothesis 3 about the hat isn't supported because in the data, the shoes rarely match the hat. So maybe that's not a good hypothesis.\n\nSimilarly, hypothesis 4 and 5 about age might not hold because, for example, older customers bought blue, green, white, which sometimes matched the bag or shirt, but not consistently based on age.\n\nHypothesis 6 about the most prominent color: in observation 8, orange appears twice, but shoes are green. So that doesn't hold. So maybe that's not a good hypothesis.\n\nHypothesis 7 about the largest accessory: the bag is the largest, so it would align with hypothesis": {"hypothesis": "The color of the shoes matches the color of the bag if the bag is large, otherwise the shirt.\n\nWait, but some of these might not be supported by the data. For example, hypothesis 3 about the hat isn't supported because in the data, the shoes rarely match the hat. So maybe that's not a good hypothesis.\n\nSimilarly, hypothesis 4 and 5 about age might not hold because, for example, older customers bought blue, green, white, which sometimes matched the bag or shirt, but not consistently based on age.\n\nHypothesis 6 about the most prominent color: in observation 8, orange appears twice, but shoes are green. So that doesn't hold. So maybe that's not a good hypothesis.\n\nHypothesis 7 about the largest accessory: the bag is the largest, so it would align with hypothesis", "acc": 0.7, "num_visits": 10, "reward": 0.939926295609404, "correct_examples": [[1, "black"], [2, "blue"], [3, "blue"], [5, "blue"], [6, "blue"], [7, "green"], [9, "black"]]}, "Younger customers tend to choose shoes that match their bag color.": {"hypothesis": "Younger customers tend to choose shoes that match their bag color.", "acc": 0.6, "num_visits": 10, "reward": 0.839926295609404, "correct_examples": [[1, "black"], [2, "blue"], [3, "blue"], [5, "blue"], [6, "blue"], [8, "black"]]}, "The color of the shoes matches the color of the hat.": {"hypothesis": "The color of the shoes matches the color of the hat.", "acc": 0.0, "num_visits": 10, "reward": 0.23992629560940407, "correct_examples": []}, "Older customers tend to choose shoes that match their shirt color.": {"hypothesis": "Older customers tend to choose shoes that match their shirt color.", "acc": 0.3, "num_visits": 10, "reward": 0.5399262956094041, "correct_examples": [[3, "blue"], [7, "green"], [9, "black"]]}, "The color of the shoes matches the color that appears most frequently in the customer's outfit.": {"hypothesis": "The color of the shoes matches the color that appears most frequently in the customer's outfit.", "acc": 0.1, "num_visits": 10, "reward": 0.33992629560940407, "correct_examples": [[3, "blue"]]}, "The color of the shoes matches the color of the bag or shirt, depending on the customer's preference.\n\nI think these cover various possibilities based on the observations.\n</think>": {"hypothesis": "The color of the shoes matches the color of the bag or shirt, depending on the customer's preference.\n\nI think these cover various possibilities based on the observations.\n</think>", "acc": 0.3, "num_visits": 10, "reward": 0.5399262956094041, "correct_examples": [[1, "black"], [3, "blue"], [9, "black"]]}, "The color of the shoes matches the color of the bag or shirt, depending on the customer's preference.\n\nWait, but some of these are similar. Maybe I can rephrase them to be more distinct.\n\nAlternatively, think of other factors like age or gender influencing the choice, but from the data, it's not clear. So perhaps it's better to focus on the color matching aspects.\n\nSo, finalizing the hypotheses:": {"hypothesis": "The color of the shoes matches the color of the bag or shirt, depending on the customer's preference.\n\nWait, but some of these are similar. Maybe I can rephrase them to be more distinct.\n\nAlternatively, think of other factors like age or gender influencing the choice, but from the data, it's not clear. So perhaps it's better to focus on the color matching aspects.\n\nSo, finalizing the hypotheses:", "acc": 0.5, "num_visits": 10, "reward": 0.739926295609404, "correct_examples": [[3, "blue"], [5, "blue"], [6, "blue"], [8, "black"], [9, "black"]]}, "The color of the shoes matches the color of the bag or shirt, whichever is more prominent.": {"hypothesis": "The color of the shoes matches the color of the bag or shirt, whichever is more prominent.", "acc": 0.7, "num_visits": 10, "reward": 0.939926295609404, "correct_examples": [[1, "black"], [2, "blue"], [3, "blue"], [5, "blue"], [6, "blue"], [7, "green"], [9, "black"]]}, "The color of the shoes matches the color of the bag if the bag is the same color as another item.": {"hypothesis": "The color of the shoes matches the color of the bag if the bag is the same color as another item.", "acc": 0.1, "num_visits": 10, "reward": 0.33992629560940407, "correct_examples": [[3, "blue"]]}}