{"**Criticism of the two-party system is associated with a Democratic voting preference**: Individuals who express frustration with the two-party system and advocate for third-party alternatives are more likely to vote Democratic.": {"hypothesis": "**Criticism of the two-party system is associated with a Democratic voting preference**: Individuals who express frustration with the two-party system and advocate for third-party alternatives are more likely to vote Democratic.", "acc": 0.375, "num_visits": 16, "reward": 0.6222354332611222, "correct_examples": [[32, "likely democratic voter"], [35, "likely democratic voter"], [41, "likely republican voter"], [42, "likely democratic voter"], [43, "likely democratic voter"], [49, "likely republican voter"]]}, "**Criticism of the two-party system is more likely to be associated with Republican voting preference**: Individuals who express frustration with the two-party system and advocate for third-party alternatives are more likely to lean towards Republican voting preference.": {"hypothesis": "**Criticism of the two-party system is more likely to be associated with Republican voting preference**: Individuals who express frustration with the two-party system and advocate for third-party alternatives are more likely to lean towards Republican voting preference.", "acc": 0.5666666666666667, "num_visits": 30, "reward": 0.7472218984155728, "correct_examples": [[22, "likely republican voter"], [23, "likely republican voter"], [26, "likely republican voter"], [27, "likely republican voter"], [28, "likely republican voter"], [29, "likely republican voter"], [31, "likely democratic voter"], [34, "likely republican voter"], [36, "likely republican voter"], [37, "likely republican voter"], [39, "likely republican voter"], [40, "likely republican voter"], [41, "likely republican voter"], [44, "likely republican voter"], [46, "likely republican voter"], [47, "likely third-party/abstain voter"], [49, "likely republican voter"]]}, "**Criticism of the two-party system is associated with a Democratic voting preference**: Tweets that express frustration with the current two-party system or advocate for third-party alternatives are more likely to come from individuals with a Democratic voting preference.": {"hypothesis": "**Criticism of the two-party system is associated with a Democratic voting preference**: Tweets that express frustration with the current two-party system or advocate for third-party alternatives are more likely to come from individuals with a Democratic voting preference.", "acc": 0.4, "num_visits": 40, "reward": 0.5563654174807394, "correct_examples": [[11, "likely republican voter"], [15, "likely democratic voter"], [17, "likely democratic voter"], [18, "likely democratic voter"], [19, "likely democratic voter"], [21, "likely democratic voter"], [24, "likely democratic voter"], [29, "likely republican voter"], [31, "likely democratic voter"], [32, "likely democratic voter"], [36, "likely republican voter"], [39, "likely republican voter"], [40, "likely republican voter"], [41, "likely republican voter"], [42, "likely democratic voter"], [43, "likely democratic voter"]]}, "**Tone of frustration vs. enthusiasm is a predictor of voting preference**: Tweets with a tone of frustration and disillusionment with the current state of politics are more likely to be associated with Republican voting preference, whereas tweets with a tone of enthusiasm and optimism are more likely to be associated with Democratic voting preference.": {"hypothesis": "**Tone of frustration vs. enthusiasm is a predictor of voting preference**: Tweets with a tone of frustration and disillusionment with the current state of politics are more likely to be associated with Republican voting preference, whereas tweets with a tone of enthusiasm and optimism are more likely to be associated with Democratic voting preference.", "acc": 0.3333333333333333, "num_visits": 30, "reward": 0.5138885650822395, "correct_examples": [[22, "likely republican voter"], [27, "likely republican voter"], [31, "likely democratic voter"], [36, "likely republican voter"], [38, "likely republican voter"], [39, "likely republican voter"], [40, "likely republican voter"], [47, "likely third-party/abstain voter"], [48, "likely democratic voter"], [49, "likely republican voter"]]}, "**Uncertainty about voting is associated with a democratic voting preference**: Tweets that express uncertainty or indecision about voting are more likely to come from individuals who prefer democratic voting options.": {"hypothesis": "**Uncertainty about voting is associated with a democratic voting preference**: Tweets that express uncertainty or indecision about voting are more likely to come from individuals who prefer democratic voting options.", "acc": 0.32000000000000006, "num_visits": 50, "reward": 0.4598574811268269, "correct_examples": [[0, "likely third-party/abstain voter"], [2, "likely republican voter"], [4, "likely democratic voter"], [8, "likely republican voter"], [11, "likely republican voter"], [15, "likely democratic voter"], [17, "likely democratic voter"], [19, "likely democratic voter"], [29, "likely republican voter"], [31, "likely democratic voter"], [35, "likely democratic voter"], [36, "likely republican voter"], [39, "likely republican voter"], [40, "likely republican voter"], [41, "likely republican voter"], [47, "likely third-party/abstain voter"]]}, "**Language of \"representation\" is more likely to be associated with Republican voting preference**: Individuals who use language emphasizing the importance of candidates \"truly representing the people\" are more likely to lean towards Republican voting preference, suggesting a desire for outsider or anti-establishment candidates.": {"hypothesis": "**Language of \"representation\" is more likely to be associated with Republican voting preference**: Individuals who use language emphasizing the importance of candidates \"truly representing the people\" are more likely to lean towards Republican voting preference, suggesting a desire for outsider or anti-establishment candidates.", "acc": 0.26666666666666666, "num_visits": 30, "reward": 0.4472218984155728, "correct_examples": [[29, "likely republican voter"], [31, "likely democratic voter"], [36, "likely republican voter"], [39, "likely republican voter"], [40, "likely republican voter"], [41, "likely republican voter"], [45, "likely third-party/abstain voter"], [47, "likely third-party/abstain voter"]]}, "**Mention of specific politicians or parties is a predictor of voting preference**: Tweets that mention specific politicians (e.g., Biden) or parties in a positive or negative light are more likely to be associated with Democratic voting preference, whereas Republican-leaning tweets tend to avoid direct mentions of specific politicians or parties.\n\nThese hypotheses aim to capture generalizable patterns in the language and tone used by individuals with different voting preferences, allowing for predictions to be made based on novel tweets.": {"hypothesis": "**Mention of specific politicians or parties is a predictor of voting preference**: Tweets that mention specific politicians (e.g., Biden) or parties in a positive or negative light are more likely to be associated with Democratic voting preference, whereas Republican-leaning tweets tend to avoid direct mentions of specific politicians or parties.\n\nThese hypotheses aim to capture generalizable patterns in the language and tone used by individuals with different voting preferences, allowing for predictions to be made based on novel tweets.", "acc": 0.26666666666666666, "num_visits": 30, "reward": 0.4472218984155728, "correct_examples": [[29, "likely republican voter"], [31, "likely democratic voter"], [36, "likely republican voter"], [39, "likely republican voter"], [40, "likely republican voter"], [41, "likely republican voter"], [45, "likely third-party/abstain voter"], [47, "likely third-party/abstain voter"]]}, "**Mention of specific policy issues is associated with a voting preference**: Tweets that mention specific policy issues, such as universal healthcare, Second Amendment rights, or immigration reform, can be used to infer a person's voting preference, with certain issues being more closely associated with Democratic or Republican values.\n\nThese hypotheses are designed to be clear, generalizable, empirically plausible, and usable for predicting voting preferences based on tweets.": {"hypothesis": "**Mention of specific policy issues is associated with a voting preference**: Tweets that mention specific policy issues, such as universal healthcare, Second Amendment rights, or immigration reform, can be used to infer a person's voting preference, with certain issues being more closely associated with Democratic or Republican values.\n\nThese hypotheses are designed to be clear, generalizable, empirically plausible, and usable for predicting voting preferences based on tweets.", "acc": 0.27272727272727276, "num_visits": 33, "reward": 0.44487993149242283, "correct_examples": [[15, "likely democratic voter"], [29, "likely republican voter"], [31, "likely democratic voter"], [36, "likely republican voter"], [39, "likely republican voter"], [40, "likely republican voter"], [41, "likely republican voter"], [45, "likely third-party/abstain voter"], [47, "likely third-party/abstain voter"]]}, "**Criticism of the two-party system is associated with a third-party/abstain voting preference**: Tweets that express frustration with the two-party system are more likely to come from individuals who prefer third-party or abstain voting options.": {"hypothesis": "**Criticism of the two-party system is associated with a third-party/abstain voting preference**: Tweets that express frustration with the two-party system are more likely to come from individuals who prefer third-party or abstain voting options.", "acc": 0.2682926829268293, "num_visits": 41, "reward": 0.42273943366502464, "correct_examples": [[0, "likely third-party/abstain voter"], [2, "likely republican voter"], [11, "likely republican voter"], [29, "likely republican voter"], [31, "likely democratic voter"], [36, "likely republican voter"], [39, "likely republican voter"], [40, "likely republican voter"], [41, "likely republican voter"], [45, "likely third-party/abstain voter"], [47, "likely third-party/abstain voter"]]}, "**Mention of specific policy issues is associated with a Democratic voting preference**: Tweets that mention specific policy issues such as climate change, healthcare, or immigration reform are more likely to come from individuals who vote Democratic.": {"hypothesis": "**Mention of specific policy issues is associated with a Democratic voting preference**: Tweets that mention specific policy issues such as climate change, healthcare, or immigration reform are more likely to come from individuals who vote Democratic.", "acc": 0.09090909090909091, "num_visits": 11, "reward": 0.3850435101559534, "correct_examples": [[41, "likely republican voter"]]}, "**Language of \"breaking away\" and \"time for a change\" is associated with a Democratic voting preference**: Tweets that use language suggesting a desire to break away from the status quo and create change are more likely to come from individuals who vote Democratic.\n\nThese hypotheses are based on patterns observed in the provided tweet examples and are generalizable to novel situations. They are also empirically plausible and usable, as they provide clear and specific insights that can be applied to predict a person's voting preference based on their tweet.": {"hypothesis": "**Language of \"breaking away\" and \"time for a change\" is associated with a Democratic voting preference**: Tweets that use language suggesting a desire to break away from the status quo and create change are more likely to come from individuals who vote Democratic.\n\nThese hypotheses are based on patterns observed in the provided tweet examples and are generalizable to novel situations. They are also empirically plausible and usable, as they provide clear and specific insights that can be applied to predict a person's voting preference based on their tweet.", "acc": 0.09090909090909091, "num_visits": 11, "reward": 0.3858914246054226, "correct_examples": [[41, "likely republican voter"]]}, "**Tone of frustration and disillusionment is not a strong indicator of voting preference**: Expressions of frustration and disillusionment with the current state of politics are common across both Democratic and Republican voters, and are not a reliable indicator of voting preference.": {"hypothesis": "**Tone of frustration and disillusionment is not a strong indicator of voting preference**: Expressions of frustration and disillusionment with the current state of politics are common across both Democratic and Republican voters, and are not a reliable indicator of voting preference.", "acc": 0.09090909090909091, "num_visits": 11, "reward": 0.38671875029214675, "correct_examples": [[41, "likely republican voter"]]}, "**Endorsement of conservative values is associated with a Republican voting preference**: Individuals who explicitly express support for conservative values and criticize libertarian policies are more likely to vote Republican.": {"hypothesis": "**Endorsement of conservative values is associated with a Republican voting preference**: Individuals who explicitly express support for conservative values and criticize libertarian policies are more likely to vote Republican.", "acc": 0.23076923076923078, "num_visits": 13, "reward": 0.5050523174567787, "correct_examples": [[41, "likely republican voter"], [47, "likely third-party/abstain voter"], [49, "likely republican voter"]]}, "**Expression of frustration with government actions is associated with a non-republican voting preference**: Tweets that express frustration with government actions, such as government shutdowns, are more likely to come from individuals who prefer non-republican voting options.": {"hypothesis": "**Expression of frustration with government actions is associated with a non-republican voting preference**: Tweets that express frustration with government actions, such as government shutdowns, are more likely to come from individuals who prefer non-republican voting options.", "acc": 0.2558139534883721, "num_visits": 43, "reward": 0.4041416397872576, "correct_examples": [[0, "likely third-party/abstain voter"], [2, "likely republican voter"], [8, "likely republican voter"], [11, "likely republican voter"], [15, "likely democratic voter"], [29, "likely republican voter"], [31, "likely democratic voter"], [36, "likely republican voter"], [39, "likely republican voter"], [40, "likely republican voter"], [41, "likely republican voter"]]}, "**Mention of bipartisan support is associated with a democratic voting preference**: Tweets that express support for bipartisan efforts or celebrate bipartisan achievements are more likely to come from individuals who prefer democratic voting options.": {"hypothesis": "**Mention of bipartisan support is associated with a democratic voting preference**: Tweets that express support for bipartisan efforts or celebrate bipartisan achievements are more likely to come from individuals who prefer democratic voting options.", "acc": 0.25, "num_visits": 44, "reward": 0.39663245706679223, "correct_examples": [[0, "likely third-party/abstain voter"], [2, "likely republican voter"], [9, "likely republican voter"], [11, "likely republican voter"], [15, "likely democratic voter"], [25, "likely democratic voter"], [29, "likely republican voter"], [31, "likely democratic voter"], [36, "likely republican voter"], [39, "likely republican voter"], [40, "likely republican voter"]]}, "**Mention of conservative values is associated with a republican voting preference**: Tweets that explicitly mention conservative values or championing conservative values are more likely to come from individuals who prefer republican voting options.": {"hypothesis": "**Mention of conservative values is associated with a republican voting preference**: Tweets that explicitly mention conservative values or championing conservative values are more likely to come from individuals who prefer republican voting options.", "acc": 0.1935483870967742, "num_visits": 31, "reward": 0.3599618637068759, "correct_examples": [[0, "likely third-party/abstain voter"], [2, "likely republican voter"], [8, "likely republican voter"], [9, "likely republican voter"], [15, "likely democratic voter"], [29, "likely republican voter"]]}, "**Mention of Second Amendment rights is associated with a republican voting preference**: Tweets that mention or defend Second Amendment rights are more likely to come from individuals who prefer republican voting options.": {"hypothesis": "**Mention of Second Amendment rights is associated with a republican voting preference**: Tweets that mention or defend Second Amendment rights are more likely to come from individuals who prefer republican voting options.", "acc": 0.14285714285714285, "num_visits": 21, "reward": 0.3440795198925699, "correct_examples": [[0, "likely third-party/abstain voter"], [2, "likely republican voter"], [15, "likely democratic voter"]]}, "**Expression of excitement about climate change policies is associated with a democratic voting preference**: Tweets that express excitement or support for climate change policies are more likely to come from individuals who prefer democratic voting options.": {"hypothesis": "**Expression of excitement about climate change policies is associated with a democratic voting preference**: Tweets that express excitement or support for climate change policies are more likely to come from individuals who prefer democratic voting options.", "acc": 0.14285714285714285, "num_visits": 21, "reward": 0.3440795198925699, "correct_examples": [[0, "likely third-party/abstain voter"], [8, "likely republican voter"], [15, "likely democratic voter"]]}, "**Support for third-party debate presence is associated with a third-party/abstain voting preference**: Tweets that express support for third-party debate presence or frustration with the lack of third-party representation are more likely to come from individuals who prefer third-party or abstain voting options.": {"hypothesis": "**Support for third-party debate presence is associated with a third-party/abstain voting preference**: Tweets that express support for third-party debate presence or frustration with the lack of third-party representation are more likely to come from individuals who prefer third-party or abstain voting options.", "acc": 0.1724137931034483, "num_visits": 29, "reward": 0.3427910578058422, "correct_examples": [[0, "likely third-party/abstain voter"], [2, "likely republican voter"], [8, "likely republican voter"], [9, "likely republican voter"], [15, "likely democratic voter"]]}, "**Tone of frustration with the current state of politics is associated with a non-republican voting preference**: Tweets that express frustration with the current state of politics are more likely to come from individuals who prefer non-republican voting options.\n\nThese hypotheses are designed to be clear, generalizable, empirically plausible, and usable for predicting voting preferences based on tweets.": {"hypothesis": "**Tone of frustration with the current state of politics is associated with a non-republican voting preference**: Tweets that express frustration with the current state of politics are more likely to come from individuals who prefer non-republican voting options.\n\nThese hypotheses are designed to be clear, generalizable, empirically plausible, and usable for predicting voting preferences based on tweets.", "acc": 0.1724137931034483, "num_visits": 29, "reward": 0.3427910578058422, "correct_examples": [[0, "likely third-party/abstain voter"], [2, "likely republican voter"], [8, "likely republican voter"], [11, "likely republican voter"], [15, "likely democratic voter"]]}}