{"**Tweets that express frustration with the current state of politics are more likely to be associated with a third-party/abstain voter, while tweets that express excitement or enthusiasm for a particular candidate or party are more likely to be associated with a major party voter.**\n\nThis hypothesis is based on the observation that third-party/abstain voters often express frustration with the current state of politics, while major party voters tend to express enthusiasm for their preferred candidate or party.": {"hypothesis": "**Tweets that express frustration with the current state of politics are more likely to be associated with a third-party/abstain voter, while tweets that express excitement or enthusiasm for a particular candidate or party are more likely to be associated with a major party voter.**\n\nThis hypothesis is based on the observation that third-party/abstain voters often express frustration with the current state of politics, while major party voters tend to express enthusiasm for their preferred candidate or party.", "acc": 0.5, "num_visits": 16, "reward": 0.7529310850502965, "correct_examples": [[45, "likely third-party/abstain voter"], [47, "likely third-party/abstain voter"], [48, "likely democratic voter"], [49, "likely republican voter"], [53, "likely third-party/abstain voter"], [56, "likely republican voter"], [58, "likely republican voter"], [59, "likely democratic voter"]]}, "**Mention of specific policy issues is more likely to be associated with a democratic voter, while mention of general values or principles is more likely to be associated with a republican voter.**\n\nThis hypothesis is based on the observation that democratic voters tend to mention specific policy issues like universal healthcare, while republican voters tend to mention general values or principles like conservative values.": {"hypothesis": "**Mention of specific policy issues is more likely to be associated with a democratic voter, while mention of general values or principles is more likely to be associated with a republican voter.**\n\nThis hypothesis is based on the observation that democratic voters tend to mention specific policy issues like universal healthcare, while republican voters tend to mention general values or principles like conservative values.", "acc": 0.4375, "num_visits": 16, "reward": 0.6904310850502965, "correct_examples": [[45, "likely third-party/abstain voter"], [47, "likely third-party/abstain voter"], [49, "likely republican voter"], [50, "likely republican voter"], [54, "likely democratic voter"], [58, "likely republican voter"], [59, "likely democratic voter"]]}, "**Criticism of both major parties is more likely to be associated with a third-party/abstain voter, while criticism of one major party is more likely to be associated with a voter from the opposing major party.**\n\nThis hypothesis is based on the observation that tweets from third-party/abstain voters often express dissatisfaction with both major parties, while tweets from major party voters tend to criticize the opposing party.": {"hypothesis": "**Criticism of both major parties is more likely to be associated with a third-party/abstain voter, while criticism of one major party is more likely to be associated with a voter from the opposing major party.**\n\nThis hypothesis is based on the observation that tweets from third-party/abstain voters often express dissatisfaction with both major parties, while tweets from major party voters tend to criticize the opposing party.", "acc": 0.4375, "num_visits": 16, "reward": 0.6904310850502965, "correct_examples": [[45, "likely third-party/abstain voter"], [47, "likely third-party/abstain voter"], [48, "likely democratic voter"], [53, "likely third-party/abstain voter"], [54, "likely democratic voter"], [58, "likely republican voter"], [59, "likely democratic voter"]]}, "**Tweets that use language that is more absolute or extreme (e.g. \"can't stand\", \"strongly support\") are more likely to be associated with a republican voter, while tweets that use more moderate language are more likely to be associated with a democratic voter.**\n\nThis hypothesis is based on the observation that republican voters tend to use more absolute or extreme language, while democratic voters tend to use more moderate language.": {"hypothesis": "**Tweets that use language that is more absolute or extreme (e.g. \"can't stand\", \"strongly support\") are more likely to be associated with a republican voter, while tweets that use more moderate language are more likely to be associated with a democratic voter.**\n\nThis hypothesis is based on the observation that republican voters tend to use more absolute or extreme language, while democratic voters tend to use more moderate language.", "acc": 0.375, "num_visits": 16, "reward": 0.6279310850502965, "correct_examples": [[45, "likely third-party/abstain voter"], [47, "likely third-party/abstain voter"], [49, "likely republican voter"], [51, "likely republican voter"], [56, "likely republican voter"], [58, "likely republican voter"]]}, "**Criticism of the two-party system is more likely to be associated with Republican voting preference**: Individuals who express frustration with the two-party system and advocate for third-party alternatives are more likely to lean towards Republican voting preference.": {"hypothesis": "**Criticism of the two-party system is more likely to be associated with Republican voting preference**: Individuals who express frustration with the two-party system and advocate for third-party alternatives are more likely to lean towards Republican voting preference.", "acc": 0.525, "num_visits": 40, "reward": 0.6849676639633402, "correct_examples": [[22, "likely republican voter"], [23, "likely republican voter"], [26, "likely republican voter"], [27, "likely republican voter"], [28, "likely republican voter"], [29, "likely republican voter"], [31, "likely democratic voter"], [34, "likely republican voter"], [36, "likely republican voter"], [37, "likely republican voter"], [39, "likely republican voter"], [40, "likely republican voter"], [41, "likely republican voter"], [44, "likely republican voter"], [46, "likely republican voter"], [47, "likely third-party/abstain voter"], [49, "likely republican voter"], [51, "likely republican voter"], [54, "likely democratic voter"], [58, "likely republican voter"], [59, "likely democratic voter"]]}, "**Tweets that mention the need for change or breaking away from the two-party system are more likely to be associated with a third-party/abstain voter, while tweets that mention the importance of using one's voice or making a difference are more likely to be associated with a major party voter.**\n\nThis hypothesis is based on the observation that third-party/abstain voters often mention the need for change or breaking away from the two-party system, while major party voters tend to emphasize the importance of using one's voice or making a difference.": {"hypothesis": "**Tweets that mention the need for change or breaking away from the two-party system are more likely to be associated with a third-party/abstain voter, while tweets that mention the importance of using one's voice or making a difference are more likely to be associated with a major party voter.**\n\nThis hypothesis is based on the observation that third-party/abstain voters often mention the need for change or breaking away from the two-party system, while major party voters tend to emphasize the importance of using one's voice or making a difference.", "acc": 0.25, "num_visits": 16, "reward": 0.5029310850502965, "correct_examples": [[45, "likely third-party/abstain voter"], [47, "likely third-party/abstain voter"], [49, "likely republican voter"], [58, "likely republican voter"]]}, "**Criticism of the two-party system is associated with a Democratic voting preference**: Individuals who express frustration with the two-party system and advocate for third-party alternatives are more likely to vote Democratic.": {"hypothesis": "**Criticism of the two-party system is associated with a Democratic voting preference**: Individuals who express frustration with the two-party system and advocate for third-party alternatives are more likely to vote Democratic.", "acc": 0.46153846153846156, "num_visits": 26, "reward": 0.6599539289639474, "correct_examples": [[32, "likely democratic voter"], [35, "likely democratic voter"], [41, "likely republican voter"], [42, "likely democratic voter"], [43, "likely democratic voter"], [49, "likely republican voter"], [52, "likely democratic voter"], [54, "likely democratic voter"], [55, "likely democratic voter"], [56, "likely republican voter"], [58, "likely republican voter"], [59, "likely democratic voter"]]}, "**Criticism of the two-party system is associated with a Democratic voting preference**: Tweets that express frustration with the current two-party system or advocate for third-party alternatives are more likely to come from individuals with a Democratic voting preference.": {"hypothesis": "**Criticism of the two-party system is associated with a Democratic voting preference**: Tweets that express frustration with the current two-party system or advocate for third-party alternatives are more likely to come from individuals with a Democratic voting preference.", "acc": 0.4, "num_visits": 50, "reward": 0.5430794283295488, "correct_examples": [[11, "likely republican voter"], [15, "likely democratic voter"], [17, "likely democratic voter"], [18, "likely democratic voter"], [19, "likely democratic voter"], [21, "likely democratic voter"], [24, "likely democratic voter"], [29, "likely republican voter"], [31, "likely democratic voter"], [32, "likely democratic voter"], [36, "likely republican voter"], [39, "likely republican voter"], [40, "likely republican voter"], [41, "likely republican voter"], [42, "likely democratic voter"], [43, "likely democratic voter"], [52, "likely democratic voter"], [54, "likely democratic voter"], [55, "likely democratic voter"], [59, "likely democratic voter"]]}, "**Tone of frustration vs. enthusiasm is a predictor of voting preference**: Tweets with a tone of frustration and disillusionment with the current state of politics are more likely to be associated with Republican voting preference, whereas tweets with a tone of enthusiasm and optimism are more likely to be associated with Democratic voting preference.": {"hypothesis": "**Tone of frustration vs. enthusiasm is a predictor of voting preference**: Tweets with a tone of frustration and disillusionment with the current state of politics are more likely to be associated with Republican voting preference, whereas tweets with a tone of enthusiasm and optimism are more likely to be associated with Democratic voting preference.", "acc": 0.35, "num_visits": 40, "reward": 0.5099676639633401, "correct_examples": [[22, "likely republican voter"], [27, "likely republican voter"], [31, "likely democratic voter"], [36, "likely republican voter"], [38, "likely republican voter"], [39, "likely republican voter"], [40, "likely republican voter"], [47, "likely third-party/abstain voter"], [48, "likely democratic voter"], [49, "likely republican voter"], [50, "likely republican voter"], [53, "likely third-party/abstain voter"], [58, "likely republican voter"], [59, "likely democratic voter"]]}, "**Uncertainty about voting is associated with a democratic voting preference**: Tweets that express uncertainty or indecision about voting are more likely to come from individuals who prefer democratic voting options.": {"hypothesis": "**Uncertainty about voting is associated with a democratic voting preference**: Tweets that express uncertainty or indecision about voting are more likely to come from individuals who prefer democratic voting options.", "acc": 0.3166666666666667, "num_visits": 60, "reward": 0.4472797173517294, "correct_examples": [[0, "likely third-party/abstain voter"], [2, "likely republican voter"], [4, "likely democratic voter"], [8, "likely republican voter"], [11, "likely republican voter"], [15, "likely democratic voter"], [17, "likely democratic voter"], [19, "likely democratic voter"], [29, "likely republican voter"], [31, "likely democratic voter"], [35, "likely democratic voter"], [36, "likely republican voter"], [39, "likely republican voter"], [40, "likely republican voter"], [41, "likely republican voter"], [47, "likely third-party/abstain voter"], [54, "likely democratic voter"], [56, "likely republican voter"], [58, "likely republican voter"]]}, "**Endorsement of conservative values is associated with a Republican voting preference**: Individuals who explicitly express support for conservative values and criticize libertarian policies are more likely to vote Republican.": {"hypothesis": "**Endorsement of conservative values is associated with a Republican voting preference**: Individuals who explicitly express support for conservative values and criticize libertarian policies are more likely to vote Republican.", "acc": 0.17647058823529413, "num_visits": 17, "reward": 0.4186720128729982, "correct_examples": [[41, "likely republican voter"], [47, "likely third-party/abstain voter"], [49, "likely republican voter"]]}, "**Mention of specific policy issues is associated with a voting preference**: Tweets that mention specific policy issues, such as universal healthcare, Second Amendment rights, or immigration reform, can be used to infer a person's voting preference, with certain issues being more closely associated with Democratic or Republican values.\n\nThese hypotheses are designed to be clear, generalizable, empirically plausible, and usable for predicting voting preferences based on tweets.": {"hypothesis": "**Mention of specific policy issues is associated with a voting preference**: Tweets that mention specific policy issues, such as universal healthcare, Second Amendment rights, or immigration reform, can be used to infer a person's voting preference, with certain issues being more closely associated with Democratic or Republican values.\n\nThese hypotheses are designed to be clear, generalizable, empirically plausible, and usable for predicting voting preferences based on tweets.", "acc": 0.24324324324324328, "num_visits": 37, "reward": 0.4074156980254572, "correct_examples": [[15, "likely democratic voter"], [29, "likely republican voter"], [31, "likely democratic voter"], [36, "likely republican voter"], [39, "likely republican voter"], [40, "likely republican voter"], [41, "likely republican voter"], [45, "likely third-party/abstain voter"], [47, "likely third-party/abstain voter"]]}, "**Language of \"representation\" is more likely to be associated with Republican voting preference**: Individuals who use language emphasizing the importance of candidates \"truly representing the people\" are more likely to lean towards Republican voting preference, suggesting a desire for outsider or anti-establishment candidates.": {"hypothesis": "**Language of \"representation\" is more likely to be associated with Republican voting preference**: Individuals who use language emphasizing the importance of candidates \"truly representing the people\" are more likely to lean towards Republican voting preference, suggesting a desire for outsider or anti-establishment candidates.", "acc": 0.23529411764705882, "num_visits": 34, "reward": 0.4065563874214219, "correct_examples": [[29, "likely republican voter"], [31, "likely democratic voter"], [36, "likely republican voter"], [39, "likely republican voter"], [40, "likely republican voter"], [41, "likely republican voter"], [45, "likely third-party/abstain voter"], [47, "likely third-party/abstain voter"]]}, "**Mention of specific politicians or parties is a predictor of voting preference**: Tweets that mention specific politicians (e.g., Biden) or parties in a positive or negative light are more likely to be associated with Democratic voting preference, whereas Republican-leaning tweets tend to avoid direct mentions of specific politicians or parties.\n\nThese hypotheses aim to capture generalizable patterns in the language and tone used by individuals with different voting preferences, allowing for predictions to be made based on novel tweets.": {"hypothesis": "**Mention of specific politicians or parties is a predictor of voting preference**: Tweets that mention specific politicians (e.g., Biden) or parties in a positive or negative light are more likely to be associated with Democratic voting preference, whereas Republican-leaning tweets tend to avoid direct mentions of specific politicians or parties.\n\nThese hypotheses aim to capture generalizable patterns in the language and tone used by individuals with different voting preferences, allowing for predictions to be made based on novel tweets.", "acc": 0.23529411764705882, "num_visits": 34, "reward": 0.4065563874214219, "correct_examples": [[29, "likely republican voter"], [31, "likely democratic voter"], [36, "likely republican voter"], [39, "likely republican voter"], [40, "likely republican voter"], [41, "likely republican voter"], [45, "likely third-party/abstain voter"], [47, "likely third-party/abstain voter"]]}, "**Expression of frustration with government actions is associated with a non-republican voting preference**: Tweets that express frustration with government actions, such as government shutdowns, are more likely to come from individuals who prefer non-republican voting options.": {"hypothesis": "**Expression of frustration with government actions is associated with a non-republican voting preference**: Tweets that express frustration with government actions, such as government shutdowns, are more likely to come from individuals who prefer non-republican voting options.", "acc": 0.25, "num_visits": 44, "reward": 0.40054793948357964, "correct_examples": [[0, "likely third-party/abstain voter"], [2, "likely republican voter"], [8, "likely republican voter"], [11, "likely republican voter"], [15, "likely democratic voter"], [29, "likely republican voter"], [31, "likely democratic voter"], [36, "likely republican voter"], [39, "likely republican voter"], [40, "likely republican voter"], [41, "likely republican voter"]]}, "**Criticism of the two-party system is associated with a third-party/abstain voting preference**: Tweets that express frustration with the two-party system are more likely to come from individuals who prefer third-party or abstain voting options.": {"hypothesis": "**Criticism of the two-party system is associated with a third-party/abstain voting preference**: Tweets that express frustration with the two-party system are more likely to come from individuals who prefer third-party or abstain voting options.", "acc": 0.25, "num_visits": 44, "reward": 0.4001947961200592, "correct_examples": [[0, "likely third-party/abstain voter"], [2, "likely republican voter"], [11, "likely republican voter"], [29, "likely republican voter"], [31, "likely democratic voter"], [36, "likely republican voter"], [39, "likely republican voter"], [40, "likely republican voter"], [41, "likely republican voter"], [45, "likely third-party/abstain voter"], [47, "likely third-party/abstain voter"]]}, "**Mention of bipartisan support is associated with a democratic voting preference**: Tweets that express support for bipartisan efforts or celebrate bipartisan achievements are more likely to come from individuals who prefer democratic voting options.": {"hypothesis": "**Mention of bipartisan support is associated with a democratic voting preference**: Tweets that express support for bipartisan efforts or celebrate bipartisan achievements are more likely to come from individuals who prefer democratic voting options.", "acc": 0.25, "num_visits": 44, "reward": 0.39663245706679223, "correct_examples": [[0, "likely third-party/abstain voter"], [2, "likely republican voter"], [9, "likely republican voter"], [11, "likely republican voter"], [15, "likely democratic voter"], [25, "likely democratic voter"], [29, "likely republican voter"], [31, "likely democratic voter"], [36, "likely republican voter"], [39, "likely republican voter"], [40, "likely republican voter"]]}, "**Tone of frustration and disillusionment is not a strong indicator of voting preference**: Expressions of frustration and disillusionment with the current state of politics are common across both Democratic and Republican voters, and are not a reliable indicator of voting preference.": {"hypothesis": "**Tone of frustration and disillusionment is not a strong indicator of voting preference**: Expressions of frustration and disillusionment with the current state of politics are common across both Democratic and Republican voters, and are not a reliable indicator of voting preference.", "acc": 0.09090909090909091, "num_visits": 11, "reward": 0.38671875029214675, "correct_examples": [[41, "likely republican voter"]]}, "**Language of \"breaking away\" and \"time for a change\" is associated with a Democratic voting preference**: Tweets that use language suggesting a desire to break away from the status quo and create change are more likely to come from individuals who vote Democratic.\n\nThese hypotheses are based on patterns observed in the provided tweet examples and are generalizable to novel situations. They are also empirically plausible and usable, as they provide clear and specific insights that can be applied to predict a person's voting preference based on their tweet.": {"hypothesis": "**Language of \"breaking away\" and \"time for a change\" is associated with a Democratic voting preference**: Tweets that use language suggesting a desire to break away from the status quo and create change are more likely to come from individuals who vote Democratic.\n\nThese hypotheses are based on patterns observed in the provided tweet examples and are generalizable to novel situations. They are also empirically plausible and usable, as they provide clear and specific insights that can be applied to predict a person's voting preference based on their tweet.", "acc": 0.09090909090909091, "num_visits": 11, "reward": 0.3858914246054226, "correct_examples": [[41, "likely republican voter"]]}, "**Mention of specific policy issues is associated with a Democratic voting preference**: Tweets that mention specific policy issues such as climate change, healthcare, or immigration reform are more likely to come from individuals who vote Democratic.": {"hypothesis": "**Mention of specific policy issues is associated with a Democratic voting preference**: Tweets that mention specific policy issues such as climate change, healthcare, or immigration reform are more likely to come from individuals who vote Democratic.", "acc": 0.09090909090909091, "num_visits": 11, "reward": 0.3850435101559534, "correct_examples": [[41, "likely republican voter"]]}}