{"**Mention of third-party alternatives is associated with a Republican voting preference**: Tweets that mention third-party alternatives or advocate for breaking away from the two-party system are more likely to come from individuals with a Republican voting preference.": {"hypothesis": "**Mention of third-party alternatives is associated with a Republican voting preference**: Tweets that mention third-party alternatives or advocate for breaking away from the two-party system are more likely to come from individuals with a Republican voting preference.", "acc": 0.5454545454545454, "num_visits": 11, "reward": 0.8871015734690479, "correct_examples": [[160, "likely republican voter"], [162, "likely republican voter"], [164, "likely republican voter"], [166, "likely republican voter"], [167, "likely republican voter"], [155, "likely republican voter"]]}, "**Criticism of the two-party system is associated with a Republican voting preference**: Tweets that express frustration with the current state of politics, the two-party system, or the major parties are more likely to come from individuals with a Republican voting preference.": {"hypothesis": "**Criticism of the two-party system is associated with a Republican voting preference**: Tweets that express frustration with the current state of politics, the two-party system, or the major parties are more likely to come from individuals with a Republican voting preference.", "acc": 0.36363636363636365, "num_visits": 11, "reward": 0.7052833916508663, "correct_examples": [[160, "likely republican voter"], [166, "likely republican voter"], [168, "likely republican voter"], [155, "likely republican voter"]]}, "**Criticism of the two-party system is more likely to be associated with Republican voting preference**: Individuals who express frustration with the two-party system and advocate for third-party alternatives are more likely to lean towards Republican voting preference.": {"hypothesis": "**Criticism of the two-party system is more likely to be associated with Republican voting preference**: Individuals who express frustration with the two-party system and advocate for third-party alternatives are more likely to lean towards Republican voting preference.", "acc": 0.47333333333333333, "num_visits": 150, "reward": 0.5658517858806519, "correct_examples": [[22, "likely republican voter"], [23, "likely republican voter"], [26, "likely republican voter"], [27, "likely republican voter"], [28, "likely republican voter"], [29, "likely republican voter"], [31, "likely democratic voter"], [34, "likely republican voter"], [36, "likely republican voter"], [37, "likely republican voter"], [39, "likely republican voter"], [40, "likely republican voter"], [41, "likely republican voter"], [44, "likely republican voter"], [46, "likely republican voter"], [47, "likely third-party/abstain voter"], [49, "likely republican voter"], [51, "likely republican voter"], [54, "likely democratic voter"], [58, "likely republican voter"], [59, "likely democratic voter"], [61, "likely democratic voter"], [62, "likely republican voter"], [67, "likely third-party/abstain voter"], [68, "likely republican voter"], [72, "likely democratic voter"], [73, "likely republican voter"], [74, "likely republican voter"], [76, "likely democratic voter"], [78, "likely republican voter"], [80, "likely democratic voter"], [82, "likely democratic voter"], [88, "likely republican voter"], [90, "likely republican voter"], [91, "likely republican voter"], [92, "likely republican voter"], [93, "likely republican voter"], [95, "likely republican voter"], [100, "likely democratic voter"], [101, "likely republican voter"], [103, "likely republican voter"], [105, "likely democratic voter"], [106, "likely democratic voter"], [107, "likely republican voter"], [113, "likely republican voter"], [117, "likely republican voter"], [118, "likely republican voter"], [119, "likely republican voter"], [120, "likely republican voter"], [121, "likely republican voter"], [127, "likely republican voter"], [132, "likely republican voter"], [133, "likely republican voter"], [134, "likely democratic voter"], [135, "likely republican voter"], [140, "likely democratic voter"], [141, "likely democratic voter"], [142, "likely republican voter"], [145, "likely republican voter"], [146, "likely republican voter"], [147, "likely democratic voter"], [148, "likely republican voter"], [151, "likely republican voter"], [154, "likely republican voter"], [157, "likely republican voter"], [159, "likely third-party/abstain voter"], [160, "likely republican voter"], [162, "likely republican voter"], [165, "likely republican voter"], [166, "likely republican voter"], [167, "likely republican voter"]]}, "**Advocacy for third-party alternatives is more likely to be associated with Democratic voters**: Tweets that express support for third-party candidates or alternatives to the two-party system are more likely to come from individuals who prefer Democratic candidates.": {"hypothesis": "**Advocacy for third-party alternatives is more likely to be associated with Democratic voters**: Tweets that express support for third-party candidates or alternatives to the two-party system are more likely to come from individuals who prefer Democratic candidates.", "acc": 0.3684210526315789, "num_visits": 114, "reward": 0.47454699607013806, "correct_examples": [[54, "likely democratic voter"], [55, "likely democratic voter"], [59, "likely democratic voter"], [60, "likely democratic voter"], [62, "likely republican voter"], [70, "likely republican voter"], [72, "likely democratic voter"], [76, "likely democratic voter"], [80, "likely democratic voter"], [82, "likely democratic voter"], [85, "likely democratic voter"], [89, "likely democratic voter"], [90, "likely republican voter"], [97, "likely democratic voter"], [98, "likely democratic voter"], [100, "likely democratic voter"], [104, "likely democratic voter"], [105, "likely democratic voter"], [106, "likely democratic voter"], [108, "likely democratic voter"], [109, "likely democratic voter"], [112, "likely democratic voter"], [115, "likely third-party/abstain voter"], [117, "likely republican voter"], [121, "likely republican voter"], [123, "likely democratic voter"], [125, "likely democratic voter"], [127, "likely republican voter"], [129, "likely democratic voter"], [132, "likely republican voter"], [134, "likely democratic voter"], [137, "likely democratic voter"], [138, "likely democratic voter"], [139, "likely democratic voter"], [140, "likely democratic voter"], [141, "likely democratic voter"], [142, "likely republican voter"], [147, "likely democratic voter"], [152, "likely democratic voter"], [156, "likely democratic voter"], [157, "likely republican voter"], [165, "likely republican voter"]]}, "**Criticism of the two-party system is associated with a Democratic voting preference**: Individuals who express frustration or dissatisfaction with the two-party system in their tweets are more likely to have a Democratic voting preference.": {"hypothesis": "**Criticism of the two-party system is associated with a Democratic voting preference**: Individuals who express frustration or dissatisfaction with the two-party system in their tweets are more likely to have a Democratic voting preference.", "acc": 0.2857142857142857, "num_visits": 42, "reward": 0.460557726517668, "correct_examples": [[129, "likely democratic voter"], [130, "likely democratic voter"], [125, "likely democratic voter"], [139, "likely democratic voter"], [140, "likely democratic voter"], [141, "likely democratic voter"], [143, "likely democratic voter"], [147, "likely democratic voter"], [152, "likely democratic voter"], [156, "likely democratic voter"], [159, "likely third-party/abstain voter"], [165, "likely republican voter"]]}, "**Criticism of the two-party system is associated with a Democratic voting preference**: Tweets that express frustration with the two-party system and advocate for third-party alternatives are more likely to come from individuals with a Democratic voting preference. In contrast, tweets that do not criticize the two-party system or instead express support for one of the major parties are more likely to come from individuals with a Republican voting preference.": {"hypothesis": "**Criticism of the two-party system is associated with a Democratic voting preference**: Tweets that express frustration with the two-party system and advocate for third-party alternatives are more likely to come from individuals with a Democratic voting preference. In contrast, tweets that do not criticize the two-party system or instead express support for one of the major parties are more likely to come from individuals with a Republican voting preference.", "acc": 0.340909090909091, "num_visits": 88, "reward": 0.46169955604973356, "correct_examples": [[69, "likely republican voter"], [72, "likely democratic voter"], [82, "likely democratic voter"], [85, "likely democratic voter"], [86, "likely republican voter"], [90, "likely republican voter"], [104, "likely democratic voter"], [105, "likely democratic voter"], [108, "likely democratic voter"], [109, "likely democratic voter"], [112, "likely democratic voter"], [117, "likely republican voter"], [121, "likely republican voter"], [129, "likely democratic voter"], [130, "likely democratic voter"], [131, "likely republican voter"], [132, "likely republican voter"], [134, "likely democratic voter"], [137, "likely democratic voter"], [140, "likely democratic voter"], [141, "likely democratic voter"], [142, "likely republican voter"], [143, "likely democratic voter"], [147, "likely democratic voter"], [151, "likely republican voter"], [152, "likely democratic voter"], [156, "likely democratic voter"], [157, "likely republican voter"], [159, "likely third-party/abstain voter"], [165, "likely republican voter"]]}, "**Lack of explicit party endorsement is associated with a Republican voting preference**: Tweets that do not explicitly endorse a Democratic candidate or party are more likely to come from individuals with a Republican voting preference. This suggests that the absence of explicit Democratic endorsement may be a subtle indicator of a Republican voting preference.\n\nThese hypotheses are designed to be clear, generalizable, empirically plausible, and usable for predicting voting preferences based on tweets.": {"hypothesis": "**Lack of explicit party endorsement is associated with a Republican voting preference**: Tweets that do not explicitly endorse a Democratic candidate or party are more likely to come from individuals with a Republican voting preference. This suggests that the absence of explicit Democratic endorsement may be a subtle indicator of a Republican voting preference.\n\nThese hypotheses are designed to be clear, generalizable, empirically plausible, and usable for predicting voting preferences based on tweets.", "acc": 0.09090909090909091, "num_visits": 11, "reward": 0.43255611892359347, "correct_examples": [[168, "likely republican voter"]]}, "**Criticism of the two-party system is associated with a Democratic voting preference**: Individuals who express frustration with the two-party system and advocate for third-party alternatives are more likely to vote Democratic.": {"hypothesis": "**Criticism of the two-party system is associated with a Democratic voting preference**: Individuals who express frustration with the two-party system and advocate for third-party alternatives are more likely to vote Democratic.", "acc": 0.3515625000000001, "num_visits": 128, "reward": 0.45171666278100386, "correct_examples": [[32, "likely democratic voter"], [35, "likely democratic voter"], [41, "likely republican voter"], [42, "likely democratic voter"], [43, "likely democratic voter"], [49, "likely republican voter"], [52, "likely democratic voter"], [54, "likely democratic voter"], [55, "likely democratic voter"], [56, "likely republican voter"], [58, "likely republican voter"], [59, "likely democratic voter"], [60, "likely democratic voter"], [61, "likely democratic voter"], [72, "likely democratic voter"], [76, "likely democratic voter"], [80, "likely democratic voter"], [82, "likely democratic voter"], [85, "likely democratic voter"], [90, "likely republican voter"], [105, "likely democratic voter"], [106, "likely democratic voter"], [108, "likely democratic voter"], [109, "likely democratic voter"], [112, "likely democratic voter"], [117, "likely republican voter"], [121, "likely republican voter"], [123, "likely democratic voter"], [125, "likely democratic voter"], [129, "likely democratic voter"], [131, "likely republican voter"], [132, "likely republican voter"], [134, "likely democratic voter"], [137, "likely democratic voter"], [138, "likely democratic voter"], [139, "likely democratic voter"], [140, "likely democratic voter"], [141, "likely democratic voter"], [142, "likely republican voter"], [143, "likely democratic voter"], [147, "likely democratic voter"], [152, "likely democratic voter"], [156, "likely democratic voter"], [157, "likely republican voter"], [165, "likely republican voter"]]}, "**Language used to describe opponents**: Tweets that use strong language to describe opponents (e.g., \"I can't stand the advocacy for libertarian policies\") are more likely to be from a Republican voter, while tweets that use more measured language to describe opponents (e.g., \"I disagree with the other side\") are more likely to be from a Democratic voter.": {"hypothesis": "**Language used to describe opponents**: Tweets that use strong language to describe opponents (e.g., \"I can't stand the advocacy for libertarian policies\") are more likely to be from a Republican voter, while tweets that use more measured language to describe opponents (e.g., \"I disagree with the other side\") are more likely to be from a Democratic voter.", "acc": 0.3406593406593407, "num_visits": 91, "reward": 0.4594420682148347, "correct_examples": [[78, "likely republican voter"], [79, "likely republican voter"], [81, "likely republican voter"], [83, "likely republican voter"], [84, "likely republican voter"], [87, "likely republican voter"], [88, "likely republican voter"], [89, "likely democratic voter"], [90, "likely republican voter"], [93, "likely republican voter"], [95, "likely republican voter"], [99, "likely republican voter"], [100, "likely democratic voter"], [105, "likely democratic voter"], [106, "likely democratic voter"], [114, "likely republican voter"], [115, "likely third-party/abstain voter"], [119, "likely republican voter"], [121, "likely republican voter"], [127, "likely republican voter"], [132, "likely republican voter"], [134, "likely democratic voter"], [140, "likely democratic voter"], [141, "likely democratic voter"], [144, "likely republican voter"], [146, "likely republican voter"], [147, "likely democratic voter"], [150, "likely republican voter"], [159, "likely third-party/abstain voter"], [165, "likely republican voter"], [169, "likely republican voter"]]}, "**Tone of frustration vs. enthusiasm is a predictor of voting preference**: Tweets with a tone of frustration and disillusionment with the current state of politics are more likely to be associated with Republican voting preference, whereas tweets with a tone of enthusiasm and optimism are more likely to be associated with Democratic voting preference.": {"hypothesis": "**Tone of frustration vs. enthusiasm is a predictor of voting preference**: Tweets with a tone of frustration and disillusionment with the current state of politics are more likely to be associated with Republican voting preference, whereas tweets with a tone of enthusiasm and optimism are more likely to be associated with Democratic voting preference.", "acc": 0.34615384615384615, "num_visits": 130, "reward": 0.4455346061422156, "correct_examples": [[22, "likely republican voter"], [27, "likely republican voter"], [31, "likely democratic voter"], [36, "likely republican voter"], [38, "likely republican voter"], [39, "likely republican voter"], [40, "likely republican voter"], [47, "likely third-party/abstain voter"], [48, "likely democratic voter"], [49, "likely republican voter"], [50, "likely republican voter"], [53, "likely third-party/abstain voter"], [58, "likely republican voter"], [59, "likely democratic voter"], [61, "likely democratic voter"], [62, "likely republican voter"], [63, "likely republican voter"], [75, "likely republican voter"], [76, "likely democratic voter"], [82, "likely democratic voter"], [98, "likely democratic voter"], [99, "likely republican voter"], [100, "likely democratic voter"], [102, "likely republican voter"], [105, "likely democratic voter"], [106, "likely democratic voter"], [117, "likely republican voter"], [118, "likely republican voter"], [121, "likely republican voter"], [127, "likely republican voter"], [128, "likely republican voter"], [132, "likely republican voter"], [134, "likely democratic voter"], [135, "likely republican voter"], [136, "likely republican voter"], [140, "likely democratic voter"], [141, "likely democratic voter"], [142, "likely republican voter"], [151, "likely republican voter"], [157, "likely republican voter"], [159, "likely third-party/abstain voter"], [160, "likely republican voter"], [165, "likely republican voter"], [166, "likely republican voter"], [168, "likely republican voter"]]}, "**Criticism of the two-party system is associated with a Democratic voting preference**: Tweets that express frustration with the current two-party system or advocate for third-party alternatives are more likely to come from individuals with a Democratic voting preference.": {"hypothesis": "**Criticism of the two-party system is associated with a Democratic voting preference**: Tweets that express frustration with the current two-party system or advocate for third-party alternatives are more likely to come from individuals with a Democratic voting preference.", "acc": 0.3445378151260504, "num_visits": 119, "reward": 0.448350618481873, "correct_examples": [[11, "likely republican voter"], [15, "likely democratic voter"], [17, "likely democratic voter"], [18, "likely democratic voter"], [19, "likely democratic voter"], [21, "likely democratic voter"], [24, "likely democratic voter"], [29, "likely republican voter"], [31, "likely democratic voter"], [32, "likely democratic voter"], [36, "likely republican voter"], [39, "likely republican voter"], [40, "likely republican voter"], [41, "likely republican voter"], [42, "likely democratic voter"], [43, "likely democratic voter"], [52, "likely democratic voter"], [54, "likely democratic voter"], [55, "likely democratic voter"], [59, "likely democratic voter"], [60, "likely democratic voter"], [61, "likely democratic voter"], [76, "likely democratic voter"], [100, "likely democratic voter"], [117, "likely republican voter"], [130, "likely democratic voter"], [131, "likely republican voter"], [132, "likely republican voter"], [134, "likely democratic voter"], [137, "likely democratic voter"], [138, "likely democratic voter"], [139, "likely democratic voter"], [140, "likely democratic voter"], [141, "likely democratic voter"], [142, "likely republican voter"], [143, "likely democratic voter"], [146, "likely republican voter"], [147, "likely democratic voter"], [152, "likely democratic voter"], [156, "likely democratic voter"], [165, "likely republican voter"]]}, "**Tweets that use language that is more absolute or extreme (e.g. \"can't stand\", \"strongly support\") are more likely to be associated with a republican voter, while tweets that use more moderate language are more likely to be associated with a democratic voter.**\n\nThis hypothesis is based on the observation that republican voters tend to use more absolute or extreme language, while democratic voters tend to use more moderate language.": {"hypothesis": "**Tweets that use language that is more absolute or extreme (e.g. \"can't stand\", \"strongly support\") are more likely to be associated with a republican voter, while tweets that use more moderate language are more likely to be associated with a democratic voter.**\n\nThis hypothesis is based on the observation that republican voters tend to use more absolute or extreme language, while democratic voters tend to use more moderate language.", "acc": 0.33913043478260874, "num_visits": 115, "reward": 0.4447332459577552, "correct_examples": [[45, "likely third-party/abstain voter"], [47, "likely third-party/abstain voter"], [49, "likely republican voter"], [51, "likely republican voter"], [56, "likely republican voter"], [58, "likely republican voter"], [64, "likely republican voter"], [65, "likely republican voter"], [67, "likely third-party/abstain voter"], [69, "likely republican voter"], [88, "likely republican voter"], [90, "likely republican voter"], [93, "likely republican voter"], [94, "likely republican voter"], [95, "likely republican voter"], [96, "likely republican voter"], [104, "likely democratic voter"], [105, "likely democratic voter"], [109, "likely democratic voter"], [111, "likely republican voter"], [112, "likely democratic voter"], [115, "likely third-party/abstain voter"], [116, "likely republican voter"], [117, "likely republican voter"], [121, "likely republican voter"], [130, "likely democratic voter"], [131, "likely republican voter"], [132, "likely republican voter"], [142, "likely republican voter"], [144, "likely republican voter"], [146, "likely republican voter"], [147, "likely democratic voter"], [149, "likely republican voter"], [150, "likely republican voter"], [152, "likely democratic voter"], [153, "likely republican voter"], [158, "likely republican voter"], [159, "likely third-party/abstain voter"], [165, "likely republican voter"]]}, "**Tone towards mainstream parties**: Tweets that express frustration or criticism towards mainstream parties (e.g., \"I'm not a fan of either major party\") are more likely to be from a Democratic voter, while tweets that express support for mainstream parties (e.g., \"I'm a strong supporter of those who champion conservative values\") are more likely to be from a Republican voter.": {"hypothesis": "**Tone towards mainstream parties**: Tweets that express frustration or criticism towards mainstream parties (e.g., \"I'm not a fan of either major party\") are more likely to be from a Democratic voter, while tweets that express support for mainstream parties (e.g., \"I'm a strong supporter of those who champion conservative values\") are more likely to be from a Republican voter.", "acc": 0.2708333333333333, "num_visits": 48, "reward": 0.43005563682582826, "correct_examples": [[78, "likely republican voter"], [79, "likely republican voter"], [80, "likely democratic voter"], [90, "likely republican voter"], [97, "likely democratic voter"], [99, "likely republican voter"], [100, "likely democratic voter"], [104, "likely democratic voter"], [105, "likely democratic voter"], [109, "likely democratic voter"], [112, "likely democratic voter"], [117, "likely republican voter"], [121, "likely republican voter"]]}, "**Frustration with the two-party system is more likely to be associated with third-party or undecided voters**. This hypothesis is based on the observation that tweets from likely third-party or undecided voters often express frustration with the two-party system, while tweets from likely Democratic or Republican voters do not exhibit this pattern.": {"hypothesis": "**Frustration with the two-party system is more likely to be associated with third-party or undecided voters**. This hypothesis is based on the observation that tweets from likely third-party or undecided voters often express frustration with the two-party system, while tweets from likely Democratic or Republican voters do not exhibit this pattern.", "acc": 0.09090909090909091, "num_visits": 11, "reward": 0.4298997654036554, "correct_examples": [[150, "likely republican voter"]]}, "**Advocacy for universal healthcare is not a reliable indicator of voting preference**. This hypothesis is based on the observation that tweets from both likely Democratic and Republican voters mention support for universal healthcare, suggesting that this issue is not a strong predictor of voting preference.": {"hypothesis": "**Advocacy for universal healthcare is not a reliable indicator of voting preference**. This hypothesis is based on the observation that tweets from both likely Democratic and Republican voters mention support for universal healthcare, suggesting that this issue is not a strong predictor of voting preference.", "acc": 0.09090909090909091, "num_visits": 11, "reward": 0.429685499046105, "correct_examples": [[146, "likely republican voter"]]}, "**Criticism of both major parties is more likely to be associated with a third-party/abstain voter, while criticism of one major party is more likely to be associated with a voter from the opposing major party.**\n\nThis hypothesis is based on the observation that tweets from third-party/abstain voters often express dissatisfaction with both major parties, while tweets from major party voters tend to criticize the opposing party.": {"hypothesis": "**Criticism of both major parties is more likely to be associated with a third-party/abstain voter, while criticism of one major party is more likely to be associated with a voter from the opposing major party.**\n\nThis hypothesis is based on the observation that tweets from third-party/abstain voters often express dissatisfaction with both major parties, while tweets from major party voters tend to criticize the opposing party.", "acc": 0.27450980392156865, "num_visits": 51, "reward": 0.42909966805930344, "correct_examples": [[45, "likely third-party/abstain voter"], [47, "likely third-party/abstain voter"], [48, "likely democratic voter"], [53, "likely third-party/abstain voter"], [54, "likely democratic voter"], [58, "likely republican voter"], [59, "likely democratic voter"], [61, "likely democratic voter"], [70, "likely republican voter"], [76, "likely democratic voter"], [80, "likely democratic voter"], [82, "likely democratic voter"], [105, "likely democratic voter"], [106, "likely democratic voter"]]}, "**Tweets that express frustration with the current state of politics are more likely to be associated with a third-party/abstain voter, while tweets that express excitement or enthusiasm for a particular candidate or party are more likely to be associated with a major party voter.**\n\nThis hypothesis is based on the observation that third-party/abstain voters often express frustration with the current state of politics, while major party voters tend to express enthusiasm for their preferred candidate or party.": {"hypothesis": "**Tweets that express frustration with the current state of politics are more likely to be associated with a third-party/abstain voter, while tweets that express excitement or enthusiasm for a particular candidate or party are more likely to be associated with a major party voter.**\n\nThis hypothesis is based on the observation that third-party/abstain voters often express frustration with the current state of politics, while major party voters tend to express enthusiasm for their preferred candidate or party.", "acc": 0.2878787878787878, "num_visits": 66, "reward": 0.4272754683493921, "correct_examples": [[45, "likely third-party/abstain voter"], [47, "likely third-party/abstain voter"], [48, "likely democratic voter"], [49, "likely republican voter"], [53, "likely third-party/abstain voter"], [56, "likely republican voter"], [58, "likely republican voter"], [59, "likely democratic voter"], [61, "likely democratic voter"], [67, "likely third-party/abstain voter"], [70, "likely republican voter"], [76, "likely democratic voter"], [78, "likely republican voter"], [80, "likely democratic voter"], [82, "likely democratic voter"], [90, "likely republican voter"], [132, "likely republican voter"], [134, "likely democratic voter"], [165, "likely republican voter"]]}, "**Criticism of mainstream parties is associated with Democratic voting preference**: People who express criticism of mainstream political parties in their tweets are more likely to have a Democratic voting preference, while those who do not criticize mainstream parties or express support for them are more likely to have a Republican voting preference.": {"hypothesis": "**Criticism of mainstream parties is associated with Democratic voting preference**: People who express criticism of mainstream political parties in their tweets are more likely to have a Democratic voting preference, while those who do not criticize mainstream parties or express support for them are more likely to have a Republican voting preference.", "acc": 0.2653061224489796, "num_visits": 49, "reward": 0.42670854564571625, "correct_examples": [[104, "likely democratic voter"], [109, "likely democratic voter"], [112, "likely democratic voter"], [117, "likely republican voter"], [121, "likely republican voter"], [140, "likely democratic voter"], [141, "likely democratic voter"], [142, "likely republican voter"], [143, "likely democratic voter"], [147, "likely democratic voter"], [151, "likely republican voter"], [152, "likely democratic voter"], [159, "likely third-party/abstain voter"]]}, "**Support for third-party candidates is not a strong indicator of voting preference**: Despite the intuition that supporting third-party candidates might be associated with a specific voting preference, the data suggests that this is not a reliable indicator, and individuals who support third-party candidates may have either Democratic or Republican voting preferences.": {"hypothesis": "**Support for third-party candidates is not a strong indicator of voting preference**: Despite the intuition that supporting third-party candidates might be associated with a specific voting preference, the data suggests that this is not a reliable indicator, and individuals who support third-party candidates may have either Democratic or Republican voting preferences.", "acc": 0.09090909090909091, "num_visits": 11, "reward": 0.42579285409249656, "correct_examples": [[125, "likely democratic voter"]]}, "**Support for universal healthcare is not a strong indicator of voting preference, but the context and framing of the support might be**: While support for universal healthcare is mentioned in both Democratic and Republican tweets, the context and framing of the support might be more telling. For example, support for universal healthcare framed as a conservative value might be more likely to come from Republican voters, while support for universal healthcare framed as a progressive value might be more likely to come from Democratic voters.": {"hypothesis": "**Support for universal healthcare is not a strong indicator of voting preference, but the context and framing of the support might be**: While support for universal healthcare is mentioned in both Democratic and Republican tweets, the context and framing of the support might be more telling. For example, support for universal healthcare framed as a conservative value might be more likely to come from Republican voters, while support for universal healthcare framed as a progressive value might be more likely to come from Democratic voters.", "acc": 0.22580645161290322, "num_visits": 31, "reward": 0.42543599607224114, "correct_examples": [[54, "likely democratic voter"], [56, "likely republican voter"], [59, "likely democratic voter"], [67, "likely third-party/abstain voter"], [70, "likely republican voter"], [132, "likely republican voter"], [134, "likely democratic voter"]]}}