{"**Criticism of the two-party system is associated with a third-party/abstain voting preference**: Tweets that express frustration with the two-party system are more likely to come from individuals who prefer third-party or abstain voting options.": {"hypothesis": "**Criticism of the two-party system is associated with a third-party/abstain voting preference**: Tweets that express frustration with the two-party system are more likely to come from individuals who prefer third-party or abstain voting options.", "acc": 0.2, "num_visits": 10, "reward": 0.4399262956094041, "correct_examples": [[0, "likely third-party/abstain voter"], [2, "likely republican voter"]]}, "**Mention of conservative values is associated with a republican voting preference**: Tweets that explicitly mention conservative values or championing conservative values are more likely to come from individuals who prefer republican voting options.": {"hypothesis": "**Mention of conservative values is associated with a republican voting preference**: Tweets that explicitly mention conservative values or championing conservative values are more likely to come from individuals who prefer republican voting options.", "acc": 0.4, "num_visits": 10, "reward": 0.6399262956094041, "correct_examples": [[0, "likely third-party/abstain voter"], [2, "likely republican voter"], [8, "likely republican voter"], [9, "likely republican voter"]]}, "**Mention of bipartisan support is associated with a democratic voting preference**: Tweets that express support for bipartisan efforts or celebrate bipartisan achievements are more likely to come from individuals who prefer democratic voting options.": {"hypothesis": "**Mention of bipartisan support is associated with a democratic voting preference**: Tweets that express support for bipartisan efforts or celebrate bipartisan achievements are more likely to come from individuals who prefer democratic voting options.", "acc": 0.3, "num_visits": 10, "reward": 0.5399262956094041, "correct_examples": [[0, "likely third-party/abstain voter"], [2, "likely republican voter"], [9, "likely republican voter"]]}, "**Mention of Second Amendment rights is associated with a republican voting preference**: Tweets that mention or defend Second Amendment rights are more likely to come from individuals who prefer republican voting options.": {"hypothesis": "**Mention of Second Amendment rights is associated with a republican voting preference**: Tweets that mention or defend Second Amendment rights are more likely to come from individuals who prefer republican voting options.", "acc": 0.2, "num_visits": 10, "reward": 0.4399262956094041, "correct_examples": [[0, "likely third-party/abstain voter"], [2, "likely republican voter"]]}, "**Expression of excitement about climate change policies is associated with a democratic voting preference**: Tweets that express excitement or support for climate change policies are more likely to come from individuals who prefer democratic voting options.": {"hypothesis": "**Expression of excitement about climate change policies is associated with a democratic voting preference**: Tweets that express excitement or support for climate change policies are more likely to come from individuals who prefer democratic voting options.", "acc": 0.2, "num_visits": 10, "reward": 0.4399262956094041, "correct_examples": [[0, "likely third-party/abstain voter"], [8, "likely republican voter"]]}, "**Expression of frustration with government actions is associated with a non-republican voting preference**: Tweets that express frustration with government actions, such as government shutdowns, are more likely to come from individuals who prefer non-republican voting options.": {"hypothesis": "**Expression of frustration with government actions is associated with a non-republican voting preference**: Tweets that express frustration with government actions, such as government shutdowns, are more likely to come from individuals who prefer non-republican voting options.", "acc": 0.3, "num_visits": 10, "reward": 0.5399262956094041, "correct_examples": [[0, "likely third-party/abstain voter"], [2, "likely republican voter"], [8, "likely republican voter"]]}, "**Uncertainty about voting is associated with a democratic voting preference**: Tweets that express uncertainty or indecision about voting are more likely to come from individuals who prefer democratic voting options.": {"hypothesis": "**Uncertainty about voting is associated with a democratic voting preference**: Tweets that express uncertainty or indecision about voting are more likely to come from individuals who prefer democratic voting options.", "acc": 0.4, "num_visits": 10, "reward": 0.6399262956094041, "correct_examples": [[0, "likely third-party/abstain voter"], [2, "likely republican voter"], [4, "likely democratic voter"], [8, "likely republican voter"]]}, "**Support for third-party debate presence is associated with a third-party/abstain voting preference**: Tweets that express support for third-party debate presence or frustration with the lack of third-party representation are more likely to come from individuals who prefer third-party or abstain voting options.": {"hypothesis": "**Support for third-party debate presence is associated with a third-party/abstain voting preference**: Tweets that express support for third-party debate presence or frustration with the lack of third-party representation are more likely to come from individuals who prefer third-party or abstain voting options.", "acc": 0.4, "num_visits": 10, "reward": 0.6399262956094041, "correct_examples": [[0, "likely third-party/abstain voter"], [2, "likely republican voter"], [8, "likely republican voter"], [9, "likely republican voter"]]}, "**Tone of frustration with the current state of politics is associated with a non-republican voting preference**: Tweets that express frustration with the current state of politics are more likely to come from individuals who prefer non-republican voting options.\n\nThese hypotheses are designed to be clear, generalizable, empirically plausible, and usable for predicting voting preferences based on tweets.": {"hypothesis": "**Tone of frustration with the current state of politics is associated with a non-republican voting preference**: Tweets that express frustration with the current state of politics are more likely to come from individuals who prefer non-republican voting options.\n\nThese hypotheses are designed to be clear, generalizable, empirically plausible, and usable for predicting voting preferences based on tweets.", "acc": 0.3, "num_visits": 10, "reward": 0.5399262956094041, "correct_examples": [[0, "likely third-party/abstain voter"], [2, "likely republican voter"], [8, "likely republican voter"]]}, "**Criticism of universal healthcare is associated with a republican voting preference**: Tweets that criticize or express frustration with universal healthcare are more likely to come from individuals who prefer republican voting options.": {"hypothesis": "**Criticism of universal healthcare is associated with a republican voting preference**: Tweets that criticize or express frustration with universal healthcare are more likely to come from individuals who prefer republican voting options.", "acc": 0.3, "num_visits": 10, "reward": 0.5399262956094041, "correct_examples": [[0, "likely third-party/abstain voter"], [2, "likely republican voter"], [8, "likely republican voter"]]}}