{"**Language used to describe opponents**: Tweets that use strong language to describe opponents (e.g., \"I can't stand the advocacy for libertarian policies\") are more likely to be from a Republican voter, while tweets that use more measured language to describe opponents (e.g., \"I disagree with the other side\") are more likely to be from a Democratic voter.": {"hypothesis": "**Language used to describe opponents**: Tweets that use strong language to describe opponents (e.g., \"I can't stand the advocacy for libertarian policies\") are more likely to be from a Republican voter, while tweets that use more measured language to describe opponents (e.g., \"I disagree with the other side\") are more likely to be from a Democratic voter.", "acc": 0.4838709677419356, "num_visits": 31, "reward": 0.678568424644003, "correct_examples": [[78, "likely republican voter"], [79, "likely republican voter"], [81, "likely republican voter"], [83, "likely republican voter"], [84, "likely republican voter"], [87, "likely republican voter"], [88, "likely republican voter"], [89, "likely democratic voter"], [90, "likely republican voter"], [93, "likely republican voter"], [95, "likely republican voter"], [99, "likely republican voter"], [100, "likely democratic voter"], [105, "likely democratic voter"], [106, "likely democratic voter"]]}, "**Criticism of the two-party system is more likely to be associated with Republican voting preference**: Individuals who express frustration with the two-party system and advocate for third-party alternatives are more likely to lean towards Republican voting preference.": {"hypothesis": "**Criticism of the two-party system is more likely to be associated with Republican voting preference**: Individuals who express frustration with the two-party system and advocate for third-party alternatives are more likely to lean towards Republican voting preference.", "acc": 0.4888888888888889, "num_visits": 90, "reward": 0.6031556377924038, "correct_examples": [[22, "likely republican voter"], [23, "likely republican voter"], [26, "likely republican voter"], [27, "likely republican voter"], [28, "likely republican voter"], [29, "likely republican voter"], [31, "likely democratic voter"], [34, "likely republican voter"], [36, "likely republican voter"], [37, "likely republican voter"], [39, "likely republican voter"], [40, "likely republican voter"], [41, "likely republican voter"], [44, "likely republican voter"], [46, "likely republican voter"], [47, "likely third-party/abstain voter"], [49, "likely republican voter"], [51, "likely republican voter"], [54, "likely democratic voter"], [58, "likely republican voter"], [59, "likely democratic voter"], [61, "likely democratic voter"], [62, "likely republican voter"], [67, "likely third-party/abstain voter"], [68, "likely republican voter"], [72, "likely democratic voter"], [73, "likely republican voter"], [74, "likely republican voter"], [76, "likely democratic voter"], [78, "likely republican voter"], [80, "likely democratic voter"], [82, "likely democratic voter"], [88, "likely republican voter"], [90, "likely republican voter"], [91, "likely republican voter"], [92, "likely republican voter"], [93, "likely republican voter"], [95, "likely republican voter"], [100, "likely democratic voter"], [101, "likely republican voter"], [103, "likely republican voter"], [105, "likely democratic voter"], [106, "likely democratic voter"], [107, "likely republican voter"]]}, "**Mention of recent events**: Tweets that mention recent events such as government shutdowns or the passage of bipartisan bills are more likely to be from a Democratic voter if they express a negative view of the event (e.g., \"I'm frustrated with the lack of condemnation of the government shutdown\"), and more likely to be from a Republican voter if they express a positive view of the event (e.g., \"I'm excited after celebrating the passage of the bipartisan infrastructure bill\").": {"hypothesis": "**Mention of recent events**: Tweets that mention recent events such as government shutdowns or the passage of bipartisan bills are more likely to be from a Democratic voter if they express a negative view of the event (e.g., \"I'm frustrated with the lack of condemnation of the government shutdown\"), and more likely to be from a Republican voter if they express a positive view of the event (e.g., \"I'm excited after celebrating the passage of the bipartisan infrastructure bill\").", "acc": 0.2903225806451613, "num_visits": 31, "reward": 0.4850200375472287, "correct_examples": [[78, "likely republican voter"], [79, "likely republican voter"], [80, "likely democratic voter"], [87, "likely republican voter"], [90, "likely republican voter"], [99, "likely republican voter"], [100, "likely democratic voter"], [105, "likely democratic voter"], [106, "likely democratic voter"]]}, "**Tone towards mainstream parties**: Tweets that express frustration or criticism towards mainstream parties (e.g., \"I'm not a fan of either major party\") are more likely to be from a Democratic voter, while tweets that express support for mainstream parties (e.g., \"I'm a strong supporter of those who champion conservative values\") are more likely to be from a Republican voter.": {"hypothesis": "**Tone towards mainstream parties**: Tweets that express frustration or criticism towards mainstream parties (e.g., \"I'm not a fan of either major party\") are more likely to be from a Democratic voter, while tweets that express support for mainstream parties (e.g., \"I'm a strong supporter of those who champion conservative values\") are more likely to be from a Republican voter.", "acc": 0.3225806451612903, "num_visits": 31, "reward": 0.5172781020633577, "correct_examples": [[78, "likely republican voter"], [79, "likely republican voter"], [80, "likely democratic voter"], [90, "likely republican voter"], [97, "likely democratic voter"], [99, "likely republican voter"], [100, "likely democratic voter"], [104, "likely democratic voter"], [105, "likely democratic voter"], [109, "likely democratic voter"]]}, "**Tweets that use language that is more absolute or extreme (e.g. \"can't stand\", \"strongly support\") are more likely to be associated with a republican voter, while tweets that use more moderate language are more likely to be associated with a democratic voter.**\n\nThis hypothesis is based on the observation that republican voters tend to use more absolute or extreme language, while democratic voters tend to use more moderate language.": {"hypothesis": "**Tweets that use language that is more absolute or extreme (e.g. \"can't stand\", \"strongly support\") are more likely to be associated with a republican voter, while tweets that use more moderate language are more likely to be associated with a democratic voter.**\n\nThis hypothesis is based on the observation that republican voters tend to use more absolute or extreme language, while democratic voters tend to use more moderate language.", "acc": 0.33928571428571436, "num_visits": 56, "reward": 0.4841452578004154, "correct_examples": [[45, "likely third-party/abstain voter"], [47, "likely third-party/abstain voter"], [49, "likely republican voter"], [51, "likely republican voter"], [56, "likely republican voter"], [58, "likely republican voter"], [64, "likely republican voter"], [65, "likely republican voter"], [67, "likely third-party/abstain voter"], [69, "likely republican voter"], [88, "likely republican voter"], [90, "likely republican voter"], [93, "likely republican voter"], [94, "likely republican voter"], [95, "likely republican voter"], [96, "likely republican voter"], [104, "likely democratic voter"], [105, "likely democratic voter"], [109, "likely democratic voter"]]}, "**Advocacy for third-party alternatives is more likely to be associated with Democratic voters**: Tweets that express support for third-party candidates or alternatives to the two-party system are more likely to come from individuals who prefer Democratic candidates.": {"hypothesis": "**Advocacy for third-party alternatives is more likely to be associated with Democratic voters**: Tweets that express support for third-party candidates or alternatives to the two-party system are more likely to come from individuals who prefer Democratic candidates.", "acc": 0.38888888888888884, "num_visits": 54, "reward": 0.5364066273984148, "correct_examples": [[54, "likely democratic voter"], [55, "likely democratic voter"], [59, "likely democratic voter"], [60, "likely democratic voter"], [62, "likely republican voter"], [70, "likely republican voter"], [72, "likely democratic voter"], [76, "likely democratic voter"], [80, "likely democratic voter"], [82, "likely democratic voter"], [85, "likely democratic voter"], [89, "likely democratic voter"], [90, "likely republican voter"], [97, "likely democratic voter"], [98, "likely democratic voter"], [100, "likely democratic voter"], [104, "likely democratic voter"], [105, "likely democratic voter"], [106, "likely democratic voter"], [108, "likely democratic voter"], [109, "likely democratic voter"]]}, "**Tone of frustration vs. enthusiasm is a predictor of voting preference**: Tweets with a tone of frustration and disillusionment with the current state of politics are more likely to be associated with Republican voting preference, whereas tweets with a tone of enthusiasm and optimism are more likely to be associated with Democratic voting preference.": {"hypothesis": "**Tone of frustration vs. enthusiasm is a predictor of voting preference**: Tweets with a tone of frustration and disillusionment with the current state of politics are more likely to be associated with Republican voting preference, whereas tweets with a tone of enthusiasm and optimism are more likely to be associated with Democratic voting preference.", "acc": 0.3561643835616439, "num_visits": 73, "reward": 0.48304044710118277, "correct_examples": [[22, "likely republican voter"], [27, "likely republican voter"], [31, "likely democratic voter"], [36, "likely republican voter"], [38, "likely republican voter"], [39, "likely republican voter"], [40, "likely republican voter"], [47, "likely third-party/abstain voter"], [48, "likely democratic voter"], [49, "likely republican voter"], [50, "likely republican voter"], [53, "likely third-party/abstain voter"], [58, "likely republican voter"], [59, "likely democratic voter"], [61, "likely democratic voter"], [62, "likely republican voter"], [63, "likely republican voter"], [75, "likely republican voter"], [76, "likely democratic voter"], [82, "likely democratic voter"], [98, "likely democratic voter"], [99, "likely republican voter"], [100, "likely democratic voter"], [102, "likely republican voter"], [105, "likely democratic voter"], [106, "likely democratic voter"]]}, "**Criticism of the two-party system is associated with a Democratic voting preference**: Tweets that express frustration with the current two-party system or advocate for third-party alternatives are more likely to come from individuals with a Democratic voting preference.": {"hypothesis": "**Criticism of the two-party system is associated with a Democratic voting preference**: Tweets that express frustration with the current two-party system or advocate for third-party alternatives are more likely to come from individuals with a Democratic voting preference.", "acc": 0.32432432432432434, "num_visits": 74, "reward": 0.4495860894180533, "correct_examples": [[11, "likely republican voter"], [15, "likely democratic voter"], [17, "likely democratic voter"], [18, "likely democratic voter"], [19, "likely democratic voter"], [21, "likely democratic voter"], [24, "likely democratic voter"], [29, "likely republican voter"], [31, "likely democratic voter"], [32, "likely democratic voter"], [36, "likely republican voter"], [39, "likely republican voter"], [40, "likely republican voter"], [41, "likely republican voter"], [42, "likely democratic voter"], [43, "likely democratic voter"], [52, "likely democratic voter"], [54, "likely democratic voter"], [55, "likely democratic voter"], [59, "likely democratic voter"], [60, "likely democratic voter"], [61, "likely democratic voter"], [76, "likely democratic voter"], [100, "likely democratic voter"]]}, "**Mention of social justice initiatives is more likely to be associated with Democratic voters, while criticism of them is more likely to be associated with Republican voters**: Tweets that mention social justice initiatives in a positive light are more likely to come from Democratic voters, while tweets that criticize or express frustration towards social justice initiatives are more likely to come from Republican voters.": {"hypothesis": "**Mention of social justice initiatives is more likely to be associated with Democratic voters, while criticism of them is more likely to be associated with Republican voters**: Tweets that mention social justice initiatives in a positive light are more likely to come from Democratic voters, while tweets that criticize or express frustration towards social justice initiatives are more likely to come from Republican voters.", "acc": 0.275, "num_visits": 40, "reward": 0.4453744203794501, "correct_examples": [[64, "likely republican voter"], [54, "likely democratic voter"], [56, "likely republican voter"], [59, "likely democratic voter"], [62, "likely republican voter"], [67, "likely third-party/abstain voter"], [70, "likely republican voter"], [76, "likely democratic voter"], [78, "likely republican voter"], [95, "likely republican voter"], [100, "likely democratic voter"]]}, "**Tweets that express frustration with the current state of politics are more likely to be associated with a third-party/abstain voter, while tweets that express excitement or enthusiasm for a particular candidate or party are more likely to be associated with a major party voter.**\n\nThis hypothesis is based on the observation that third-party/abstain voters often express frustration with the current state of politics, while major party voters tend to express enthusiasm for their preferred candidate or party.": {"hypothesis": "**Tweets that express frustration with the current state of politics are more likely to be associated with a third-party/abstain voter, while tweets that express excitement or enthusiasm for a particular candidate or party are more likely to be associated with a major party voter.**\n\nThis hypothesis is based on the observation that third-party/abstain voters often express frustration with the current state of politics, while major party voters tend to express enthusiasm for their preferred candidate or party.", "acc": 0.30188679245283007, "num_visits": 53, "reward": 0.44943148534347466, "correct_examples": [[45, "likely third-party/abstain voter"], [47, "likely third-party/abstain voter"], [48, "likely democratic voter"], [49, "likely republican voter"], [53, "likely third-party/abstain voter"], [56, "likely republican voter"], [58, "likely republican voter"], [59, "likely democratic voter"], [61, "likely democratic voter"], [67, "likely third-party/abstain voter"], [70, "likely republican voter"], [76, "likely democratic voter"], [78, "likely republican voter"], [80, "likely democratic voter"], [82, "likely democratic voter"], [90, "likely republican voter"]]}, "**Mention of specific policy issues is more likely to be associated with a democratic voter, while mention of general values or principles is more likely to be associated with a republican voter.**\n\nThis hypothesis is based on the observation that democratic voters tend to mention specific policy issues like universal healthcare, while republican voters tend to mention general values or principles like conservative values.": {"hypothesis": "**Mention of specific policy issues is more likely to be associated with a democratic voter, while mention of general values or principles is more likely to be associated with a republican voter.**\n\nThis hypothesis is based on the observation that democratic voters tend to mention specific policy issues like universal healthcare, while republican voters tend to mention general values or principles like conservative values.", "acc": 0.2702702702702703, "num_visits": 37, "reward": 0.4470464460009801, "correct_examples": [[45, "likely third-party/abstain voter"], [47, "likely third-party/abstain voter"], [49, "likely republican voter"], [50, "likely republican voter"], [54, "likely democratic voter"], [58, "likely republican voter"], [59, "likely democratic voter"], [61, "likely democratic voter"], [62, "likely republican voter"], [67, "likely third-party/abstain voter"]]}, "**Support for universal healthcare is not a strong indicator of voting preference, but the context and framing of the support might be**: While support for universal healthcare is mentioned in both Democratic and Republican tweets, the context and framing of the support might be more telling. For example, support for universal healthcare framed as a conservative value might be more likely to come from Republican voters, while support for universal healthcare framed as a progressive value might be more likely to come from Democratic voters.": {"hypothesis": "**Support for universal healthcare is not a strong indicator of voting preference, but the context and framing of the support might be**: While support for universal healthcare is mentioned in both Democratic and Republican tweets, the context and framing of the support might be more telling. For example, support for universal healthcare framed as a conservative value might be more likely to come from Republican voters, while support for universal healthcare framed as a progressive value might be more likely to come from Democratic voters.", "acc": 0.21739130434782608, "num_visits": 23, "reward": 0.44184060597849734, "correct_examples": [[54, "likely democratic voter"], [56, "likely republican voter"], [59, "likely democratic voter"], [67, "likely third-party/abstain voter"], [70, "likely republican voter"]]}, "**Mention of specific policy issues**: Tweets that mention specific policy issues such as gun rights, universal healthcare, immigration reform, or climate change initiatives are more likely to be from a Republican voter if they express support for conservative stances on these issues, and more likely to be from a Democratic voter if they express support for liberal stances on these issues.": {"hypothesis": "**Mention of specific policy issues**: Tweets that mention specific policy issues such as gun rights, universal healthcare, immigration reform, or climate change initiatives are more likely to be from a Republican voter if they express support for conservative stances on these issues, and more likely to be from a Democratic voter if they express support for liberal stances on these issues.", "acc": 0.17647058823529413, "num_visits": 17, "reward": 0.43781301908769843, "correct_examples": [[78, "likely republican voter"], [79, "likely republican voter"], [90, "likely republican voter"]]}, "**Frustration with the current state of politics is not a strong indicator of voting preference, but the tone and direction of the frustration might be**: While frustration with the current state of politics is a common theme across both Democratic and Republican voters, the tone and direction of the frustration might be more telling. For example, frustration directed towards conservative values or policies might be more likely to come from Democratic voters.": {"hypothesis": "**Frustration with the current state of politics is not a strong indicator of voting preference, but the tone and direction of the frustration might be**: While frustration with the current state of politics is a common theme across both Democratic and Republican voters, the tone and direction of the frustration might be more telling. For example, frustration directed towards conservative values or policies might be more likely to come from Democratic voters.", "acc": 0.23076923076923078, "num_visits": 26, "reward": 0.44231028766248415, "correct_examples": [[54, "likely democratic voter"], [59, "likely democratic voter"], [62, "likely republican voter"], [67, "likely third-party/abstain voter"], [76, "likely democratic voter"], [78, "likely republican voter"]]}, "**Criticism of the Supreme Court decisions favoring conservatives is more likely to be associated with Democratic voters**: Tweets that express frustration or criticism towards Supreme Court decisions that favor conservative values are more likely to come from individuals who prefer Democratic candidates.": {"hypothesis": "**Criticism of the Supreme Court decisions favoring conservatives is more likely to be associated with Democratic voters**: Tweets that express frustration or criticism towards Supreme Court decisions that favor conservative values are more likely to come from individuals who prefer Democratic candidates.", "acc": 0.23076923076923078, "num_visits": 26, "reward": 0.44231028766248415, "correct_examples": [[54, "likely democratic voter"], [56, "likely republican voter"], [59, "likely democratic voter"], [67, "likely third-party/abstain voter"], [70, "likely republican voter"], [80, "likely democratic voter"]]}, "**Criticism of the two-party system is associated with a Democratic voting preference**: Tweets that express frustration with the two-party system and advocate for third-party alternatives are more likely to come from individuals with a Democratic voting preference. In contrast, tweets that do not criticize the two-party system or instead express support for one of the major parties are more likely to come from individuals with a Republican voting preference.": {"hypothesis": "**Criticism of the two-party system is associated with a Democratic voting preference**: Tweets that express frustration with the two-party system and advocate for third-party alternatives are more likely to come from individuals with a Democratic voting preference. In contrast, tweets that do not criticize the two-party system or instead express support for one of the major parties are more likely to come from individuals with a Republican voting preference.", "acc": 0.3225806451612903, "num_visits": 31, "reward": 0.5172781020633577, "correct_examples": [[69, "likely republican voter"], [72, "likely democratic voter"], [82, "likely democratic voter"], [85, "likely democratic voter"], [86, "likely republican voter"], [90, "likely republican voter"], [104, "likely democratic voter"], [105, "likely democratic voter"], [108, "likely democratic voter"], [109, "likely democratic voter"]]}, "**Criticism of the two-party system is associated with a Democratic voting preference**: Individuals who express frustration with the two-party system and advocate for third-party alternatives are more likely to vote Democratic.": {"hypothesis": "**Criticism of the two-party system is associated with a Democratic voting preference**: Individuals who express frustration with the two-party system and advocate for third-party alternatives are more likely to vote Democratic.", "acc": 0.35294117647058826, "num_visits": 68, "reward": 0.4843990701682027, "correct_examples": [[32, "likely democratic voter"], [35, "likely democratic voter"], [41, "likely republican voter"], [42, "likely democratic voter"], [43, "likely democratic voter"], [49, "likely republican voter"], [52, "likely democratic voter"], [54, "likely democratic voter"], [55, "likely democratic voter"], [56, "likely republican voter"], [58, "likely republican voter"], [59, "likely democratic voter"], [60, "likely democratic voter"], [61, "likely democratic voter"], [72, "likely democratic voter"], [76, "likely democratic voter"], [80, "likely democratic voter"], [82, "likely democratic voter"], [85, "likely democratic voter"], [90, "likely republican voter"], [105, "likely democratic voter"], [106, "likely democratic voter"], [108, "likely democratic voter"], [109, "likely democratic voter"]]}, "**Criticism of both major parties is more likely to be associated with a third-party/abstain voter, while criticism of one major party is more likely to be associated with a voter from the opposing major party.**\n\nThis hypothesis is based on the observation that tweets from third-party/abstain voters often express dissatisfaction with both major parties, while tweets from major party voters tend to criticize the opposing party.": {"hypothesis": "**Criticism of both major parties is more likely to be associated with a third-party/abstain voter, while criticism of one major party is more likely to be associated with a voter from the opposing major party.**\n\nThis hypothesis is based on the observation that tweets from third-party/abstain voters often express dissatisfaction with both major parties, while tweets from major party voters tend to criticize the opposing party.", "acc": 0.2978723404255319, "num_visits": 47, "reward": 0.4559943032807713, "correct_examples": [[45, "likely third-party/abstain voter"], [47, "likely third-party/abstain voter"], [48, "likely democratic voter"], [53, "likely third-party/abstain voter"], [54, "likely democratic voter"], [58, "likely republican voter"], [59, "likely democratic voter"], [61, "likely democratic voter"], [70, "likely republican voter"], [76, "likely democratic voter"], [80, "likely democratic voter"], [82, "likely democratic voter"], [105, "likely democratic voter"], [106, "likely democratic voter"]]}, "**Tweets that mention the need for change or breaking away from the two-party system are more likely to be associated with a third-party/abstain voter, while tweets that mention the importance of using one's voice or making a difference are more likely to be associated with a major party voter.**\n\nThis hypothesis is based on the observation that third-party/abstain voters often mention the need for change or breaking away from the two-party system, while major party voters tend to emphasize the importance of using one's voice or making a difference.": {"hypothesis": "**Tweets that mention the need for change or breaking away from the two-party system are more likely to be associated with a third-party/abstain voter, while tweets that mention the importance of using one's voice or making a difference are more likely to be associated with a major party voter.**\n\nThis hypothesis is based on the observation that third-party/abstain voters often mention the need for change or breaking away from the two-party system, while major party voters tend to emphasize the importance of using one's voice or making a difference.", "acc": 0.22727272727272727, "num_visits": 22, "reward": 0.4454692281098695, "correct_examples": [[45, "likely third-party/abstain voter"], [47, "likely third-party/abstain voter"], [49, "likely republican voter"], [58, "likely republican voter"], [61, "likely democratic voter"]]}, "**Tone towards mainstream parties**: Individuals who express frustration or criticism towards mainstream political parties (e.g., \"I'm not a fan of either major party\") are more likely to vote for third-party or Democratic candidates, whereas those who express support or enthusiasm for mainstream parties are more likely to vote for Republican candidates.": {"hypothesis": "**Tone towards mainstream parties**: Individuals who express frustration or criticism towards mainstream political parties (e.g., \"I'm not a fan of either major party\") are more likely to vote for third-party or Democratic candidates, whereas those who express support or enthusiasm for mainstream parties are more likely to vote for Republican candidates.", "acc": 0.1, "num_visits": 10, "reward": 0.4393070212207556, "correct_examples": [[99, "likely republican voter"]]}}