{"**Criticism of the two-party system is associated with a Democratic voting preference**: Individuals who express frustration or dissatisfaction with the two-party system in their tweets are more likely to have a Democratic voting preference.": {"hypothesis": "**Criticism of the two-party system is associated with a Democratic voting preference**: Individuals who express frustration or dissatisfaction with the two-party system in their tweets are more likely to have a Democratic voting preference.", "acc": 0.36363636363636365, "num_visits": 22, "reward": 0.6022553851600301, "correct_examples": [[129, "likely democratic voter"], [130, "likely democratic voter"], [125, "likely democratic voter"], [139, "likely democratic voter"], [140, "likely democratic voter"], [141, "likely democratic voter"], [143, "likely democratic voter"], [147, "likely democratic voter"]]}, "**Criticism of the two-party system is more likely to be associated with Republican voting preference**: Individuals who express frustration with the two-party system and advocate for third-party alternatives are more likely to lean towards Republican voting preference.": {"hypothesis": "**Criticism of the two-party system is more likely to be associated with Republican voting preference**: Individuals who express frustration with the two-party system and advocate for third-party alternatives are more likely to lean towards Republican voting preference.", "acc": 0.47692307692307695, "num_visits": 130, "reward": 0.5750853767332956, "correct_examples": [[22, "likely republican voter"], [23, "likely republican voter"], [26, "likely republican voter"], [27, "likely republican voter"], [28, "likely republican voter"], [29, "likely republican voter"], [31, "likely democratic voter"], [34, "likely republican voter"], [36, "likely republican voter"], [37, "likely republican voter"], [39, "likely republican voter"], [40, "likely republican voter"], [41, "likely republican voter"], [44, "likely republican voter"], [46, "likely republican voter"], [47, "likely third-party/abstain voter"], [49, "likely republican voter"], [51, "likely republican voter"], [54, "likely democratic voter"], [58, "likely republican voter"], [59, "likely democratic voter"], [61, "likely democratic voter"], [62, "likely republican voter"], [67, "likely third-party/abstain voter"], [68, "likely republican voter"], [72, "likely democratic voter"], [73, "likely republican voter"], [74, "likely republican voter"], [76, "likely democratic voter"], [78, "likely republican voter"], [80, "likely democratic voter"], [82, "likely democratic voter"], [88, "likely republican voter"], [90, "likely republican voter"], [91, "likely republican voter"], [92, "likely republican voter"], [93, "likely republican voter"], [95, "likely republican voter"], [100, "likely democratic voter"], [101, "likely republican voter"], [103, "likely republican voter"], [105, "likely democratic voter"], [106, "likely democratic voter"], [107, "likely republican voter"], [113, "likely republican voter"], [117, "likely republican voter"], [118, "likely republican voter"], [119, "likely republican voter"], [120, "likely republican voter"], [121, "likely republican voter"], [127, "likely republican voter"], [132, "likely republican voter"], [133, "likely republican voter"], [134, "likely democratic voter"], [135, "likely republican voter"], [140, "likely democratic voter"], [141, "likely democratic voter"], [142, "likely republican voter"], [145, "likely republican voter"], [146, "likely republican voter"], [147, "likely democratic voter"], [148, "likely republican voter"]]}, "**Language used to describe opponents**: Tweets that use strong language to describe opponents (e.g., \"I can't stand the advocacy for libertarian policies\") are more likely to be from a Republican voter, while tweets that use more measured language to describe opponents (e.g., \"I disagree with the other side\") are more likely to be from a Democratic voter.": {"hypothesis": "**Language used to describe opponents**: Tweets that use strong language to describe opponents (e.g., \"I can't stand the advocacy for libertarian policies\") are more likely to be from a Republican voter, while tweets that use more measured language to describe opponents (e.g., \"I disagree with the other side\") are more likely to be from a Democratic voter.", "acc": 0.3802816901408451, "num_visits": 71, "reward": 0.5131089539892949, "correct_examples": [[78, "likely republican voter"], [79, "likely republican voter"], [81, "likely republican voter"], [83, "likely republican voter"], [84, "likely republican voter"], [87, "likely republican voter"], [88, "likely republican voter"], [89, "likely democratic voter"], [90, "likely republican voter"], [93, "likely republican voter"], [95, "likely republican voter"], [99, "likely republican voter"], [100, "likely democratic voter"], [105, "likely democratic voter"], [106, "likely democratic voter"], [114, "likely republican voter"], [115, "likely third-party/abstain voter"], [119, "likely republican voter"], [121, "likely republican voter"], [127, "likely republican voter"], [132, "likely republican voter"], [134, "likely democratic voter"], [140, "likely democratic voter"], [141, "likely democratic voter"], [144, "likely republican voter"], [146, "likely republican voter"], [147, "likely democratic voter"]]}, "**Advocacy for third-party alternatives is more likely to be associated with Democratic voters**: Tweets that express support for third-party candidates or alternatives to the two-party system are more likely to come from individuals who prefer Democratic candidates.": {"hypothesis": "**Advocacy for third-party alternatives is more likely to be associated with Democratic voters**: Tweets that express support for third-party candidates or alternatives to the two-party system are more likely to come from individuals who prefer Democratic candidates.", "acc": 0.40425531914893614, "num_visits": 94, "reward": 0.5196942973888032, "correct_examples": [[54, "likely democratic voter"], [55, "likely democratic voter"], [59, "likely democratic voter"], [60, "likely democratic voter"], [62, "likely republican voter"], [70, "likely republican voter"], [72, "likely democratic voter"], [76, "likely democratic voter"], [80, "likely democratic voter"], [82, "likely democratic voter"], [85, "likely democratic voter"], [89, "likely democratic voter"], [90, "likely republican voter"], [97, "likely democratic voter"], [98, "likely democratic voter"], [100, "likely democratic voter"], [104, "likely democratic voter"], [105, "likely democratic voter"], [106, "likely democratic voter"], [108, "likely democratic voter"], [109, "likely democratic voter"], [112, "likely democratic voter"], [115, "likely third-party/abstain voter"], [117, "likely republican voter"], [121, "likely republican voter"], [123, "likely democratic voter"], [125, "likely democratic voter"], [127, "likely republican voter"], [129, "likely democratic voter"], [132, "likely republican voter"], [134, "likely democratic voter"], [137, "likely democratic voter"], [138, "likely democratic voter"], [139, "likely democratic voter"], [140, "likely democratic voter"], [141, "likely democratic voter"], [142, "likely republican voter"], [147, "likely democratic voter"]]}, "**Criticism of the two-party system is associated with a Democratic voting preference**: Tweets that express frustration with the two-party system and advocate for third-party alternatives are more likely to come from individuals with a Democratic voting preference. In contrast, tweets that do not criticize the two-party system or instead express support for one of the major parties are more likely to come from individuals with a Republican voting preference.": {"hypothesis": "**Criticism of the two-party system is associated with a Democratic voting preference**: Tweets that express frustration with the two-party system and advocate for third-party alternatives are more likely to come from individuals with a Democratic voting preference. In contrast, tweets that do not criticize the two-party system or instead express support for one of the major parties are more likely to come from individuals with a Republican voting preference.", "acc": 0.35294117647058826, "num_visits": 68, "reward": 0.48866683096198715, "correct_examples": [[69, "likely republican voter"], [72, "likely democratic voter"], [82, "likely democratic voter"], [85, "likely democratic voter"], [86, "likely republican voter"], [90, "likely republican voter"], [104, "likely democratic voter"], [105, "likely democratic voter"], [108, "likely democratic voter"], [109, "likely democratic voter"], [112, "likely democratic voter"], [117, "likely republican voter"], [121, "likely republican voter"], [129, "likely democratic voter"], [130, "likely democratic voter"], [131, "likely republican voter"], [132, "likely republican voter"], [134, "likely democratic voter"], [137, "likely democratic voter"], [140, "likely democratic voter"], [141, "likely democratic voter"], [142, "likely republican voter"], [143, "likely democratic voter"], [147, "likely democratic voter"]]}, "**Criticism of the two-party system is associated with a Democratic voting preference**: Individuals who express frustration with the two-party system and advocate for third-party alternatives are more likely to vote Democratic.": {"hypothesis": "**Criticism of the two-party system is associated with a Democratic voting preference**: Individuals who express frustration with the two-party system and advocate for third-party alternatives are more likely to vote Democratic.", "acc": 0.37962962962962976, "num_visits": 108, "reward": 0.48732685712601426, "correct_examples": [[32, "likely democratic voter"], [35, "likely democratic voter"], [41, "likely republican voter"], [42, "likely democratic voter"], [43, "likely democratic voter"], [49, "likely republican voter"], [52, "likely democratic voter"], [54, "likely democratic voter"], [55, "likely democratic voter"], [56, "likely republican voter"], [58, "likely republican voter"], [59, "likely democratic voter"], [60, "likely democratic voter"], [61, "likely democratic voter"], [72, "likely democratic voter"], [76, "likely democratic voter"], [80, "likely democratic voter"], [82, "likely democratic voter"], [85, "likely democratic voter"], [90, "likely republican voter"], [105, "likely democratic voter"], [106, "likely democratic voter"], [108, "likely democratic voter"], [109, "likely democratic voter"], [112, "likely democratic voter"], [117, "likely republican voter"], [121, "likely republican voter"], [123, "likely democratic voter"], [125, "likely democratic voter"], [129, "likely democratic voter"], [131, "likely republican voter"], [132, "likely republican voter"], [134, "likely democratic voter"], [137, "likely democratic voter"], [138, "likely democratic voter"], [139, "likely democratic voter"], [140, "likely democratic voter"], [141, "likely democratic voter"], [142, "likely republican voter"], [143, "likely democratic voter"], [147, "likely democratic voter"]]}, "**Tone of frustration vs. enthusiasm is a predictor of voting preference**: Tweets with a tone of frustration and disillusionment with the current state of politics are more likely to be associated with Republican voting preference, whereas tweets with a tone of enthusiasm and optimism are more likely to be associated with Democratic voting preference.": {"hypothesis": "**Tone of frustration vs. enthusiasm is a predictor of voting preference**: Tweets with a tone of frustration and disillusionment with the current state of politics are more likely to be associated with Republican voting preference, whereas tweets with a tone of enthusiasm and optimism are more likely to be associated with Democratic voting preference.", "acc": 0.3392857142857143, "num_visits": 112, "reward": 0.4450422922440846, "correct_examples": [[22, "likely republican voter"], [27, "likely republican voter"], [31, "likely democratic voter"], [36, "likely republican voter"], [38, "likely republican voter"], [39, "likely republican voter"], [40, "likely republican voter"], [47, "likely third-party/abstain voter"], [48, "likely democratic voter"], [49, "likely republican voter"], [50, "likely republican voter"], [53, "likely third-party/abstain voter"], [58, "likely republican voter"], [59, "likely democratic voter"], [61, "likely democratic voter"], [62, "likely republican voter"], [63, "likely republican voter"], [75, "likely republican voter"], [76, "likely democratic voter"], [82, "likely democratic voter"], [98, "likely democratic voter"], [99, "likely republican voter"], [100, "likely democratic voter"], [102, "likely republican voter"], [105, "likely democratic voter"], [106, "likely democratic voter"], [117, "likely republican voter"], [118, "likely republican voter"], [121, "likely republican voter"], [127, "likely republican voter"], [128, "likely republican voter"], [132, "likely republican voter"], [134, "likely democratic voter"], [135, "likely republican voter"], [136, "likely republican voter"], [140, "likely democratic voter"], [141, "likely democratic voter"], [142, "likely republican voter"]]}, "**Criticism of the two-party system is associated with a Democratic voting preference**: Tweets that express frustration with the current two-party system or advocate for third-party alternatives are more likely to come from individuals with a Democratic voting preference.": {"hypothesis": "**Criticism of the two-party system is associated with a Democratic voting preference**: Tweets that express frustration with the current two-party system or advocate for third-party alternatives are more likely to come from individuals with a Democratic voting preference.", "acc": 0.38, "num_visits": 100, "reward": 0.49192224191482514, "correct_examples": [[11, "likely republican voter"], [15, "likely democratic voter"], [17, "likely democratic voter"], [18, "likely democratic voter"], [19, "likely democratic voter"], [21, "likely democratic voter"], [24, "likely democratic voter"], [29, "likely republican voter"], [31, "likely democratic voter"], [32, "likely democratic voter"], [36, "likely republican voter"], [39, "likely republican voter"], [40, "likely republican voter"], [41, "likely republican voter"], [42, "likely democratic voter"], [43, "likely democratic voter"], [52, "likely democratic voter"], [54, "likely democratic voter"], [55, "likely democratic voter"], [59, "likely democratic voter"], [60, "likely democratic voter"], [61, "likely democratic voter"], [76, "likely democratic voter"], [100, "likely democratic voter"], [117, "likely republican voter"], [130, "likely democratic voter"], [131, "likely republican voter"], [132, "likely republican voter"], [134, "likely democratic voter"], [137, "likely democratic voter"], [138, "likely democratic voter"], [139, "likely democratic voter"], [140, "likely democratic voter"], [141, "likely democratic voter"], [142, "likely republican voter"], [143, "likely democratic voter"], [146, "likely republican voter"], [147, "likely democratic voter"]]}, "**Tweets that use language that is more absolute or extreme (e.g. \"can't stand\", \"strongly support\") are more likely to be associated with a republican voter, while tweets that use more moderate language are more likely to be associated with a democratic voter.**\n\nThis hypothesis is based on the observation that republican voters tend to use more absolute or extreme language, while democratic voters tend to use more moderate language.": {"hypothesis": "**Tweets that use language that is more absolute or extreme (e.g. \"can't stand\", \"strongly support\") are more likely to be associated with a republican voter, while tweets that use more moderate language are more likely to be associated with a democratic voter.**\n\nThis hypothesis is based on the observation that republican voters tend to use more absolute or extreme language, while democratic voters tend to use more moderate language.", "acc": 0.34375000000000006, "num_visits": 96, "reward": 0.45798015981652573, "correct_examples": [[45, "likely third-party/abstain voter"], [47, "likely third-party/abstain voter"], [49, "likely republican voter"], [51, "likely republican voter"], [56, "likely republican voter"], [58, "likely republican voter"], [64, "likely republican voter"], [65, "likely republican voter"], [67, "likely third-party/abstain voter"], [69, "likely republican voter"], [88, "likely republican voter"], [90, "likely republican voter"], [93, "likely republican voter"], [94, "likely republican voter"], [95, "likely republican voter"], [96, "likely republican voter"], [104, "likely democratic voter"], [105, "likely democratic voter"], [109, "likely democratic voter"], [111, "likely republican voter"], [112, "likely democratic voter"], [115, "likely third-party/abstain voter"], [116, "likely republican voter"], [117, "likely republican voter"], [121, "likely republican voter"], [130, "likely democratic voter"], [131, "likely republican voter"], [132, "likely republican voter"], [142, "likely republican voter"], [144, "likely republican voter"], [146, "likely republican voter"], [147, "likely democratic voter"], [149, "likely republican voter"]]}, "**Support for third-party candidates is not a strong indicator of voting preference**: Despite the intuition that supporting third-party candidates might be associated with a specific voting preference, the data suggests that this is not a reliable indicator, and individuals who support third-party candidates may have either Democratic or Republican voting preferences.": {"hypothesis": "**Support for third-party candidates is not a strong indicator of voting preference**: Despite the intuition that supporting third-party candidates might be associated with a specific voting preference, the data suggests that this is not a reliable indicator, and individuals who support third-party candidates may have either Democratic or Republican voting preferences.", "acc": 0.09090909090909091, "num_visits": 11, "reward": 0.42579285409249656, "correct_examples": [[125, "likely democratic voter"]]}, "**Support for universal healthcare is not a strong indicator of voting preference, but the context and framing of the support might be**: While support for universal healthcare is mentioned in both Democratic and Republican tweets, the context and framing of the support might be more telling. For example, support for universal healthcare framed as a conservative value might be more likely to come from Republican voters, while support for universal healthcare framed as a progressive value might be more likely to come from Democratic voters.": {"hypothesis": "**Support for universal healthcare is not a strong indicator of voting preference, but the context and framing of the support might be**: While support for universal healthcare is mentioned in both Democratic and Republican tweets, the context and framing of the support might be more telling. For example, support for universal healthcare framed as a conservative value might be more likely to come from Republican voters, while support for universal healthcare framed as a progressive value might be more likely to come from Democratic voters.", "acc": 0.22580645161290322, "num_visits": 31, "reward": 0.42543599607224114, "correct_examples": [[54, "likely democratic voter"], [56, "likely republican voter"], [59, "likely democratic voter"], [67, "likely third-party/abstain voter"], [70, "likely republican voter"], [132, "likely republican voter"], [134, "likely democratic voter"]]}, "**Criticism of mainstream parties is associated with Democratic voting preference**: People who express criticism of mainstream political parties in their tweets are more likely to have a Democratic voting preference, while those who do not criticize mainstream parties or express support for them are more likely to have a Republican voting preference.": {"hypothesis": "**Criticism of mainstream parties is associated with Democratic voting preference**: People who express criticism of mainstream political parties in their tweets are more likely to have a Democratic voting preference, while those who do not criticize mainstream parties or express support for them are more likely to have a Republican voting preference.", "acc": 0.29411764705882354, "num_visits": 34, "reward": 0.48606270840252463, "correct_examples": [[104, "likely democratic voter"], [109, "likely democratic voter"], [112, "likely democratic voter"], [117, "likely republican voter"], [121, "likely republican voter"], [140, "likely democratic voter"], [141, "likely democratic voter"], [142, "likely republican voter"], [143, "likely democratic voter"], [147, "likely democratic voter"]]}, "**Tweets that express frustration with the current state of politics are more likely to be associated with a third-party/abstain voter, while tweets that express excitement or enthusiasm for a particular candidate or party are more likely to be associated with a major party voter.**\n\nThis hypothesis is based on the observation that third-party/abstain voters often express frustration with the current state of politics, while major party voters tend to express enthusiasm for their preferred candidate or party.": {"hypothesis": "**Tweets that express frustration with the current state of politics are more likely to be associated with a third-party/abstain voter, while tweets that express excitement or enthusiasm for a particular candidate or party are more likely to be associated with a major party voter.**\n\nThis hypothesis is based on the observation that third-party/abstain voters often express frustration with the current state of politics, while major party voters tend to express enthusiasm for their preferred candidate or party.", "acc": 0.2903225806451612, "num_visits": 62, "reward": 0.4312763262778756, "correct_examples": [[45, "likely third-party/abstain voter"], [47, "likely third-party/abstain voter"], [48, "likely democratic voter"], [49, "likely republican voter"], [53, "likely third-party/abstain voter"], [56, "likely republican voter"], [58, "likely republican voter"], [59, "likely democratic voter"], [61, "likely democratic voter"], [67, "likely third-party/abstain voter"], [70, "likely republican voter"], [76, "likely democratic voter"], [78, "likely republican voter"], [80, "likely democratic voter"], [82, "likely democratic voter"], [90, "likely republican voter"], [132, "likely republican voter"], [134, "likely democratic voter"]]}, "**Tone towards mainstream parties**: Tweets that express frustration or criticism towards mainstream parties (e.g., \"I'm not a fan of either major party\") are more likely to be from a Democratic voter, while tweets that express support for mainstream parties (e.g., \"I'm a strong supporter of those who champion conservative values\") are more likely to be from a Republican voter.": {"hypothesis": "**Tone towards mainstream parties**: Tweets that express frustration or criticism towards mainstream parties (e.g., \"I'm not a fan of either major party\") are more likely to be from a Democratic voter, while tweets that express support for mainstream parties (e.g., \"I'm a strong supporter of those who champion conservative values\") are more likely to be from a Republican voter.", "acc": 0.2708333333333333, "num_visits": 48, "reward": 0.43005563682582826, "correct_examples": [[78, "likely republican voter"], [79, "likely republican voter"], [80, "likely democratic voter"], [90, "likely republican voter"], [97, "likely democratic voter"], [99, "likely republican voter"], [100, "likely democratic voter"], [104, "likely democratic voter"], [105, "likely democratic voter"], [109, "likely democratic voter"], [112, "likely democratic voter"], [117, "likely republican voter"], [121, "likely republican voter"]]}, "**Criticism of both major parties is more likely to be associated with a third-party/abstain voter, while criticism of one major party is more likely to be associated with a voter from the opposing major party.**\n\nThis hypothesis is based on the observation that tweets from third-party/abstain voters often express dissatisfaction with both major parties, while tweets from major party voters tend to criticize the opposing party.": {"hypothesis": "**Criticism of both major parties is more likely to be associated with a third-party/abstain voter, while criticism of one major party is more likely to be associated with a voter from the opposing major party.**\n\nThis hypothesis is based on the observation that tweets from third-party/abstain voters often express dissatisfaction with both major parties, while tweets from major party voters tend to criticize the opposing party.", "acc": 0.27450980392156865, "num_visits": 51, "reward": 0.42909966805930344, "correct_examples": [[45, "likely third-party/abstain voter"], [47, "likely third-party/abstain voter"], [48, "likely democratic voter"], [53, "likely third-party/abstain voter"], [54, "likely democratic voter"], [58, "likely republican voter"], [59, "likely democratic voter"], [61, "likely democratic voter"], [70, "likely republican voter"], [76, "likely democratic voter"], [80, "likely democratic voter"], [82, "likely democratic voter"], [105, "likely democratic voter"], [106, "likely democratic voter"]]}, "**Frustration with the current state of politics is not a strong indicator of voting preference, but the tone and direction of the frustration might be**: While frustration with the current state of politics is a common theme across both Democratic and Republican voters, the tone and direction of the frustration might be more telling. For example, frustration directed towards conservative values or policies might be more likely to come from Democratic voters.": {"hypothesis": "**Frustration with the current state of politics is not a strong indicator of voting preference, but the tone and direction of the frustration might be**: While frustration with the current state of politics is a common theme across both Democratic and Republican voters, the tone and direction of the frustration might be more telling. For example, frustration directed towards conservative values or policies might be more likely to come from Democratic voters.", "acc": 0.22580645161290322, "num_visits": 31, "reward": 0.4242439351173246, "correct_examples": [[54, "likely democratic voter"], [59, "likely democratic voter"], [62, "likely republican voter"], [67, "likely third-party/abstain voter"], [76, "likely democratic voter"], [78, "likely republican voter"], [127, "likely republican voter"]]}, "**Criticism of the Supreme Court decisions favoring conservatives is more likely to be associated with Democratic voters**: Tweets that express frustration or criticism towards Supreme Court decisions that favor conservative values are more likely to come from individuals who prefer Democratic candidates.": {"hypothesis": "**Criticism of the Supreme Court decisions favoring conservatives is more likely to be associated with Democratic voters**: Tweets that express frustration or criticism towards Supreme Court decisions that favor conservative values are more likely to come from individuals who prefer Democratic candidates.", "acc": 0.21428571428571427, "num_visits": 28, "reward": 0.4230833333750571, "correct_examples": [[54, "likely democratic voter"], [56, "likely republican voter"], [59, "likely democratic voter"], [67, "likely third-party/abstain voter"], [70, "likely republican voter"], [80, "likely democratic voter"]]}, "**Tweets that express a sense of urgency or importance around a particular issue (e.g., \"it's critical that we all use our voices\") are more likely to be associated with a democratic voting preference, while tweets that express a sense of disillusionment or frustration are more likely to be associated with a republican or third-party/abstain voting preference.**\n\nThis hypothesis is based on the observation that tweets from users with a democratic voting preference tend to express a sense of urgency or importance around a particular issue, while tweets from users with a republican or third-party/abstain voting preference tend to express disillusionment or frustration.": {"hypothesis": "**Tweets that express a sense of urgency or importance around a particular issue (e.g., \"it's critical that we all use our voices\") are more likely to be associated with a democratic voting preference, while tweets that express a sense of disillusionment or frustration are more likely to be associated with a republican or third-party/abstain voting preference.**\n\nThis hypothesis is based on the observation that tweets from users with a democratic voting preference tend to express a sense of urgency or importance around a particular issue, while tweets from users with a republican or third-party/abstain voting preference tend to express disillusionment or frustration.", "acc": 0.09090909090909091, "num_visits": 11, "reward": 0.4227149996206102, "correct_examples": [[115, "likely third-party/abstain voter"]]}, "**Mention of specific policy issues (e.g., tax cuts, immigration reform, social justice initiatives) is more likely to be associated with a democratic voting preference, while criticism of these issues is more likely to be associated with a republican voting preference.**\n\nThis hypothesis is based on the observation that tweets from users with a democratic voting preference tend to mention specific policy issues in a positive light, while tweets from users with a republican voting preference tend to criticize these issues.": {"hypothesis": "**Mention of specific policy issues (e.g., tax cuts, immigration reform, social justice initiatives) is more likely to be associated with a democratic voting preference, while criticism of these issues is more likely to be associated with a republican voting preference.**\n\nThis hypothesis is based on the observation that tweets from users with a democratic voting preference tend to mention specific policy issues in a positive light, while tweets from users with a republican voting preference tend to criticize these issues.", "acc": 0.09090909090909091, "num_visits": 11, "reward": 0.4224441537384406, "correct_examples": [[115, "likely third-party/abstain voter"]]}, "**Tweets that mention the importance of \"representing the people\" or \"breaking away from the status quo\" are more likely to be associated with a third-party/abstain voting preference or a republican voting preference.**\n\nThis hypothesis is based on the observation that several tweets from users with a third-party/abstain or republican voting preference mention the importance of representing the people or breaking away from the status quo.": {"hypothesis": "**Tweets that mention the importance of \"representing the people\" or \"breaking away from the status quo\" are more likely to be associated with a third-party/abstain voting preference or a republican voting preference.**\n\nThis hypothesis is based on the observation that several tweets from users with a third-party/abstain or republican voting preference mention the importance of representing the people or breaking away from the status quo.", "acc": 0.09090909090909091, "num_visits": 11, "reward": 0.4224441537384406, "correct_examples": [[115, "likely third-party/abstain voter"]]}}