{"**Criticism of the two-party system is more likely to be associated with Republican voting preference**: Individuals who express frustration with the two-party system and advocate for third-party alternatives are more likely to lean towards Republican voting preference.": {"hypothesis": "**Criticism of the two-party system is more likely to be associated with Republican voting preference**: Individuals who express frustration with the two-party system and advocate for third-party alternatives are more likely to lean towards Republican voting preference.", "acc": 0.5, "num_visits": 60, "reward": 0.6351238110443203, "correct_examples": [[22, "likely republican voter"], [23, "likely republican voter"], [26, "likely republican voter"], [27, "likely republican voter"], [28, "likely republican voter"], [29, "likely republican voter"], [31, "likely democratic voter"], [34, "likely republican voter"], [36, "likely republican voter"], [37, "likely republican voter"], [39, "likely republican voter"], [40, "likely republican voter"], [41, "likely republican voter"], [44, "likely republican voter"], [46, "likely republican voter"], [47, "likely third-party/abstain voter"], [49, "likely republican voter"], [51, "likely republican voter"], [54, "likely democratic voter"], [58, "likely republican voter"], [59, "likely democratic voter"], [61, "likely democratic voter"], [62, "likely republican voter"], [67, "likely third-party/abstain voter"], [68, "likely republican voter"], [72, "likely democratic voter"], [73, "likely republican voter"], [74, "likely republican voter"], [76, "likely democratic voter"], [78, "likely republican voter"]]}, "**Mention of social justice initiatives is more likely to be associated with Democratic voters, while criticism of them is more likely to be associated with Republican voters**: Tweets that mention social justice initiatives in a positive light are more likely to come from Democratic voters, while tweets that criticize or express frustration towards social justice initiatives are more likely to come from Republican voters.": {"hypothesis": "**Mention of social justice initiatives is more likely to be associated with Democratic voters, while criticism of them is more likely to be associated with Republican voters**: Tweets that mention social justice initiatives in a positive light are more likely to come from Democratic voters, while tweets that criticize or express frustration towards social justice initiatives are more likely to come from Republican voters.", "acc": 0.375, "num_visits": 24, "reward": 0.5886495045111337, "correct_examples": [[64, "likely republican voter"], [54, "likely democratic voter"], [56, "likely republican voter"], [59, "likely democratic voter"], [62, "likely republican voter"], [67, "likely third-party/abstain voter"], [70, "likely republican voter"], [76, "likely democratic voter"], [78, "likely republican voter"]]}, "**Advocacy for third-party alternatives is more likely to be associated with Democratic voters**: Tweets that express support for third-party candidates or alternatives to the two-party system are more likely to come from individuals who prefer Democratic candidates.": {"hypothesis": "**Advocacy for third-party alternatives is more likely to be associated with Democratic voters**: Tweets that express support for third-party candidates or alternatives to the two-party system are more likely to come from individuals who prefer Democratic candidates.", "acc": 0.3333333333333333, "num_visits": 24, "reward": 0.546982837844467, "correct_examples": [[54, "likely democratic voter"], [55, "likely democratic voter"], [59, "likely democratic voter"], [60, "likely democratic voter"], [62, "likely republican voter"], [70, "likely republican voter"], [72, "likely democratic voter"], [76, "likely democratic voter"]]}, "**Tone of frustration vs. enthusiasm is a predictor of voting preference**: Tweets with a tone of frustration and disillusionment with the current state of politics are more likely to be associated with Republican voting preference, whereas tweets with a tone of enthusiasm and optimism are more likely to be associated with Democratic voting preference.": {"hypothesis": "**Tone of frustration vs. enthusiasm is a predictor of voting preference**: Tweets with a tone of frustration and disillusionment with the current state of politics are more likely to be associated with Republican voting preference, whereas tweets with a tone of enthusiasm and optimism are more likely to be associated with Democratic voting preference.", "acc": 0.3725490196078432, "num_visits": 51, "reward": 0.5191113705680731, "correct_examples": [[22, "likely republican voter"], [27, "likely republican voter"], [31, "likely democratic voter"], [36, "likely republican voter"], [38, "likely republican voter"], [39, "likely republican voter"], [40, "likely republican voter"], [47, "likely third-party/abstain voter"], [48, "likely democratic voter"], [49, "likely republican voter"], [50, "likely republican voter"], [53, "likely third-party/abstain voter"], [58, "likely republican voter"], [59, "likely democratic voter"], [61, "likely democratic voter"], [62, "likely republican voter"], [63, "likely republican voter"], [75, "likely republican voter"], [76, "likely democratic voter"]]}, "**Tweets that express frustration with the current state of politics are more likely to be associated with a third-party/abstain voter, while tweets that express excitement or enthusiasm for a particular candidate or party are more likely to be associated with a major party voter.**\n\nThis hypothesis is based on the observation that third-party/abstain voters often express frustration with the current state of politics, while major party voters tend to express enthusiasm for their preferred candidate or party.": {"hypothesis": "**Tweets that express frustration with the current state of politics are more likely to be associated with a third-party/abstain voter, while tweets that express excitement or enthusiasm for a particular candidate or party are more likely to be associated with a major party voter.**\n\nThis hypothesis is based on the observation that third-party/abstain voters often express frustration with the current state of politics, while major party voters tend to express enthusiasm for their preferred candidate or party.", "acc": 0.3611111111111111, "num_visits": 36, "reward": 0.5355552010613546, "correct_examples": [[45, "likely third-party/abstain voter"], [47, "likely third-party/abstain voter"], [48, "likely democratic voter"], [49, "likely republican voter"], [53, "likely third-party/abstain voter"], [56, "likely republican voter"], [58, "likely republican voter"], [59, "likely democratic voter"], [61, "likely democratic voter"], [67, "likely third-party/abstain voter"], [70, "likely republican voter"], [76, "likely democratic voter"], [78, "likely republican voter"]]}, "**Criticism of the two-party system is associated with a Democratic voting preference**: Individuals who express frustration with the two-party system and advocate for third-party alternatives are more likely to vote Democratic.": {"hypothesis": "**Criticism of the two-party system is associated with a Democratic voting preference**: Individuals who express frustration with the two-party system and advocate for third-party alternatives are more likely to vote Democratic.", "acc": 0.35555555555555557, "num_visits": 45, "reward": 0.5115830929162885, "correct_examples": [[32, "likely democratic voter"], [35, "likely democratic voter"], [41, "likely republican voter"], [42, "likely democratic voter"], [43, "likely democratic voter"], [49, "likely republican voter"], [52, "likely democratic voter"], [54, "likely democratic voter"], [55, "likely democratic voter"], [56, "likely republican voter"], [58, "likely republican voter"], [59, "likely democratic voter"], [60, "likely democratic voter"], [61, "likely democratic voter"], [72, "likely democratic voter"], [76, "likely democratic voter"]]}, "**Criticism of the two-party system is associated with a Democratic voting preference**: Tweets that express frustration with the two-party system and advocate for third-party alternatives are more likely to come from individuals with a Democratic voting preference. In contrast, tweets that do not criticize the two-party system or instead express support for one of the major parties are more likely to come from individuals with a Republican voting preference.": {"hypothesis": "**Criticism of the two-party system is associated with a Democratic voting preference**: Tweets that express frustration with the two-party system and advocate for third-party alternatives are more likely to come from individuals with a Democratic voting preference. In contrast, tweets that do not criticize the two-party system or instead express support for one of the major parties are more likely to come from individuals with a Republican voting preference.", "acc": 0.18181818181818182, "num_visits": 11, "reward": 0.4969461447326368, "correct_examples": [[69, "likely republican voter"], [72, "likely democratic voter"]]}, "**Criticism of both major parties is more likely to be associated with a third-party/abstain voter, while criticism of one major party is more likely to be associated with a voter from the opposing major party.**\n\nThis hypothesis is based on the observation that tweets from third-party/abstain voters often express dissatisfaction with both major parties, while tweets from major party voters tend to criticize the opposing party.": {"hypothesis": "**Criticism of both major parties is more likely to be associated with a third-party/abstain voter, while criticism of one major party is more likely to be associated with a voter from the opposing major party.**\n\nThis hypothesis is based on the observation that tweets from third-party/abstain voters often express dissatisfaction with both major parties, while tweets from major party voters tend to criticize the opposing party.", "acc": 0.3125, "num_visits": 32, "reward": 0.49752589841259975, "correct_examples": [[45, "likely third-party/abstain voter"], [47, "likely third-party/abstain voter"], [48, "likely democratic voter"], [53, "likely third-party/abstain voter"], [54, "likely democratic voter"], [58, "likely republican voter"], [59, "likely democratic voter"], [61, "likely democratic voter"], [70, "likely republican voter"], [76, "likely democratic voter"]]}, "**Frustration with the current state of politics is not a strong indicator of voting preference, but the tone and direction of the frustration might be**: While frustration with the current state of politics is a common theme across both Democratic and Republican voters, the tone and direction of the frustration might be more telling. For example, frustration directed towards conservative values or policies might be more likely to come from Democratic voters.": {"hypothesis": "**Frustration with the current state of politics is not a strong indicator of voting preference, but the tone and direction of the frustration might be**: While frustration with the current state of politics is a common theme across both Democratic and Republican voters, the tone and direction of the frustration might be more telling. For example, frustration directed towards conservative values or policies might be more likely to come from Democratic voters.", "acc": 0.3, "num_visits": 20, "reward": 0.5340413060410993, "correct_examples": [[54, "likely democratic voter"], [59, "likely democratic voter"], [62, "likely republican voter"], [67, "likely third-party/abstain voter"], [76, "likely democratic voter"], [78, "likely republican voter"]]}, "**Criticism of the two-party system is associated with a Democratic voting preference**: Tweets that express frustration with the current two-party system or advocate for third-party alternatives are more likely to come from individuals with a Democratic voting preference.": {"hypothesis": "**Criticism of the two-party system is associated with a Democratic voting preference**: Tweets that express frustration with the current two-party system or advocate for third-party alternatives are more likely to come from individuals with a Democratic voting preference.", "acc": 0.3709677419354839, "num_visits": 62, "reward": 0.5038942714041653, "correct_examples": [[11, "likely republican voter"], [15, "likely democratic voter"], [17, "likely democratic voter"], [18, "likely democratic voter"], [19, "likely democratic voter"], [21, "likely democratic voter"], [24, "likely democratic voter"], [29, "likely republican voter"], [31, "likely democratic voter"], [32, "likely democratic voter"], [36, "likely republican voter"], [39, "likely republican voter"], [40, "likely republican voter"], [41, "likely republican voter"], [42, "likely democratic voter"], [43, "likely democratic voter"], [52, "likely democratic voter"], [54, "likely democratic voter"], [55, "likely democratic voter"], [59, "likely democratic voter"], [60, "likely democratic voter"], [61, "likely democratic voter"], [76, "likely democratic voter"]]}, "**Support for universal healthcare is not a strong indicator of voting preference, but the context and framing of the support might be**: While support for universal healthcare is mentioned in both Democratic and Republican tweets, the context and framing of the support might be more telling. For example, support for universal healthcare framed as a conservative value might be more likely to come from Republican voters, while support for universal healthcare framed as a progressive value might be more likely to come from Democratic voters.": {"hypothesis": "**Support for universal healthcare is not a strong indicator of voting preference, but the context and framing of the support might be**: While support for universal healthcare is mentioned in both Democratic and Republican tweets, the context and framing of the support might be more telling. For example, support for universal healthcare framed as a conservative value might be more likely to come from Republican voters, while support for universal healthcare framed as a progressive value might be more likely to come from Democratic voters.", "acc": 0.25, "num_visits": 20, "reward": 0.4840413060410993, "correct_examples": [[54, "likely democratic voter"], [56, "likely republican voter"], [59, "likely democratic voter"], [67, "likely third-party/abstain voter"], [70, "likely republican voter"]]}, "**Criticism of the Supreme Court decisions favoring conservatives is more likely to be associated with Democratic voters**: Tweets that express frustration or criticism towards Supreme Court decisions that favor conservative values are more likely to come from individuals who prefer Democratic candidates.": {"hypothesis": "**Criticism of the Supreme Court decisions favoring conservatives is more likely to be associated with Democratic voters**: Tweets that express frustration or criticism towards Supreme Court decisions that favor conservative values are more likely to come from individuals who prefer Democratic candidates.", "acc": 0.2631578947368421, "num_visits": 19, "reward": 0.5018697156105059, "correct_examples": [[54, "likely democratic voter"], [56, "likely republican voter"], [59, "likely democratic voter"], [67, "likely third-party/abstain voter"], [70, "likely republican voter"]]}, "**Mention of specific policy issues is more likely to be associated with a democratic voter, while mention of general values or principles is more likely to be associated with a republican voter.**\n\nThis hypothesis is based on the observation that democratic voters tend to mention specific policy issues like universal healthcare, while republican voters tend to mention general values or principles like conservative values.": {"hypothesis": "**Mention of specific policy issues is more likely to be associated with a democratic voter, while mention of general values or principles is more likely to be associated with a republican voter.**\n\nThis hypothesis is based on the observation that democratic voters tend to mention specific policy issues like universal healthcare, while republican voters tend to mention general values or principles like conservative values.", "acc": 0.3125, "num_visits": 32, "reward": 0.4969906168576398, "correct_examples": [[45, "likely third-party/abstain voter"], [47, "likely third-party/abstain voter"], [49, "likely republican voter"], [50, "likely republican voter"], [54, "likely democratic voter"], [58, "likely republican voter"], [59, "likely democratic voter"], [61, "likely democratic voter"], [62, "likely republican voter"], [67, "likely third-party/abstain voter"]]}, "**Tweets that use language that is more absolute or extreme (e.g. \"can't stand\", \"strongly support\") are more likely to be associated with a republican voter, while tweets that use more moderate language are more likely to be associated with a democratic voter.**\n\nThis hypothesis is based on the observation that republican voters tend to use more absolute or extreme language, while democratic voters tend to use more moderate language.": {"hypothesis": "**Tweets that use language that is more absolute or extreme (e.g. \"can't stand\", \"strongly support\") are more likely to be associated with a republican voter, while tweets that use more moderate language are more likely to be associated with a democratic voter.**\n\nThis hypothesis is based on the observation that republican voters tend to use more absolute or extreme language, while democratic voters tend to use more moderate language.", "acc": 0.3125, "num_visits": 32, "reward": 0.49671720836618904, "correct_examples": [[45, "likely third-party/abstain voter"], [47, "likely third-party/abstain voter"], [49, "likely republican voter"], [51, "likely republican voter"], [56, "likely republican voter"], [58, "likely republican voter"], [64, "likely republican voter"], [65, "likely republican voter"], [67, "likely third-party/abstain voter"], [69, "likely republican voter"]]}, "**Tweets that mention the need for change or breaking away from the two-party system are more likely to be associated with a third-party/abstain voter, while tweets that mention the importance of using one's voice or making a difference are more likely to be associated with a major party voter.**\n\nThis hypothesis is based on the observation that third-party/abstain voters often mention the need for change or breaking away from the two-party system, while major party voters tend to emphasize the importance of using one's voice or making a difference.": {"hypothesis": "**Tweets that mention the need for change or breaking away from the two-party system are more likely to be associated with a third-party/abstain voter, while tweets that mention the importance of using one's voice or making a difference are more likely to be associated with a major party voter.**\n\nThis hypothesis is based on the observation that third-party/abstain voters often mention the need for change or breaking away from the two-party system, while major party voters tend to emphasize the importance of using one's voice or making a difference.", "acc": 0.22727272727272727, "num_visits": 22, "reward": 0.4454692281098695, "correct_examples": [[45, "likely third-party/abstain voter"], [47, "likely third-party/abstain voter"], [49, "likely republican voter"], [58, "likely republican voter"], [61, "likely democratic voter"]]}, "**Language of \"representation\" is associated with a Democratic voting preference**: Tweets that use language related to \"representation\" (e.g., \"candidates who truly represent the people\") are more likely to come from individuals with a Democratic voting preference. This language suggests a focus on ensuring that elected officials accurately represent the interests and values of their constituents, which is a key aspect of Democratic ideology.": {"hypothesis": "**Language of \"representation\" is associated with a Democratic voting preference**: Tweets that use language related to \"representation\" (e.g., \"candidates who truly represent the people\") are more likely to come from individuals with a Democratic voting preference. This language suggests a focus on ensuring that elected officials accurately represent the interests and values of their constituents, which is a key aspect of Democratic ideology.", "acc": 0.1, "num_visits": 10, "reward": 0.4300268484036409, "correct_examples": [[70, "likely republican voter"]]}, "**Uncertainty about voting is associated with a democratic voting preference**: Tweets that express uncertainty or indecision about voting are more likely to come from individuals who prefer democratic voting options.": {"hypothesis": "**Uncertainty about voting is associated with a democratic voting preference**: Tweets that express uncertainty or indecision about voting are more likely to come from individuals who prefer democratic voting options.", "acc": 0.3030303030303031, "num_visits": 66, "reward": 0.42900611152486157, "correct_examples": [[0, "likely third-party/abstain voter"], [2, "likely republican voter"], [4, "likely democratic voter"], [8, "likely republican voter"], [11, "likely republican voter"], [15, "likely democratic voter"], [17, "likely democratic voter"], [19, "likely democratic voter"], [29, "likely republican voter"], [31, "likely democratic voter"], [35, "likely democratic voter"], [36, "likely republican voter"], [39, "likely republican voter"], [40, "likely republican voter"], [41, "likely republican voter"], [47, "likely third-party/abstain voter"], [54, "likely democratic voter"], [56, "likely republican voter"], [58, "likely republican voter"], [61, "likely democratic voter"]]}, "**Endorsement of conservative values is associated with a Republican voting preference**: Individuals who explicitly express support for conservative values and criticize libertarian policies are more likely to vote Republican.": {"hypothesis": "**Endorsement of conservative values is associated with a Republican voting preference**: Individuals who explicitly express support for conservative values and criticize libertarian policies are more likely to vote Republican.", "acc": 0.17647058823529413, "num_visits": 17, "reward": 0.4186720128729982, "correct_examples": [[41, "likely republican voter"], [47, "likely third-party/abstain voter"], [49, "likely republican voter"]]}, "**Mention of specific policy issues is associated with a voting preference**: Tweets that mention specific policy issues, such as universal healthcare, Second Amendment rights, or immigration reform, can be used to infer a person's voting preference, with certain issues being more closely associated with Democratic or Republican values.\n\nThese hypotheses are designed to be clear, generalizable, empirically plausible, and usable for predicting voting preferences based on tweets.": {"hypothesis": "**Mention of specific policy issues is associated with a voting preference**: Tweets that mention specific policy issues, such as universal healthcare, Second Amendment rights, or immigration reform, can be used to infer a person's voting preference, with certain issues being more closely associated with Democratic or Republican values.\n\nThese hypotheses are designed to be clear, generalizable, empirically plausible, and usable for predicting voting preferences based on tweets.", "acc": 0.24324324324324328, "num_visits": 37, "reward": 0.4074156980254572, "correct_examples": [[15, "likely democratic voter"], [29, "likely republican voter"], [31, "likely democratic voter"], [36, "likely republican voter"], [39, "likely republican voter"], [40, "likely republican voter"], [41, "likely republican voter"], [45, "likely third-party/abstain voter"], [47, "likely third-party/abstain voter"]]}, "**Language of \"representation\" is more likely to be associated with Republican voting preference**: Individuals who use language emphasizing the importance of candidates \"truly representing the people\" are more likely to lean towards Republican voting preference, suggesting a desire for outsider or anti-establishment candidates.": {"hypothesis": "**Language of \"representation\" is more likely to be associated with Republican voting preference**: Individuals who use language emphasizing the importance of candidates \"truly representing the people\" are more likely to lean towards Republican voting preference, suggesting a desire for outsider or anti-establishment candidates.", "acc": 0.23529411764705882, "num_visits": 34, "reward": 0.4065563874214219, "correct_examples": [[29, "likely republican voter"], [31, "likely democratic voter"], [36, "likely republican voter"], [39, "likely republican voter"], [40, "likely republican voter"], [41, "likely republican voter"], [45, "likely third-party/abstain voter"], [47, "likely third-party/abstain voter"]]}}