{"**Criticism of the two-party system is associated with a Democratic voting preference**: Tweets that express frustration with the current two-party system or advocate for third-party alternatives are more likely to come from individuals with a Democratic voting preference.": {"hypothesis": "**Criticism of the two-party system is associated with a Democratic voting preference**: Tweets that express frustration with the current two-party system or advocate for third-party alternatives are more likely to come from individuals with a Democratic voting preference.", "acc": 0.5, "num_visits": 10, "reward": 0.7736664152555988, "correct_examples": [[11, "likely republican voter"], [15, "likely democratic voter"], [17, "likely democratic voter"], [18, "likely democratic voter"], [19, "likely democratic voter"]]}, "**Uncertainty about voting is associated with a democratic voting preference**: Tweets that express uncertainty or indecision about voting are more likely to come from individuals who prefer democratic voting options.": {"hypothesis": "**Uncertainty about voting is associated with a democratic voting preference**: Tweets that express uncertainty or indecision about voting are more likely to come from individuals who prefer democratic voting options.", "acc": 0.4, "num_visits": 20, "reward": 0.5935113780102474, "correct_examples": [[0, "likely third-party/abstain voter"], [2, "likely republican voter"], [4, "likely democratic voter"], [8, "likely republican voter"], [11, "likely republican voter"], [15, "likely democratic voter"], [17, "likely democratic voter"], [19, "likely democratic voter"]]}, "**Frustration with the current state of politics is not a strong indicator of voting preference**: Tweets that express frustration with the current state of politics or uncertainty about voting are not necessarily indicative of a specific voting preference, as they can be found in both Democratic and Republican voters.": {"hypothesis": "**Frustration with the current state of politics is not a strong indicator of voting preference**: Tweets that express frustration with the current state of politics or uncertainty about voting are not necessarily indicative of a specific voting preference, as they can be found in both Democratic and Republican voters.", "acc": 0.2, "num_visits": 10, "reward": 0.4736664152555987, "correct_examples": [[11, "likely republican voter"], [15, "likely democratic voter"]]}, "**Mention of social justice initiatives is associated with a Democratic voting preference, while criticism of them is associated with a Republican voting preference**: Tweets that mention social justice initiatives in a positive light are more likely to come from individuals with a Democratic voting preference, while tweets that criticize or express frustration with social justice initiatives are more likely to come from individuals with a Republican voting preference.": {"hypothesis": "**Mention of social justice initiatives is associated with a Democratic voting preference, while criticism of them is associated with a Republican voting preference**: Tweets that mention social justice initiatives in a positive light are more likely to come from individuals with a Democratic voting preference, while tweets that criticize or express frustration with social justice initiatives are more likely to come from individuals with a Republican voting preference.", "acc": 0.2, "num_visits": 10, "reward": 0.4736664152555987, "correct_examples": [[11, "likely republican voter"], [15, "likely democratic voter"]]}, "**Mention of conservative values is associated with a republican voting preference**: Tweets that explicitly mention conservative values or championing conservative values are more likely to come from individuals who prefer republican voting options.": {"hypothesis": "**Mention of conservative values is associated with a republican voting preference**: Tweets that explicitly mention conservative values or championing conservative values are more likely to come from individuals who prefer republican voting options.", "acc": 0.25, "num_visits": 20, "reward": 0.4435113780102475, "correct_examples": [[0, "likely third-party/abstain voter"], [2, "likely republican voter"], [8, "likely republican voter"], [9, "likely republican voter"], [15, "likely democratic voter"]]}, "**Mention of bipartisan support is associated with a democratic voting preference**: Tweets that express support for bipartisan efforts or celebrate bipartisan achievements are more likely to come from individuals who prefer democratic voting options.": {"hypothesis": "**Mention of bipartisan support is associated with a democratic voting preference**: Tweets that express support for bipartisan efforts or celebrate bipartisan achievements are more likely to come from individuals who prefer democratic voting options.", "acc": 0.25, "num_visits": 20, "reward": 0.4435113780102475, "correct_examples": [[0, "likely third-party/abstain voter"], [2, "likely republican voter"], [9, "likely republican voter"], [11, "likely republican voter"], [15, "likely democratic voter"]]}, "**Expression of frustration with government actions is associated with a non-republican voting preference**: Tweets that express frustration with government actions, such as government shutdowns, are more likely to come from individuals who prefer non-republican voting options.": {"hypothesis": "**Expression of frustration with government actions is associated with a non-republican voting preference**: Tweets that express frustration with government actions, such as government shutdowns, are more likely to come from individuals who prefer non-republican voting options.", "acc": 0.25, "num_visits": 20, "reward": 0.4435113780102475, "correct_examples": [[0, "likely third-party/abstain voter"], [2, "likely republican voter"], [8, "likely republican voter"], [11, "likely republican voter"], [15, "likely democratic voter"]]}, "**Support for third-party debate presence is associated with a third-party/abstain voting preference**: Tweets that express support for third-party debate presence or frustration with the lack of third-party representation are more likely to come from individuals who prefer third-party or abstain voting options.": {"hypothesis": "**Support for third-party debate presence is associated with a third-party/abstain voting preference**: Tweets that express support for third-party debate presence or frustration with the lack of third-party representation are more likely to come from individuals who prefer third-party or abstain voting options.", "acc": 0.25, "num_visits": 20, "reward": 0.4435113780102475, "correct_examples": [[0, "likely third-party/abstain voter"], [2, "likely republican voter"], [8, "likely republican voter"], [9, "likely republican voter"], [15, "likely democratic voter"]]}, "**Tone of frustration with the current state of politics is associated with a non-republican voting preference**: Tweets that express frustration with the current state of politics are more likely to come from individuals who prefer non-republican voting options.\n\nThese hypotheses are designed to be clear, generalizable, empirically plausible, and usable for predicting voting preferences based on tweets.": {"hypothesis": "**Tone of frustration with the current state of politics is associated with a non-republican voting preference**: Tweets that express frustration with the current state of politics are more likely to come from individuals who prefer non-republican voting options.\n\nThese hypotheses are designed to be clear, generalizable, empirically plausible, and usable for predicting voting preferences based on tweets.", "acc": 0.25, "num_visits": 20, "reward": 0.4435113780102475, "correct_examples": [[0, "likely third-party/abstain voter"], [2, "likely republican voter"], [8, "likely republican voter"], [11, "likely republican voter"], [15, "likely democratic voter"]]}, "**Criticism of universal healthcare is associated with a republican voting preference**: Tweets that criticize or express frustration with universal healthcare are more likely to come from individuals who prefer republican voting options.": {"hypothesis": "**Criticism of universal healthcare is associated with a republican voting preference**: Tweets that criticize or express frustration with universal healthcare are more likely to come from individuals who prefer republican voting options.", "acc": 0.25, "num_visits": 20, "reward": 0.4435113780102475, "correct_examples": [[0, "likely third-party/abstain voter"], [2, "likely republican voter"], [8, "likely republican voter"], [14, "likely republican voter"], [15, "likely democratic voter"]]}, "**Support for climate change initiatives is associated with a Democratic voting preference**: Tweets that express support for climate change initiatives or criticize the lack of action on climate change are more likely to come from individuals with a Democratic voting preference.": {"hypothesis": "**Support for climate change initiatives is associated with a Democratic voting preference**: Tweets that express support for climate change initiatives or criticize the lack of action on climate change are more likely to come from individuals with a Democratic voting preference.", "acc": 0.1, "num_visits": 10, "reward": 0.37366641525559874, "correct_examples": [[15, "likely democratic voter"]]}, "**Mention of specific policy issues is associated with a voting preference**: Tweets that mention specific policy issues, such as universal healthcare, Second Amendment rights, or immigration reform, can be used to infer a person's voting preference, with certain issues being more closely associated with Democratic or Republican values.\n\nThese hypotheses are designed to be clear, generalizable, empirically plausible, and usable for predicting voting preferences based on tweets.": {"hypothesis": "**Mention of specific policy issues is associated with a voting preference**: Tweets that mention specific policy issues, such as universal healthcare, Second Amendment rights, or immigration reform, can be used to infer a person's voting preference, with certain issues being more closely associated with Democratic or Republican values.\n\nThese hypotheses are designed to be clear, generalizable, empirically plausible, and usable for predicting voting preferences based on tweets.", "acc": 0.1, "num_visits": 10, "reward": 0.37366641525559874, "correct_examples": [[15, "likely democratic voter"]]}, "**Criticism of the two-party system is associated with a third-party/abstain voting preference**: Tweets that express frustration with the two-party system are more likely to come from individuals who prefer third-party or abstain voting options.": {"hypothesis": "**Criticism of the two-party system is associated with a third-party/abstain voting preference**: Tweets that express frustration with the two-party system are more likely to come from individuals who prefer third-party or abstain voting options.", "acc": 0.15, "num_visits": 20, "reward": 0.34351137801024745, "correct_examples": [[0, "likely third-party/abstain voter"], [2, "likely republican voter"], [11, "likely republican voter"]]}, "**Mention of Second Amendment rights is associated with a republican voting preference**: Tweets that mention or defend Second Amendment rights are more likely to come from individuals who prefer republican voting options.": {"hypothesis": "**Mention of Second Amendment rights is associated with a republican voting preference**: Tweets that mention or defend Second Amendment rights are more likely to come from individuals who prefer republican voting options.", "acc": 0.15, "num_visits": 20, "reward": 0.34351137801024745, "correct_examples": [[0, "likely third-party/abstain voter"], [2, "likely republican voter"], [15, "likely democratic voter"]]}, "**Expression of excitement about climate change policies is associated with a democratic voting preference**: Tweets that express excitement or support for climate change policies are more likely to come from individuals who prefer democratic voting options.": {"hypothesis": "**Expression of excitement about climate change policies is associated with a democratic voting preference**: Tweets that express excitement or support for climate change policies are more likely to come from individuals who prefer democratic voting options.", "acc": 0.15, "num_visits": 20, "reward": 0.34351137801024745, "correct_examples": [[0, "likely third-party/abstain voter"], [8, "likely republican voter"], [15, "likely democratic voter"]]}}