{"**Customers with a small bag (clutch or purse) tend to prefer shoes with a more elegant or sophisticated color like black, blue, or green.**": {"hypothesis": "", "acc": 0.0, "num_visits": 0, "reward": 0, "correct_examples": []}, "**Customers with a hat with a neutral color (e.g., black, gray) tend to prefer shoes with a similar color.**": {"hypothesis": "", "acc": 0.0, "num_visits": 0, "reward": 0, "correct_examples": []}, "**Tall customers (above 6 feet) tend to prefer black or dark-colored shoes to create a lengthening effect.**": {"hypothesis": "", "acc": 0.0, "num_visits": 0, "reward": 0, "correct_examples": []}, "**Older customers (above 50) tend to prefer more conservative and classic colors like black, brown, or white.**": {"hypothesis": "", "acc": 0.0, "num_visits": 0, "reward": 0, "correct_examples": []}, "**Men who wear a suit and tie are more likely to buy formal shoes in black, brown, or oxford blue.**": {"hypothesis": "", "acc": 0.0, "num_visits": 0, "reward": 0, "correct_examples": []}, "**Younger customers (under 25) are more likely to buy bold-colored shoes like orange or green.**": {"hypothesis": "", "acc": 0.0, "num_visits": 0, "reward": 0, "correct_examples": []}, "**Customers with a large bag (backpack or duffel bag) tend to prefer comfortable and practical shoes, often in neutral colors like black or blue.**": {"hypothesis": "", "acc": 0.0, "num_visits": 0, "reward": 0, "correct_examples": []}, "**Men who wear white or light-colored shirts are more likely to buy white or light-colored shoes.**": {"hypothesis": "", "acc": 0.0, "num_visits": 0, "reward": 0, "correct_examples": []}, "**Customers with a small frame (petite) tend to prefer shoes with a delicate or dainty color like white, pink, or baby blue.**": {"hypothesis": "", "acc": 0.0, "num_visits": 0, "reward": 0, "correct_examples": []}, "**Customers with a brightly colored shirt are more likely to buy shoes with a neutral color to balance their outfit.**": {"hypothesis": "", "acc": 0.0, "num_visits": 0, "reward": 0, "correct_examples": []}, "**Women who wear high heels are more likely to buy shoes with a bold or bright color to match their outfit.**": {"hypothesis": "", "acc": 0.0, "num_visits": 0, "reward": 0, "correct_examples": []}, "**Customers who wear sunglasses with brightly colored frames are more likely to buy shoes with a bold or bright color to match their accessory.**\n\nThese hypotheses can serve as a starting point for predicting the color of shoes a customer will buy based on their appearance. However, it's essential to test and refine these hypotheses with actual data to ensure their accuracy and effectiveness.": {"hypothesis": "", "acc": 0.0, "num_visits": 0, "reward": 0, "correct_examples": []}, "**Taller women (above 5'8\") tend to prefer shoes with a lower heel or flat shoes in a bold color.**": {"hypothesis": "", "acc": 0.0, "num_visits": 0, "reward": 0, "correct_examples": []}, "**Customers who wear athletic wear (e.g., yoga pants, sports jersey) are more likely to buy shoes with a sporty color like green or blue.**": {"hypothesis": "", "acc": 0.0, "num_visits": 0, "reward": 0, "correct_examples": []}, "**Customers who wear a scarf or bandana are more likely to buy shoes with a bold or bright color to match their accessory.**": {"hypothesis": "", "acc": 0.0, "num_visits": 0, "reward": 0, "correct_examples": []}, "**Customers wearing a hat with a bright color (e.g., red, orange) are more likely to buy shoes with a similar color.**": {"hypothesis": "", "acc": 0.0, "num_visits": 0, "reward": 0, "correct_examples": []}, "**Men who wear a leather jacket are more likely to buy shoes with a bold or edgy color like black, red, or orange.**": {"hypothesis": "", "acc": 0.0, "num_visits": 0, "reward": 0, "correct_examples": []}, "**Women are more likely to buy red or green shoes if they are wearing a dress or skirt.**": {"hypothesis": "", "acc": 0.0, "num_visits": 0, "reward": 0, "correct_examples": []}, "**Women who wear boots are more likely to buy shoes with a bold or bright color to match their boots.**": {"hypothesis": "", "acc": 0.0, "num_visits": 0, "reward": 0, "correct_examples": []}, "**Women who wear a flowy or bohemian outfit tend to prefer shoes with a natural or earthy color like brown, beige, or green.**": {"hypothesis": "", "acc": 0.0, "num_visits": 0, "reward": 0, "correct_examples": []}}